virus_name,serotype.x,genotype,accession_id,collection_date.x,continent,country,state,city,additional_loc,host,additional_location_information,gender,patient_age,patient_status,aa_substitutions,sequence_length,assignment,Yale_id,collection_date.y,country.y,percent_genome_sequenced,serotype.y,lineage,gen_bank_accession,addr,latitude,longitude
hDenV2/Colombia/un-NAMRU-6-FCC00999/2021,DENV2,III-Asian-American,EPI_ISL_12665303,2021-05-10,South America,Colombia,NA,NA,NA,Human,NA,unknown,unknown,unknown,"(NS5_I637A,NS5_Y247H,NS3_R549K,NS5_I135T,prM_M135I,NS3_R561K,NS5_R749K,NS5_E558K,C_K17R,E_N203D,NS3_I140V,NS3_K142R,NS1_T265A,NS4B_D156E,NS3_V567I,NS4A_D23N,NS5_G559R,NS4B_E24D,C_K9R,NS1_D281E,NS1_I212M,NS5_A196T,NS5_T811A,NS1_N222S,NS3_K28R,E_R120T,NS4B_V175I,prM_T162A,NS5_L670I,E_M6I,NS1_K172R,NS1_I264T,NS4B_F112L,NS2A_L153T,prM_M39I,NS5_K375R,NS5_S225T,NS2A_V109T,NS5_V156I,NS4A_R76K,E_V491A,NS1_V177A,C_N10S,NS2A_V174A,E_I484V,NS3_L115I,NS5_I836V,NS2B_L109V,NS4B_T20A,NS3_M13V,NS3_I333M,NS5_V628I,NS4B_A137T,NS1_L247F,NS2A_T104A,NS3_R248K,NS4A_I93V,NS5_R246K,NS5_S763T,NS2A_V5I,NS3_R187K,prM_M83T,NS5_K514R,NS3_A120T,E_K361R,E_T478S,NS5_S429G,E_I170T,NS4B_Q22E,NS5_A865T,NS5_E501G,C_M104V,NS2A_H2L,E_M340T,NS2A_M136I,NS2A_T189A,NS3_R186K,E_V324I,NS4B_A19T,E_I462V,NS5_I717V,E_V91I,E_V308I,prM_S15G,NS3_K61R,C_V112A,NS5_S523G,NS3_T399A,C_S101T)",10672,2III_D.2,NA,NA,NA,NA,NA,NA,NA,"Colombia,NA,NA",4.59808,-74.076044
hDenV2/Colombia/un-NAMRU-6-FCC00973/2021,DENV2,III-Asian-American,EPI_ISL_12665304,2021-04-09,South America,Colombia,NA,NA,NA,Human,NA,unknown,unknown,unknown,"(NS5_I637A,NS5_Y247H,NS3_R549K,NS5_I135T,prM_M135I,NS3_R561K,NS5_R749K,NS5_E558K,C_K17R,E_N203D,NS3_I140V,NS3_K142R,NS1_T265A,NS4B_D156E,NS3_V567I,NS4A_D23N,NS4B_E24D,C_K9R,NS1_D281E,NS1_I212M,NS5_A196T,NS5_T811A,NS1_N222S,NS3_K28R,E_R120T,NS4B_V175I,prM_T162A,NS5_L670I,E_M6I,NS1_K172R,NS1_I264T,NS4B_F112L,NS2A_L153T,prM_M39I,NS5_K375R,NS5_S225T,NS2A_V109T,NS5_V156I,NS4A_R76K,E_V491A,NS1_V177A,C_N10S,NS2A_V174A,E_I484V,NS3_L115I,NS5_I836V,NS2B_L109V,NS4B_T20A,NS3_M13V,NS3_I333M,NS5_V628I,NS4B_A137T,NS1_L247F,NS2A_T104A,NS3_R248K,NS4A_I93V,NS5_R246K,NS5_S763T,NS2A_V5I,prM_M83T,NS5_K514R,NS3_A120T,E_K361R,E_T478S,NS5_S429G,E_I170T,NS4B_Q22E,NS5_A865T,NS5_E501G,C_M104V,NS2A_H2L,E_M340T,NS2A_M136I,NS2A_T189A,NS3_R186K,E_V324I,NS4B_A19T,E_I462V,NS5_I717V,E_V91I,E_V308I,prM_S15G,NS5_M615I,NS3_K61R,C_V112A,NS5_S523G,NS3_T399A,C_S101T)",10672,2III_D.2,NA,NA,NA,NA,NA,NA,NA,"Colombia,NA,NA",4.59808,-74.076044
hDenV2/Colombia/un-NAMRU-6-FCC00974/2021,DENV2,III-Asian-American,EPI_ISL_12665305,2021-04-09,South America,Colombia,NA,NA,NA,Human,NA,unknown,unknown,unknown,"(NS5_I637A,NS5_Y247H,NS3_R549K,NS5_I135T,prM_M135I,NS3_R561K,NS5_R749K,NS5_E558K,C_K17R,E_N203D,NS3_I140V,NS3_K142R,NS1_T265A,NS4B_D156E,NS3_V567I,NS4A_D23N,NS4B_E24D,C_K9R,NS1_D281E,NS1_I212M,NS5_A196T,NS5_T811A,NS1_N222S,NS3_K28R,E_R120T,NS4B_V175I,prM_T162A,NS5_L670I,E_M6I,NS1_K172R,NS1_I264T,NS4B_F112L,NS2A_L153T,prM_M39I,NS5_K375R,NS5_S225T,NS2A_V109T,NS5_V156I,NS4A_R76K,E_V491A,NS1_V177A,C_N10S,NS2A_V174A,E_I484V,NS3_L115I,NS5_I836V,NS2B_L109V,NS4B_T20A,NS3_M13V,NS3_I333M,NS5_V628I,NS4B_A137T,NS1_L247F,NS2A_T104A,NS3_R248K,NS4A_I93V,NS5_R246K,NS5_S763T,NS2A_V5I,prM_M83T,NS5_K514R,NS3_A120T,E_K361R,E_T478S,NS5_S429G,E_I170T,NS4B_Q22E,NS5_A865T,NS5_E501G,C_M104V,NS2A_H2L,E_M340T,NS2A_M136I,NS2A_T189A,NS3_R186K,E_V324I,NS4B_A19T,E_I462V,NS5_I717V,E_V91I,E_V308I,prM_S15G,NS5_M615I,NS3_K61R,C_V112A,NS5_S523G,NS3_T399A,C_S101T)",10672,2III_D.2,NA,NA,NA,NA,NA,NA,NA,"Colombia,NA,NA",4.59808,-74.076044
hDenV2/Colombia/un-UNICORDOBA-34/2021,DENV2,III-Asian-American,EPI_ISL_17600403,2021-11-20,South America,Colombia,Cordoba,Monteria,NA,Human,NA,unknown,unknown,unknown,"(NS5_I637A,NS5_Y247H,NS3_R549K,NS5_I135T,prM_M135I,NS3_R561K,NS5_R749K,E_T359I,NS5_E558K,E_N203D,NS3_I140V,NS3_K142R,NS1_T265A,NS4B_P23S,NS4B_D156E,NS3_V567I,NS4A_D23N,C_K9R,NS1_D281E,NS1_I212M,NS5_A196T,NS5_T811A,NS1_N222S,NS3_K28R,E_R120T,NS4B_V175I,NS5_I271T,prM_T162A,NS5_L670I,E_M6I,NS1_K172R,NS1_I264T,NS2A_L153S,prM_M39I,NS5_K375R,NS5_S225T,NS2A_V109T,NS5_V156I,NS4A_R76K,NS1_E83D,E_V491A,C_N10S,E_I484V,NS3_L115I,NS5_I836V,NS2B_L109V,NS3_M13V,NS3_I333M,NS2A_Q162R,NS5_V628I,NS1_L247F,NS3_R248K,NS4A_I93V,NS5_R246K,NS5_S763T,NS2A_V5I,prM_M83T,NS5_K514R,NS5_K388E,NS3_A120T,E_T478S,NS5_T72I,NS5_I687V,E_I61J,NS5_S429G,NS1_I93T,NS4B_Q22E,NS5_A865T,NS5_E501G,NS1_K170R,NS2B_K87R,C_M104V,NS5_A648T,E_M340T,NS2A_M136I,NS2A_T189A,NS3_R186K,E_V324I,NS4B_A19T,NS2B_A57T,NS5_I717V,E_V308I,prM_S15G,NS3_K61R,C_V112A,NS2A_V41A,NS5_S523G,E_Q86Z,NS3_T399A,C_S101T)",10605,2III_D.2,NA,NA,NA,NA,NA,NA,NA,"Colombia,NA,NA",8.74798,-75.88143
hDenV2/Colombia/TOL-INS-479622/2016,DENV2,III-Asian-American,EPI_ISL_17783304,2016-05-15,South America,Colombia,Tolima,NA,NA,Human,NA,unknown,unknown,unknown,"(NS2A_N139S,NS5_I637A,NS5_Y247H,NS3_R549K,NS5_I135T,prM_M135I,NS5_E566K,NS3_R561K,NS5_R749K,E_N203D,NS3_I140V,NS3_K142R,NS5_A19T,NS1_T265A,NS4B_P23S,NS4B_D156E,NS3_V567I,NS4A_D23N,C_K9R,NS1_D281E,NS1_I212M,NS5_A196T,NS5_T811A,NS1_N222S,NS3_K28R,E_R120T,NS4B_V175I,prM_T162A,NS5_L670I,E_M6I,NS1_K172R,NS1_I264T,NS3_L115T,NS4B_F112L,NS2A_T115A,NS2A_L153S,prM_M39I,NS5_S225T,NS5_V156I,NS2A_V133I,NS4A_R76K,NS4A_R12K,E_V491A,C_N10S,NS2A_V174A,E_I484V,NS5_I836V,NS2B_L109V,NS4A_T59A,NS3_M13V,NS4B_R211K,NS3_I333M,NS5_V628I,NS1_L247F,NS2A_T104A,NS3_R248K,NS5_I5T,NS5_R246K,NS5_S763T,NS2A_V5I,prM_M83T,NS5_K437R,NS5_K514R,NS3_A120T,C_V26M,E_T478S,NS5_I687V,NS5_S429G,NS1_K174R,NS2A_V109A,NS4B_Q22E,NS5_A865T,NS5_E501G,C_M104V,E_M340T,NS2A_M136I,NS1_F178V,NS3_R186K,NS5_R649K,NS4B_A19T,NS5_I717V,prM_S15G,E_V308I,E_V91I,C_I106V,NS3_K61R,C_V112A,NS5_S523G,NS3_T399A,C_S101T)",10699,2III_D,NA,NA,NA,NA,NA,NA,NA,"Colombia,Tolima,NA",4.1076265,-75.7046506
hDenV2/Colombia/un-INS-480592/2016,DENV2,III-Asian-American,EPI_ISL_17783305,2016-05-29,South America,Colombia,NA,NA,NA,Human,NA,unknown,unknown,unknown,"(NS2A_N139S,NS5_I637A,NS5_Y247H,NS3_R549K,NS5_I135T,prM_M135I,E_E360G,NS5_E566K,NS3_R561K,NS5_R749K,E_N203D,NS3_I140V,NS3_K142R,NS5_A19T,NS1_T265A,NS4B_P23S,NS4B_D156E,NS3_V567I,NS4A_D23N,C_K9R,NS1_D281E,NS1_I212M,NS5_A196T,NS5_T811A,NS1_N222S,NS3_K28R,E_R120T,NS2A_T189S,NS4B_V175I,prM_T162A,NS5_L670I,E_M6I,NS1_K172R,NS1_I264T,NS3_L115T,NS4B_F112L,NS2A_T115A,NS2A_L153S,prM_M39I,NS5_S225T,NS5_V156I,NS4A_R76K,NS4A_R12K,E_V491A,C_N10S,NS2A_V174A,E_I484V,NS5_I836V,NS2B_L109V,NS4A_T59A,E_S331F,NS3_M13V,NS3_I333M,NS5_V628I,NS1_L247F,NS2A_T104A,NS3_R248K,NS5_I5T,NS5_R246K,NS5_S763T,NS2A_V5I,prM_M83T,NS5_K437R,NS5_K514R,NS5_R888G,NS3_A120T,C_V26M,E_T478S,NS5_I687V,NS5_S429G,NS1_K174R,NS2A_V109A,NS4B_Q22E,NS5_A865T,NS5_E501G,NS3_S158N,C_M104V,E_M340T,NS2A_M136I,NS1_F178V,NS3_R186K,NS5_R649K,E_V31G,NS4B_A19T,NS5_I717V,prM_S15G,E_V308I,E_V91I,C_I106V,NS3_K61R,C_V112A,NS5_S523G,NS4B_V48I,NS3_T399A,C_S101T)",10485,2III_D,NA,NA,NA,NA,NA,NA,NA,"Colombia,NA,NA",4.59808,-74.076044
hDenV2/Colombia/CAS-INS-484771/2016,DENV2,III-Asian-American,EPI_ISL_17783306,2016-08-16,South America,Colombia,Casanare,NA,NA,Human,NA,unknown,unknown,unknown,"(NS5_I637A,NS3_R549K,NS5_I135T,prM_M135I,NS3_R561K,NS5_R749K,E_T359I,NS5_E558K,E_N203D,NS3_I140V,NS3_K142R,NS1_T265A,NS4B_P23S,NS4B_D156E,NS3_V567I,NS4A_D23N,C_K9R,NS1_D281E,NS1_I212M,NS5_A196T,NS5_T811A,NS3_W69G,NS1_N222S,NS3_K28R,E_R120T,NS1_A248V,NS4B_V175I,prM_T162A,NS5_L670I,E_M6I,NS1_K172R,NS1_I264T,E_V21A,NS2A_L153S,prM_M39I,NS5_K375R,NS2A_V109T,NS5_V156I,NS4A_R76K,NS5_A642D,E_V491A,C_N10S,E_K310R,E_I484V,NS3_L115I,NS5_I836V,NS1_S304A,NS3_M13V,NS3_I333M,NS2A_Q162R,NS5_V628I,NS3_R107K,NS1_L247F,NS2A_T104A,NS3_R248K,NS5_N264S,NS4A_I93V,NS5_S763T,NS2A_V5I,prM_M83T,NS5_K514R,NS3_A120T,NS5_V130I,E_T478S,NS5_I687V,NS5_S429G,NS1_I93T,NS4B_Q22E,NS5_E501G,C_M104V,E_M340T,NS2A_M136I,NS2A_R138K,NS3_R186K,E_V324I,NS4B_A19T,E_I462V,NS5_I717V,E_V91I,E_V308I,prM_S15G,NS3_K61R,C_V112A,NS5_S523G,NS3_T399A,C_S101T)",10447,2III_D.2,NA,NA,NA,NA,NA,NA,NA,"Colombia,Casanare,NA",5.3187032,-72.4117723
hDenV2/Colombia/un-INS-484925/2016,DENV2,III-Asian-American,EPI_ISL_17783307,2016-07-14,South America,Colombia,NA,NA,NA,Human,NA,unknown,unknown,unknown,"(NS5_I637A,NS5_Y247H,NS3_R549K,NS5_I135T,prM_M135I,NS2A_A89T,NS3_R561K,NS5_R749K,E_T359I,NS5_E558K,E_N203D,E_V129I,NS3_I140V,NS3_K142R,NS1_T265A,NS4B_P23S,NS4B_D156E,E_T404N,NS3_V567I,NS4A_D23N,C_K9R,NS1_D281E,NS1_I212M,NS5_A196T,NS5_T811A,NS1_N222S,NS3_K28R,E_R120T,NS5_S225A,NS4B_V175I,NS5_I271T,prM_T162A,NS5_L670I,NS5_S269G,E_M6I,NS2A_T197S,NS1_K172R,NS1_I264T,NS5_P822S,NS2A_L153S,prM_M39I,NS5_K375R,NS2A_V109T,NS5_V156I,NS4A_R76K,E_V491A,NS1_V177A,C_N10S,E_I484V,NS3_L115I,NS5_I836V,NS2B_L109V,NS3_M13V,NS3_I333M,NS2A_Q162R,NS5_V628I,NS1_L247F,NS2A_T104A,NS3_R248K,NS4A_I93V,NS5_R246K,NS5_S763T,NS2A_V5I,prM_M83T,NS5_K514R,NS5_T805A,NS3_A120T,NS3_V351I,E_T478S,NS5_I687V,NS5_S429G,NS1_I93T,NS4B_Q22E,NS5_A865T,NS5_E501G,C_M104V,E_M340T,NS2A_M136I,NS3_P446T,NS2A_T189A,NS3_R186K,NS4B_A19T,E_I462V,NS5_I717V,E_V91I,E_V308I,prM_S15G,C_I106V,NS3_K61R,C_V112A,NS5_S523G,NS3_E439G,NS3_T399A,C_S101T)",10612,2III_D.2,NA,NA,NA,NA,NA,NA,NA,"Colombia,NA,NA",4.59808,-74.076044
hDenV2/Colombia/CAS-INS-484926/2016,DENV2,III-Asian-American,EPI_ISL_17783308,2016-07-22,South America,Colombia,Casanare,NA,NA,Human,NA,unknown,unknown,unknown,"(NS5_I637A,NS5_Y247H,NS3_R549K,NS5_I135T,prM_M135I,NS2A_A89T,NS3_R561K,NS5_R749K,E_T359I,NS5_E558K,E_N203D,E_V129I,NS3_I140V,NS3_K142R,NS1_T265A,NS4B_P23S,NS4B_D156E,E_T404N,NS3_V567I,NS4A_D23N,C_K9R,NS1_D281E,NS1_I212M,NS5_A196T,NS5_T811A,NS1_N222S,NS3_K28R,E_R120T,NS5_S225A,NS4B_V175I,NS5_I271T,prM_T162A,NS5_L670I,NS5_S269G,E_M6I,NS2A_T197S,NS1_K172R,NS1_I264T,NS5_P822S,NS4B_F112L,NS2A_L153S,prM_M39I,NS5_K375R,NS2A_V109T,NS5_V156I,NS4A_R76K,E_V491A,NS1_V177A,C_N10S,E_I484V,NS3_L115I,NS5_I836V,NS2B_L109V,NS3_M13V,NS3_I333M,NS2A_Q162R,NS5_V628I,NS1_L247F,NS2A_T104A,NS3_R248K,NS4A_I93V,NS5_R246K,NS5_S763T,NS2A_V5I,prM_M83T,NS5_K514R,NS3_A120T,NS3_V351I,E_T478S,NS5_I687V,NS5_S429G,NS1_I93T,NS4B_Q22E,NS5_A865T,NS5_E501G,C_M104V,E_M340T,NS2A_M136I,NS2A_T189A,NS3_R186K,NS4B_A19T,E_I462V,NS5_I717V,E_V91I,E_V308I,prM_S15G,C_I106V,NS3_K61R,C_V112A,NS5_S523G,NS3_E439G,NS3_T399A,C_S101T)",10622,2III_D.2,NA,NA,NA,NA,NA,NA,NA,"Colombia,Casanare,NA",5.3187032,-72.4117723
hDenV2/Colombia/un-INS-484927/2016,DENV2,III-Asian-American,EPI_ISL_17783309,2016-07-22,South America,Colombia,NA,NA,NA,Human,NA,unknown,unknown,unknown,"(NS5_I637A,NS5_Y247H,NS3_R549K,NS5_I135T,NS5_N227D,prM_M135I,NS2A_A89T,NS3_R561K,NS5_R749K,E_T359I,NS5_E558K,E_N203D,E_V129I,NS3_I140V,NS3_K142R,NS1_T265A,NS4B_P23S,NS4B_D156E,E_T404N,NS3_V567I,NS4A_D23N,C_K9R,NS1_D281E,NS1_I212M,NS5_A196T,NS5_T811A,NS1_N222S,NS3_K28R,E_R120T,NS4B_V175I,NS5_I271T,prM_T162A,NS5_L670I,NS5_S269G,NS5_S225G,E_M6I,NS1_K172R,NS1_I264T,NS5_P822S,NS4B_F112L,prM_M39I,NS5_K375R,NS2A_V109T,NS5_V156I,NS4A_R76K,E_V491A,NS1_V177A,C_N10S,E_I484V,NS3_L115I,NS5_I836V,NS3_M13V,NS3_I333M,NS5_V628I,NS1_L247F,NS2A_T104A,NS3_R248K,NS4A_I93V,NS5_R246K,NS5_S763T,NS2A_V5I,prM_M83T,NS5_K514R,NS3_A120T,NS3_V351I,E_T478S,NS5_G226V,NS5_I687V,NS5_S429G,NS1_I93T,NS4B_Q22E,NS5_A865T,NS5_E501G,C_M104V,E_M340T,NS2A_M136I,NS3_R186K,NS4B_A19T,E_I462V,NS5_I717V,E_V91I,E_V308I,prM_S15G,C_I106V,NS2A_M131T,NS3_K61R,C_V112A,NS5_S523G,NS3_T399A,C_S101T,E_L348S)",10423,2III_D.2,NA,NA,NA,NA,NA,NA,NA,"Colombia,NA,NA",4.59808,-74.076044
hDenV2/Colombia/un-INS-484928/2016,DENV2,III-Asian-American,EPI_ISL_17783310,2016-07-22,South America,Colombia,NA,NA,NA,Human,NA,unknown,unknown,unknown,"(NS5_I637A,NS5_Y247H,NS5_I135T,C_K73E,prM_M135I,NS2A_A89T,NS5_R749K,E_T359I,NS5_E558K,E_N203D,E_V129I,NS3_I140V,NS3_K142R,NS1_T265A,NS4B_P23S,NS4B_D156E,E_T404N,NS3_V567I,NS4A_D23N,NS1_D281E,NS1_I212M,NS5_A196T,NS5_T811A,NS1_N222S,NS3_K28R,E_R120T,NS5_S225A,NS4B_V175I,NS5_I271T,prM_T162A,NS5_L670I,NS5_S269G,E_M6I,NS2A_T197S,NS1_K172R,NS1_I264T,NS5_P822S,NS4B_F112L,NS2A_L153S,prM_M39I,NS5_K375R,NS2A_V109T,NS5_V156I,NS4A_R76K,E_V491A,NS1_V177A,E_I484V,NS3_L115I,NS5_I836V,NS2B_L109V,NS3_M13V,NS3_I333M,NS2A_Q162R,NS5_V628I,NS1_L247F,NS2A_T104A,NS3_R248K,NS4A_I93V,NS5_R246K,NS5_S763T,NS2A_V5I,prM_M83T,NS5_K514R,NS3_A120T,NS3_V351I,E_T478S,NS5_I687V,NS5_S429G,NS1_I93T,NS4B_Q22E,NS5_A865T,NS5_E501G,C_M104V,E_M340T,NS2A_M136I,NS2A_T189A,NS3_R186K,NS4B_A19T,E_I462V,NS5_I717V,C_M91I,E_V91I,E_V308I,prM_S15G,C_I106V,NS3_K61R,C_V112A,NS5_S523G,NS3_T399A,C_S101T)",10096,2III_D.2,NA,NA,NA,NA,NA,NA,NA,"Colombia,NA,NA",4.59808,-74.076044
hDenV2/Colombia/HUI-INS-484975/2016,DENV2,III-Asian-American,EPI_ISL_17783311,2016-08-18,South America,Colombia,Huila,NA,NA,Human,NA,unknown,unknown,unknown,"(NS2A_N139S,NS5_I637A,NS5_Y247H,NS3_R549K,NS5_I135T,prM_M135I,NS5_E566K,NS3_R561K,NS5_R749K,E_N203D,NS3_I140V,NS3_K142R,NS5_A19T,NS1_T265A,NS4B_P23S,NS4B_D156E,NS3_V567I,NS4A_D23N,C_K9R,NS1_D281E,NS1_I212M,NS5_A196T,NS1_N222S,NS3_K28R,E_R120T,NS4B_V175I,prM_T162A,NS5_L670I,E_M6I,NS1_K172R,NS1_I264T,NS3_L115T,NS4B_F112L,NS2A_T115A,NS2A_L153S,prM_M39I,NS5_S225T,NS5_V156I,NS2A_V133I,NS4A_R76K,NS4A_R12K,E_V491A,E_I484V,NS2B_L109V,NS4A_T59A,NS3_M13V,NS3_I333M,C_V26T,NS5_V628I,NS1_L247F,NS2A_T104A,NS3_R248K,NS5_I5T,NS5_R246K,NS2A_V5I,prM_M83T,NS5_K437R,NS5_K514R,NS3_A120T,E_T478S,NS5_I687V,NS5_S429G,NS1_K174R,NS2A_V109A,NS4B_Q22E,NS5_A865T,NS5_E501G,E_M340T,NS2A_M136I,NS1_F178V,NS3_R186K,NS5_R649K,NS4B_A19T,NS5_I717V,prM_S15G,E_V308I,E_V91I,C_F84L,NS3_K61R,C_V112A,NS5_S523G,NS3_T399A)",10696,2III_D,NA,NA,NA,NA,NA,NA,NA,"Colombia,Huila,NA",2.6310636,-75.1011791
hDenV2/Colombia/HUI-INS-484978/2016,DENV2,III-Asian-American,EPI_ISL_17783312,2016-08-23,South America,Colombia,Huila,NA,NA,Human,NA,unknown,unknown,unknown,"(NS5_Y247H,C_T62R,E_M6V,NS3_R561K,NS5_R749K,NS5_D771P,NS3_I140V,NS3_K142R,NS5_A19T,NS4B_P23S,C_K9R,NS5_T811A,E_R120T,NS2A_T189S,NS4B_V175I,NS5_L670I,NS5_H768R,NS4B_F112L,NS2A_T115A,NS5_V156I,NS5_A775G,NS4A_R76K,NS4A_R12K,C_N10S,NS5_I779P,E_I484V,NS5_I836V,NS5_A488V,NS3_M13V,C_V26T,NS5_V628I,NS1_L247F,NS5_N777Y,NS5_K437R,prM_M83T,E_T478S,NS5_S429G,NS2A_V109A,NS1_K174R,NS2B_Q64R,NS4B_Q22E,NS5_A865T,NS5_E501G,C_M104V,NS5_R770H,NS2A_M136I,NS3_R186K,NS4B_A19T,prM_S15G,C_I106V,NS5_L772F,NS3_T399A,C_S101T,NS2A_N139S,NS5_I637A,NS5_R773M,NS3_R549K,NS5_I135T,prM_M135I,NS5_E566K,NS5_A778G,E_N203D,NS1_T265A,NS4B_D156E,NS3_V567I,NS4A_D23N,NS5_A196T,NS1_I212M,NS1_D281E,NS1_N222S,NS3_K28R,prM_T162A,NS1_K172R,NS1_I264T,NS3_L115T,NS2A_L153S,prM_M39I,NS5_S225T,NS2A_V133I,E_V491A,NS2A_V174A,NS2B_L109V,NS4A_T59A,NS3_I333M,NS2B_E52A,NS2A_T104A,NS3_R248K,NS5_I5T,NS5_R246K,NS3_I442T,NS5_S763T,NS2A_V5I,NS5_K514R,NS3_A120T,NS5_I687V,NS5_A776V,NS5_C780G,E_M340T,NS1_F178V,NS5_R649K,NS5_I717V,E_V308I,E_V91I,NS3_K61R,C_V112A,NS5_S523G)",10513,2III_D,NA,NA,NA,NA,NA,NA,NA,"Colombia,Huila,NA",2.6310636,-75.1011791
hDenV2/Colombia/NSA-INS-484995/2016,DENV2,III-Asian-American,EPI_ISL_17783313,2016-08-18,South America,Colombia,Norte de Santander,NA,NA,Human,NA,unknown,unknown,unknown,"(C_A102V,NS5_I637A,NS3_R549K,NS5_I135T,NS5_N153S,NS3_R561K,NS5_R749K,E_T359I,NS5_E558K,E_N203D,NS3_I140V,NS3_K142R,NS1_T265A,NS4B_P23S,NS4B_D156E,NS3_V567I,NS4A_D23N,prM_M135L,NS1_D281E,NS1_I212M,NS5_T811A,NS1_N222S,NS3_K28R,E_R120T,NS4B_V175I,prM_T162A,NS5_L670I,E_M6I,NS1_K172R,NS1_I264T,NS3_K90R,NS2A_L153S,prM_M39I,NS5_K375R,NS2A_V109T,NS5_V156I,NS4A_R76K,E_V491A,NS1_V177A,E_I484V,NS3_L115I,NS5_I836V,NS2B_L109V,NS3_M13V,NS3_I333M,NS2A_Q162R,NS5_V628I,NS1_L247F,NS2A_T104A,NS3_R248K,NS4A_I93V,NS5_S763T,NS2A_V5I,prM_M83T,NS5_K514R,NS3_V7I,NS3_A120T,E_T478S,NS5_I687V,NS5_S429G,NS1_I93T,NS4B_Q22E,NS5_A865T,NS5_E501G,C_M104V,E_M340T,NS2A_M136I,NS2A_T189A,NS5_E444K,NS3_R186K,NS4B_A19T,NS5_S676N,E_I462V,NS5_I717V,E_V308I,prM_S15G,C_I106V,NS3_K61R,C_V112A,NS5_S523G,NS3_T399A,C_S101T)",10383,2III_D.2,NA,NA,NA,NA,NA,NA,NA,"Colombia,Norte de Santander,NA",8.0118531,-72.9470141
hDenV2/Colombia/un-INS-462966/2016,DENV2,III-Asian-American,EPI_ISL_17783314,2016-01-28,South America,Colombia,NA,NA,NA,Human,NA,unknown,unknown,unknown,"(NS5_Y247H,NS3_R561K,NS5_R749K,NS3_I140V,NS3_K142R,NS5_A19T,NS4B_P23S,C_K9R,NS5_T811A,NS2B_R47P,NS2B_V43M,E_R120T,NS2A_T189S,NS4B_V175I,NS5_L670I,E_M6I,NS4B_F112L,NS2A_T115A,NS5_V156I,NS4A_R76K,NS4A_R12K,C_N10S,E_I484V,NS5_I836V,E_S331F,NS3_M13V,NS5_V628I,NS2B_G46L,NS1_L247F,NS5_K437R,prM_M83T,C_V26M,E_T478S,NS5_S429G,NS1_K174R,NS2A_V109A,NS4B_Q22E,NS5_A865T,NS5_E501G,C_M104V,NS2A_M136I,NS3_R186K,NS4B_A19T,prM_S15G,C_I106V,NS3_T399A,NS2B_A49Q,C_S101T,NS2A_N139S,NS5_I637A,NS3_R549K,NS5_I135T,prM_M135I,NS5_E566K,NS5_V723M,E_N203D,NS1_T265A,NS4B_D156E,NS3_V567I,NS4A_D23N,NS5_A196T,NS1_I212M,NS1_D281E,NS1_N222S,NS3_K28R,NS2B_T45S,prM_T162A,NS1_K172R,NS1_I264T,NS3_L115T,NS2A_L153S,prM_M39I,NS5_S225T,E_V491A,NS2A_V174A,NS2B_D50S,NS2B_L109V,NS4A_T59A,NS3_I333M,NS5_T554I,NS2A_T104A,NS3_R248K,NS5_I5T,NS5_R246K,NS5_S763T,NS2A_V5I,NS5_K514R,NS3_A120T,NS5_I687V,E_M340T,NS1_F178V,NS5_R649K,NS5_I717V,E_V308I,E_V91I,NS3_K61R,C_V112A,NS5_S523G,NS2B_L44P)",10725,2III_D,NA,NA,NA,NA,NA,NA,NA,"Colombia,NA,NA",4.59808,-74.076044
hDenV2/Colombia/ARA-INS-457058/2016,DENV2,III-Asian-American,EPI_ISL_17783315,2016-01-04,South America,Colombia,Arauca,NA,NA,Human,NA,unknown,unknown,unknown,"(NS5_Y247H,NS5_K524R,NS3_R561K,NS5_R749K,E_T359I,NS5_E558K,NS3_I140V,NS3_K142R,C_K9R,NS5_T811A,E_R120T,NS4B_V175I,NS5_L670I,E_M6I,NS4B_F112L,NS5_K375R,NS2A_V109T,NS5_V156I,NS4A_R76K,NS1_V177A,C_N10S,E_I484V,NS5_I836V,NS3_M13V,NS2A_Q186R,NS2A_Q162R,NS5_V628I,NS1_L247F,NS4A_I93V,prM_M83T,prM_I139V,E_T478S,NS5_T290I,NS5_S429G,E_I170T,NS4B_Q22E,NS5_A865T,NS5_E501G,C_M104V,NS2A_M136I,NS2A_T189A,NS2A_I68V,NS3_R186K,NS4B_A19T,prM_S15G,NS5_T414A,NS3_T399A,C_S101T,NS5_I637A,NS3_R549K,NS5_I135T,prM_M135I,C_K17R,E_N203D,NS1_T265A,NS4B_D156E,NS3_V567I,NS4A_D23N,NS5_A196T,NS1_D281E,NS1_I212M,NS1_N222S,NS3_K28R,prM_T162A,NS1_K172R,NS1_I264T,prM_M39I,NS2A_L153S,NS5_S225T,prM_N7D,E_V491A,NS2A_M150I,NS2A_V174A,NS3_L115I,NS2B_L109V,NS3_I333M,NS5_H634Q,NS2A_T104A,NS3_R248K,NS5_R246K,NS5_S763T,NS2A_V5I,NS5_K514R,E_T486I,NS3_A120T,NS1_I93T,NS2A_H2L,E_M340T,E_V324I,E_I462V,NS5_I717V,E_V308I,E_V91I,NS5_N440D,NS3_K61R,C_V112A,NS5_S523G)",10699,2III_D.2,NA,NA,NA,NA,NA,NA,NA,"Colombia,Arauca,NA",7.0851994,-70.7577762
hDenV2/Colombia/un-INS-468118/2016,DENV2,III-Asian-American,EPI_ISL_17783316,2016-01-16,South America,Colombia,NA,NA,NA,Human,NA,unknown,unknown,unknown,"(NS2A_N139S,NS5_N173S,NS5_I637A,NS5_Y247H,NS3_R549K,NS5_I135T,prM_M135I,E_E360G,NS3_R561K,NS5_E558K,E_N203D,NS3_I140V,NS3_K142R,NS5_A19T,NS1_T265A,NS4B_P23S,NS4B_D156E,NS3_V567I,NS4A_D23N,NS1_D281E,NS1_I212M,NS5_A196T,NS5_T811A,NS1_N222S,NS3_K28R,E_R120T,NS4B_V175I,prM_T162A,NS5_L670I,E_M6I,NS1_K172R,NS1_I264T,NS3_L115T,NS4B_F112L,NS2A_L153S,prM_M39I,NS5_S225T,NS5_V156I,NS4A_R76K,NS5_Q760K,NS4A_R12K,E_V491A,NS2A_V174A,E_I484V,NS5_I836V,NS2B_L109V,NS4A_T59A,NS3_M13V,NS3_I333M,NS5_V628I,NS1_L247F,NS3_R248K,NS5_I5T,NS5_R246K,NS5_S763T,NS2A_V5I,prM_M83T,NS5_K437R,NS5_K514R,NS3_A120T,C_V26M,E_T478S,NS5_I687V,NS5_S429G,NS1_K174R,NS4B_Q22E,NS5_A865T,NS5_E501G,C_M104V,E_M340T,NS2A_M136I,NS1_F178V,NS3_R186K,NS5_R649K,NS4B_A19T,NS5_I717V,prM_S15G,E_V308I,E_V91I,C_I106V,NS3_K61R,C_V112A,NS5_S523G,NS3_K355N,NS3_T399A,C_S101T)",10568,2III_D,NA,NA,NA,NA,NA,NA,NA,"Colombia,NA,NA",4.59808,-74.076044
hDenV2/Colombia/TOL-INS-425817/2013,DENV2,III-Asian-American,EPI_ISL_17783317,2013-08-06,South America,Colombia,Tolima,NA,NA,Human,NA,unknown,unknown,unknown,"(NS2A_N139S,NS5_I637A,NS5_Y247H,NS3_R549K,NS5_I135T,prM_M135I,NS3_R561K,NS5_R749K,NS5_E558K,E_N203D,NS3_I140V,NS3_K142R,NS5_A19T,NS1_T265A,NS4B_P23S,NS4B_D156E,NS3_V567I,NS4A_D23N,C_K9R,NS1_D281E,NS1_I212M,E_I322V,NS5_A196T,NS5_T811A,NS1_N222S,NS3_K28R,E_R120T,NS2A_T189S,NS4B_V175I,NS3_R513C,prM_T162A,NS5_L670I,E_M6I,NS1_K172R,NS1_I264T,NS3_L115T,NS4B_F112L,NS2A_T115A,NS2A_L153S,prM_M39I,NS5_S225T,NS5_V156I,NS4A_R76K,NS4A_R12K,E_V491A,NS3_A454T,C_N10S,NS2A_V174A,E_I484V,NS5_I836V,NS2B_L109V,NS4A_T59A,NS3_M13V,NS3_I333M,NS5_V628I,NS1_L247F,NS2A_T104A,NS3_R248K,NS5_I5T,NS5_R246K,NS5_S763T,NS4A_R39K,NS2A_V5I,prM_M83T,NS5_K437R,NS5_K514R,NS3_A120T,C_V26M,E_T478S,NS5_I687V,NS5_S429G,NS1_K174R,NS2A_V109A,NS4B_Q22E,NS5_A865T,NS5_E501G,C_M104V,E_M340T,NS2A_M136I,NS1_F178V,NS3_R186K,NS5_R649K,NS4B_A19T,NS5_I717V,prM_S15G,E_V308I,E_V91I,C_I106V,NS3_K61R,C_V112A,NS5_S523G,NS3_T399A,NS5_L853P,C_S101T)",10725,2III_D,NA,NA,NA,NA,NA,NA,NA,"Colombia,Tolima,NA",4.1076265,-75.7046506
hDenV2/Colombia/MET-INS-422091/2013,DENV2,III-Asian-American,EPI_ISL_17783318,2013-02-23,South America,Colombia,Meta,NA,NA,Human,NA,unknown,unknown,unknown,"(NS5_I637A,NS5_Y247H,NS3_R549K,NS5_I135T,NS2B_K60R,prM_M135I,NS3_R561K,NS5_R749K,E_T359I,NS5_E558K,E_N203D,NS3_I140V,NS3_K142R,NS1_T265A,NS4B_P23S,NS4B_D156E,NS3_V567I,NS4A_D23N,C_K9R,NS1_D281E,NS1_I212M,NS5_A196T,NS5_T811A,NS1_N222S,NS3_K28R,E_R120T,NS4B_V175I,prM_T162A,NS5_L670I,E_M6I,NS2A_V174T,NS1_K172R,NS1_I264T,NS4B_F112L,NS2A_L153S,prM_M39I,NS5_K375R,NS5_S225T,NS2A_V109T,NS5_V156I,NS4A_R76K,NS5_A642D,E_V491A,C_I65M,C_N10S,E_K310R,E_I484V,NS3_L115I,NS5_I836V,NS2B_L109V,NS3_M13V,NS5_S872A,NS3_I333M,NS2A_Q162R,NS5_V628I,NS3_R107K,NS1_L247F,NS2A_T104A,NS3_R248K,NS4A_I93V,NS5_R246K,NS5_S763T,NS2A_V5I,prM_M83T,NS5_K514R,NS3_A120T,NS5_V130I,E_T478S,NS1_T164S,NS5_I687V,NS5_S429G,NS1_I93T,NS4B_Q22E,NS5_A865T,NS5_E501G,C_M104V,E_M340T,NS2A_M136I,NS2A_R138K,NS2A_T189A,NS3_R186K,E_V324I,NS4B_A19T,E_I462V,NS5_I717V,E_V91I,E_V308I,prM_S15G,NS3_K61R,C_V112A,NS5_S523G,NS3_T399A,C_S101T)",10723,2III_D.2,NA,NA,NA,NA,NA,NA,NA,"Colombia,Meta,NA",2.8631702,-71.8978539
hDenV2/Colombia/CAU-INS-422641/2013,DENV2,III-Asian-American,EPI_ISL_17783319,2013-03-24,South America,Colombia,Cauca,NA,NA,Human,NA,unknown,unknown,unknown,"(NS5_K467T,NS5_I637A,NS3_R549K,NS5_I135T,prM_M135I,NS5_G466D,NS2A_A37T,NS3_R561K,NS5_R749K,NS3_A558T,NS5_E558K,E_N203D,NS3_I140V,NS3_K142R,NS1_N222R,NS1_T265A,NS4B_P23S,NS4B_D156E,NS3_V567I,NS4A_D23N,C_K9R,NS1_I212M,NS5_A196T,NS5_T811A,NS3_K28R,E_R120T,NS4B_V175I,prM_T162A,NS5_L670I,E_M6I,NS1_K172R,NS1_I264T,NS5_A529V,NS5_A468Q,NS2A_L153S,prM_M39I,NS5_S225T,NS5_V156I,NS4A_R76K,E_V491A,C_N10S,E_I484V,NS5_E807D,NS3_L115I,NS5_I836V,NS2B_L109V,NS1_T230I,NS3_M13V,NS3_I333M,NS5_V628I,NS1_L247F,NS2A_T104A,NS3_R248K,NS4A_I93V,NS5_S763T,NS2A_V5I,prM_M83T,NS5_K437R,NS5_K514R,NS5_K469Q,NS3_A120T,NS2B_I76V,NS3_D141N,E_T478S,NS5_I687V,NS5_S429G,NS2A_V109A,E_I170T,NS4B_Q22E,NS5_A865T,NS5_E501G,C_M104V,NS1_V236L,E_M340T,NS2A_M136I,NS2A_T189A,NS3_R186K,NS1_S233N,NS4A_K125N,NS4B_A19T,NS5_I717V,E_V91I,E_V308I,prM_S15G,C_I106V,NS3_K61R,C_V112A,NS5_S523G,NS5_N876T,NS3_T399A,NS1_P226T,C_S101T)",10724,2III_D,NA,NA,NA,NA,NA,NA,NA,"Colombia,Cauca,NA",2.5683314,-76.7814226
hDenV2/Colombia/PUT-INS-423887/2013,DENV2,III-Asian-American,EPI_ISL_17783320,2013-04-20,South America,Colombia,Putumayo,NA,NA,Human,NA,unknown,unknown,unknown,"(NS5_I637A,NS5_Y247H,NS3_R549K,NS5_I135T,prM_M135I,NS1_V346I,NS2A_A37T,NS3_R561K,NS5_R749K,NS5_E558K,E_N203D,NS3_I140V,NS3_K142R,NS1_T265A,NS4B_P23S,NS4B_D156E,NS3_V567I,NS4A_D23N,C_K9R,NS1_D281E,NS1_I212M,NS5_A196T,NS5_T811A,NS1_N222S,NS3_K28R,E_R120T,NS4B_V175I,prM_T162A,NS5_L670I,E_M6I,NS1_K172R,NS1_I264T,NS4B_F112L,NS5_A529V,NS2A_L153S,prM_M39I,NS5_S225T,NS5_V156I,NS4A_R76K,E_V491A,C_N10S,NS2A_V174A,E_I484V,NS5_E807D,NS3_L115I,NS5_I836V,NS2B_L109V,NS3_M13V,NS3_I333M,NS5_V628I,NS1_L247F,NS2A_T104A,NS3_R248K,NS4A_I93V,NS5_R246K,NS3_P106S,NS5_S763T,NS2A_V5I,prM_M83T,NS5_K437R,NS5_K514R,NS3_G14E,NS3_A120T,NS2B_I76V,NS3_D141N,E_T478S,NS5_I687V,NS2B_I8V,NS5_S429G,NS2A_V109A,E_I170T,NS4B_Q22E,NS5_A865T,C_M104V,E_M340T,NS2A_M136I,NS2A_T189A,NS3_R186K,NS5_V667I,NS4B_A19T,E_L348F,NS5_I717V,E_V91I,E_V308I,prM_S15G,C_I106V,NS3_K61R,C_V112A,NS5_S523G,NS5_N876T,NS3_T399A,C_S101T)",10723,2III_D.3,NA,NA,NA,NA,NA,NA,NA,"Colombia,Putumayo,NA",10.0353785,-74.1472229
hDenV2/Colombia/PUT-INS-425334/2013,DENV2,III-Asian-American,EPI_ISL_17783321,2013-07-09,South America,Colombia,Putumayo,NA,NA,Human,NA,unknown,unknown,unknown,"(NS5_I637A,NS5_Y247H,NS3_R549K,NS5_I135T,prM_M135I,NS1_V346I,NS2A_A37T,NS3_R561K,NS5_R749K,NS5_E558K,E_N203D,NS3_I140V,NS3_K142R,NS1_T265A,NS4B_P23S,NS4B_D156E,NS3_V567I,NS4A_D23N,C_K9R,NS1_D281E,NS1_I212M,NS5_A196T,NS5_T811A,NS1_N222S,NS3_K28R,E_R120T,NS4B_V175I,prM_T162A,NS5_L670I,E_M6I,NS1_K172R,NS1_I264T,NS4B_F112L,NS3_K418I,NS2A_L153S,prM_M39I,NS5_S225T,NS5_V156I,NS4A_R76K,E_V491A,C_N10S,E_I484V,NS5_E807D,NS3_L115I,NS5_I836V,NS2B_L109V,NS3_A419F,NS3_M13V,NS3_I333M,NS5_V628I,NS1_L247F,NS2A_T104A,NS3_R248K,NS4A_I93V,NS5_R246K,NS3_P106S,NS5_S763T,NS2A_V5I,prM_M83T,NS5_K437R,NS5_K514R,NS3_G14E,NS3_A120T,NS2B_I76V,NS3_D141N,E_T478S,NS5_I687V,NS5_S429G,NS2A_V109A,E_I170T,NS4B_Q22E,NS5_A865T,E_M340T,NS2A_M136I,NS3_R186K,NS5_V667I,NS4B_A19T,E_L348F,NS5_I717V,E_V91I,E_V308I,prM_S15G,NS3_K61R,NS5_S523G,NS5_N876T,NS3_T399A)",10722,2III_D.3,NA,NA,NA,NA,NA,NA,NA,"Colombia,Putumayo,NA",10.0353785,-74.1472229
hDenV2/Colombia/HUI-INS-452018/2015,DENV2,III-Asian-American,EPI_ISL_17783322,2015-11-01,South America,Colombia,Huila,NA,NA,Human,NA,unknown,unknown,unknown,"(NS2A_N139S,NS5_I637A,NS5_Y247H,NS3_R549K,NS5_I135T,prM_M135I,E_E360G,NS5_E566K,NS3_R561K,NS5_R749K,E_N203D,NS3_I140V,NS3_K142R,NS5_A19T,NS1_T265A,NS4B_P23S,NS4B_D156E,NS3_V567I,NS4A_D23N,C_K9R,NS1_D281E,NS1_I212M,NS5_A196T,NS5_T811A,NS1_N222S,NS3_K28R,E_R120T,NS2A_T189S,NS4B_V175I,prM_T162A,NS5_L670I,E_M6I,NS1_K172R,NS1_I264T,NS3_L115T,NS4B_F112L,NS2A_T115A,NS2A_L153S,prM_M39I,NS5_S225T,NS5_V156I,NS4A_R76K,NS4A_R12K,E_V491A,C_N10S,NS2A_V174A,E_I484V,NS5_I836V,NS2B_L109V,NS4A_T59A,E_S331F,NS3_M13V,NS3_I333M,NS5_V628I,NS1_L247F,NS2A_T104A,NS3_R248K,NS5_I5T,NS5_R246K,NS5_S763T,NS2A_V5I,prM_M83T,NS5_K437R,NS5_K514R,NS3_A120T,C_V26M,E_T478S,NS5_I687V,NS1_K174R,NS2A_V109A,NS4B_Q22E,NS5_A865T,NS5_E501G,C_M104V,E_M340T,NS2A_M136I,NS1_F178V,NS3_R186K,NS5_R649K,NS4B_A19T,NS5_I717V,prM_S15G,E_V308I,E_V91I,C_I106V,NS3_K61R,C_V112A,NS5_S523G,NS4B_V48I,NS3_T399A,C_S101T)",10725,2III_D,NA,NA,NA,NA,NA,NA,NA,"Colombia,Huila,NA",2.6310636,-75.1011791
hDenV2/Colombia/TOL-INS-427493/2013,DENV2,III-Asian-American,EPI_ISL_17783323,2013-10-26,South America,Colombia,Tolima,NA,NA,Human,NA,unknown,unknown,unknown,"(NS2A_N139S,NS5_I637A,NS3_R549K,NS5_I135T,prM_M135I,NS3_R561K,NS5_R749K,NS5_E558K,NS2B_E125A,E_N203D,NS3_I140V,NS3_K142R,NS5_A19T,NS1_T265A,NS4B_P23S,NS4B_D156E,NS3_V567I,NS4A_D23N,NS1_D281E,NS1_I212M,E_I322V,NS5_T811A,NS1_N222S,NS3_K28R,E_R120T,NS2A_T189S,NS4B_V175I,prM_T162A,NS5_L670I,E_M6I,NS1_K172R,NS1_I264T,NS3_L115T,NS4B_F112L,NS2A_T115A,prM_M39I,NS4A_R76K,NS4A_R12K,E_V491A,E_K310R,E_I484V,NS5_I836V,NS2B_L109V,NS4A_T59A,NS3_M13V,NS3_I333M,NS5_V628I,NS1_L247F,NS2A_T104A,NS3_R248K,NS5_I5T,NS5_S763T,NS4A_R39K,NS2A_V5I,prM_M83T,NS5_K437R,NS5_K514R,NS3_A120T,E_T478S,NS5_I687V,NS5_S429G,NS4A_F71L,NS1_K174R,NS2A_V109A,NS4B_Q22E,NS5_E501G,C_M104V,E_M340T,NS2A_M136I,NS1_F178V,NS3_R186K,NS5_R649K,NS4B_A19T,NS5_I717V,prM_S15G,E_V308I,E_V91I,C_I106V,NS3_K61R,C_V112A,NS5_S523G,NS3_T399A,C_S101T)",9814,2III_D,NA,NA,NA,NA,NA,NA,NA,"Colombia,Tolima,NA",4.1076265,-75.7046506
hDenV2/Colombia/TOL-INS-428702/2014,DENV2,III-Asian-American,EPI_ISL_17783326,2014-01-14,South America,Colombia,Tolima,NA,NA,Human,NA,unknown,unknown,unknown,"(NS2A_N139S,NS5_I637A,NS5_Y247H,NS3_R549K,NS5_I135T,prM_M135I,NS3_R561K,NS5_R749K,NS5_E558K,E_N203D,NS3_I140V,NS3_K142R,NS5_A19T,NS1_T265A,NS4B_P23S,NS4B_D156E,NS3_V567I,NS4A_D23N,C_K9R,NS1_D281E,NS1_I212M,NS5_A196T,NS5_T811A,NS1_N222S,NS3_K28R,E_R120T,NS4B_V175I,prM_T162A,NS5_L670I,E_M6I,NS1_K172R,NS1_I264T,NS3_L115T,NS4B_F112L,NS2A_T115A,NS2A_L153S,prM_M39I,NS5_S225T,NS5_V156I,NS4A_R76K,NS4A_R12K,C_N10S,NS2A_V174A,E_I484V,NS5_I836V,NS2B_L109V,NS4A_T59A,NS3_M13V,NS3_I333M,NS5_V628I,NS1_L247F,NS2A_T104A,NS3_R248K,NS5_I5T,NS5_R246K,NS5_S763T,NS2A_V5I,prM_M83T,NS5_K437R,NS5_K514R,NS3_A120T,C_V26M,E_T478S,NS5_I687V,NS5_S429G,NS1_K174R,NS2A_V109A,NS4B_Q22E,NS5_A865T,NS5_I691T,NS5_E501G,C_M104V,E_M340T,NS2A_M136I,NS1_F178V,NS3_R186K,NS5_R649K,NS4B_A19T,NS5_I717V,prM_S15G,E_V308I,E_V91I,C_I106V,NS3_K61R,C_V112A,NS5_S523G,NS3_T399A,C_S101T)",10698,2III_D,NA,NA,NA,NA,NA,NA,NA,"Colombia,Tolima,NA",4.1076265,-75.7046506
hDenV2/Colombia/MET-INS-434321/2014,DENV2,III-Asian-American,EPI_ISL_17783327,2014-09-18,South America,Colombia,Meta,NA,NA,Human,NA,unknown,unknown,unknown,"(NS5_Y247H,NS3_R561K,NS5_R749K,NS5_E558K,NS5_A19T,NS3_K142R,NS3_I140V,NS4B_P23S,C_K9R,NS5_T811A,E_R120T,NS2A_T189S,NS4B_V175I,NS5_L670I,E_M6I,NS4B_F112L,NS2A_T115A,NS5_K800Q,NS5_V156I,NS4A_R76K,NS4A_R12K,C_N10S,E_I484V,NS5_I836V,NS3_M13V,NS5_V628I,NS1_L247F,NS5_K437R,prM_M83T,NS2A_L121F,C_V26M,E_T478S,NS5_S429G,NS1_K174R,NS2A_T42I,NS2A_V109A,NS4B_Q22E,NS5_A865T,NS5_E501G,C_M104V,NS2A_M136I,NS3_R186K,NS3_I473T,NS4B_A19T,prM_S15G,C_I106V,NS3_T399A,C_S101T,NS2A_N139S,NS5_I637A,NS3_R549K,NS5_I135T,prM_M135I,E_N203D,NS5_C145W,NS1_T265A,NS4B_D156E,NS3_V567I,NS4A_D23N,NS5_A196T,NS1_I212M,NS1_D281E,NS1_N222S,NS2A_R94K,NS3_K28R,prM_T162A,NS1_K172R,NS1_I264T,NS3_L115T,NS2A_L153S,prM_M39I,NS5_S225T,E_V491A,NS2A_V174A,NS2B_L109V,NS4A_T59A,NS3_I333M,NS2A_T104A,NS3_R248K,NS5_I5T,NS5_R246K,NS5_S763T,NS2A_V5I,NS1_H261R,NS5_K514R,NS3_A120T,E_I312V,NS5_I687V,E_M340T,NS1_F178V,NS5_R649K,NS5_I717V,E_V308I,E_V91I,NS3_K61R,C_V112A)",10725,2III_D,NA,NA,NA,NA,NA,NA,NA,"Colombia,Meta,NA",2.8631702,-71.8978539
hDenV2/Colombia/RIS-INS-449277/2015,DENV2,III-Asian-American,EPI_ISL_17783328,2015-08-20,South America,Colombia,Risaralda,NA,NA,Human,NA,unknown,unknown,unknown,"(NS2A_N139S,NS5_I637A,NS5_Y247H,NS3_R549K,NS5_I135T,prM_M135I,NS5_K887R,E_E360G,NS5_E566K,NS3_R561K,NS5_R749K,E_N203D,NS3_I140V,NS3_K142R,NS5_A19T,NS1_T265A,NS4B_P23S,NS4B_D156E,NS3_V567I,NS4A_D23N,C_K9R,NS1_D281E,NS1_I212M,NS5_A196T,NS5_T811A,NS1_N222S,NS3_K28R,E_R120T,NS4B_V175I,prM_T162A,NS5_L670I,E_M6I,NS3_Q456R,NS1_K172R,NS1_I264T,NS3_L115T,NS4B_F112L,NS2A_T115A,NS2A_L153S,prM_M39I,NS5_S225T,NS5_V156I,NS4A_R76K,NS4A_R12K,E_V491A,NS3_A454T,C_N10S,NS2A_V174A,E_I484V,NS5_I836V,NS2B_L109V,NS4A_T59A,E_S331F,NS3_M13V,NS5_V628I,NS2A_T104A,NS3_R248K,NS5_I5T,NS5_R246K,NS5_S763T,NS2A_V5I,prM_M83T,NS5_K437R,NS5_K514R,NS3_A455T,NS3_A120T,C_V26M,E_T478S,NS5_I687V,NS5_S429G,NS1_K174R,NS2A_V109A,NS3_S453R,NS4B_Q22E,NS5_A865T,NS5_E501G,C_M104V,E_M340T,NS2A_M136I,NS1_F178V,NS3_R186K,NS5_R649K,NS4B_A19T,NS5_I717V,prM_S15G,E_V308I,E_V91I,C_I106V,NS3_K61R,C_V112A,NS5_S523G,NS4B_V48I,NS3_T399A,C_S101T)",10274,2III_D,NA,NA,NA,NA,NA,NA,NA,"Colombia,Risaralda,NA",5.1635531,-75.7673963
hDenV2/Colombia/TOL-INS-449418/2015,DENV2,III-Asian-American,EPI_ISL_17783330,2015-08-25,South America,Colombia,Tolima,NA,NA,Human,NA,unknown,unknown,unknown,"(NS5_Y247H,NS3_R561K,NS5_R749K,NS5_S260M,NS3_I140V,NS3_K142R,NS5_A19T,NS4B_P23S,NS2B_R47L,NS5_T811A,E_R120T,NS2A_T189S,NS5_R263S,NS4B_V175I,NS5_L670I,E_M6I,NS5_M552K,NS4B_F112L,NS2A_T115A,NS5_V156I,NS4A_R76K,NS4A_R12K,E_I484V,NS5_I836V,NS3_M13V,NS5_V628I,NS1_L247F,NS5_N264Y,NS5_K437R,prM_M83T,NS5_T262S,C_V26M,E_T478S,NS5_S429G,NS1_K174R,NS2A_V109A,NS4B_Q22E,NS5_A865T,NS5_E501G,C_M104V,NS2A_M136I,NS3_R186K,NS4B_A19T,prM_S15G,C_I106V,NS2B_A49L,NS3_T399A,C_S101T,NS2A_N139S,NS5_I637A,NS3_R549K,NS5_I135T,prM_M135I,NS5_E566K,E_N203D,NS1_T265A,NS4B_D156E,NS4A_D23N,NS3_V567I,NS5_A196T,NS1_I212M,NS1_D281E,NS1_N222S,NS3_K28R,NS2B_S48P,prM_T162A,NS1_K172R,NS1_I264T,NS3_L115T,NS2A_L153S,prM_M39I,NS5_S225T,E_V491A,NS2A_V174A,NS2B_L109V,NS4A_T59A,NS2B_D50L,NS3_I333M,NS2A_T104A,NS3_R248K,NS5_I5T,NS5_R246K,NS5_S763T,NS2A_V5I,NS5_K514R,NS3_A120T,NS5_I687V,E_M340T,NS1_F178V,NS5_R649K,NS5_I717V,E_V308I,E_V91I,NS3_K61R,C_V112A,NS5_S523G)",10699,2III_D,NA,NA,NA,NA,NA,NA,NA,"Colombia,Tolima,NA",4.1076265,-75.7046506
hDenV2/Colombia/PUT-INS-449510/2015,DENV2,III-Asian-American,EPI_ISL_17783331,2015-09-05,South America,Colombia,Putumayo,NA,NA,Human,NA,unknown,unknown,unknown,"(NS2A_N139S,NS5_I637A,NS5_Y247H,NS3_R549K,NS5_I135T,prM_M135I,NS5_E566K,NS3_R561K,NS5_R749K,E_N203D,NS3_I140V,NS3_K142R,NS5_A19T,NS1_T265A,NS4B_P23S,NS4B_D156E,NS3_V567I,NS4A_D23N,C_K9R,NS1_D281E,NS1_I212M,NS5_A196T,NS5_T811A,NS1_N222S,NS3_K28R,E_R120T,NS2A_T189S,NS4B_V175I,prM_T162A,NS5_L670I,E_M6I,NS1_K172R,NS1_I264T,NS5_M552K,NS3_L115T,NS4B_F112L,NS2A_T115A,NS2A_L153S,prM_M39I,NS5_S225T,NS5_V156I,NS4A_R76K,NS4A_R12K,E_V491A,C_N10S,NS2A_V174A,E_I484V,NS5_I836V,NS2B_L109V,NS4A_T59A,NS3_M13V,NS3_I333M,NS5_V628I,NS1_L247F,NS2A_T104A,NS3_R248K,NS5_I5T,NS5_R246K,NS5_S763T,NS2A_V5I,prM_M83T,NS5_K437R,NS5_K514R,NS3_A120T,C_V26M,E_T478S,NS5_I687V,NS5_S429G,NS1_K174R,NS2A_V109A,NS4B_Q22E,NS5_A865T,NS5_E501G,C_M104V,E_M340T,NS2A_M136I,NS1_F178V,NS3_R186K,NS5_R649K,NS4B_A19T,NS5_I717V,prM_S15G,E_V308I,E_V91I,C_I106V,NS3_K61R,C_V112A,NS5_S523G,NS3_T399A,C_S101T)",10724,2III_D,NA,NA,NA,NA,NA,NA,NA,"Colombia,Putumayo,NA",10.0353785,-74.1472229
hDenV2/Colombia/un-INS-450454/2015,DENV2,III-Asian-American,EPI_ISL_17783335,2015-08-27,South America,Colombia,NA,NA,NA,Human,NA,unknown,unknown,unknown,"(NS5_I637A,NS5_I135T,E_T404I,prM_M135I,NS3_R561K,E_T359I,E_N203D,NS3_I140V,NS3_K142R,NS1_T265A,NS4B_P23S,NS4B_D156E,NS3_V567I,NS4A_D23N,NS1_D281E,E_D329E,NS5_A196T,NS3_K28R,E_R120T,NS4B_V175I,NS1_W28G,prM_T162A,NS5_L670I,E_M6I,NS2A_A146V,NS1_I264T,NS2A_L153S,prM_M39I,NS5_K375R,NS2A_V109T,NS5_V156I,NS2A_V174A,E_I484V,NS3_L115I,NS2B_L109V,NS3_M13V,NS5_V628I,NS2A_T104A,NS3_R248K,NS1_T90A,NS2A_V5I,prM_M83T,NS5_K437R,NS3_A120T,E_T478S,NS5_S23N,NS5_I687V,NS5_S429G,NS1_I93T,NS4A_M10V,NS4B_Q22E,C_M104V,E_M340T,NS2A_M136I,NS2A_T189A,NS3_R186K,NS4B_A19T,prM_T125N,NS5_I717V,E_V308I,prM_S15G,C_I106V,NS3_K61R,C_V112A,NS4B_V48I,NS3_T399A,C_S101T)",9579,2III_D.2,NA,NA,NA,NA,NA,NA,NA,"Colombia,NA,NA",4.59808,-74.076044
hDenV2/Colombia/CUN-INS-425819/2013,DENV2,III-Asian-American,EPI_ISL_17783336,2013-08-07,South America,Colombia,Cundinamarca,NA,NA,Human,NA,unknown,unknown,unknown,"(NS5_I637A,NS5_Y247H,NS5_I135T,NS5_T811E,NS5_R749K,NS5_E558K,E_N203D,NS3_I140V,NS3_K142R,NS5_A19T,NS4B_P23S,NS4B_D156E,NS4A_D23N,C_K9R,NS1_I212M,E_I322V,NS5_A196T,NS1_N222S,NS3_K28R,E_R120T,NS4B_V175I,prM_T162A,NS5_L670I,E_M6I,NS1_K172R,NS3_L115T,prM_M39I,NS5_S225T,NS5_V156I,NS4A_R76K,NS4A_R12K,E_V491A,C_N10S,E_I484V,NS5_I836V,NS2B_L109V,NS4A_T59A,NS3_M13V,NS3_I333M,NS5_V628I,NS3_R248K,NS5_I5T,NS5_R246K,NS5_S763T,NS4A_R39K,NS2A_V5I,prM_M83T,NS5_K437R,NS5_K514R,NS3_A120T,C_V26M,E_T478S,NS5_I687V,NS5_S429G,NS1_K174R,NS4B_Q22E,NS5_A865T,NS5_E501G,C_M104V,E_M340T,NS1_F178V,NS3_R186K,NS5_R649K,NS4B_A19T,NS5_I717V,prM_S15G,E_V308I,E_V91I,C_I106V,NS3_K61R,C_V112A,NS5_S523G,NS3_T399A,C_S101T)",10723,2III_D,NA,NA,NA,NA,NA,NA,NA,"Colombia,Cundinamarca,NA",4.6186651,-74.0923729
hDenV2/Colombia/COR-UNICORDOBA-23/2021,DENV2,III-Asian-American,EPI_ISL_17977444,2021-11-11,South America,Colombia,Cordoba,Cerete,NA,Human,NA,Female,17,Released,"(NS5_I637A,NS5_Y247H,2K_Q3E,NS3_R549K,NS5_I135T,prM_M135I,NS3_R561K,NS5_R749K,NS5_E558K,E_N203D,C_K17R,NS3_I140V,NS3_K142R,NS1_T265A,NS4B_D156E,NS3_V567I,NS4A_D23N,NS4B_E24D,C_K9R,NS2A_I206F,NS1_D281E,NS1_I212M,NS3_R184Q,NS5_T811A,NS1_N222S,NS3_K28R,E_R120T,NS2A_L208Q,NS4B_V175I,prM_T162A,NS5_L670I,E_M6I,NS1_K172R,NS1_I264T,NS3_I339N,NS4B_F112L,NS2A_L153T,prM_M39I,NS5_K375R,NS5_S225T,NS5_T638I,NS2A_V109T,NS5_V156I,NS4A_R76K,NS3_R342L,E_V491A,NS1_V177A,C_N10S,NS2A_V174A,E_I484V,NS3_L115I,NS5_I836V,NS2B_L109V,NS4B_T20A,NS4B_Y41H,NS3_M13V,NS5_V628I,NS3_R337K,NS4B_A137T,NS1_L247F,NS2A_T104A,NS3_R248K,NS4A_I93V,NS5_R246K,NS5_S763T,NS2A_V5I,NS3_R187K,prM_M83T,NS5_K514R,NS3_A120T,E_K361R,E_T478S,NS1_T164S,NS5_S429G,E_I170T,NS5_A865T,NS5_E501G,C_M104V,NS2A_H2L,E_M340T,NS2A_M136I,NS3_S343del,NS2A_T189A,NS3_R186K,E_V324I,NS4B_A19T,E_I462V,NS5_I717V,E_V308I,prM_S15G,NS3_K61R,C_V112A,NS5_S523G,NS3_T399A,C_S101T)",10498,2III_D.2,NA,NA,NA,NA,NA,NA,NA,"Colombia,Cordoba,Cerete",8.8852282,-75.7922421
hDenV2/Colombia/un-Yale-DH158/2006,DENV2,III-Asian-American,EPI_ISL_18081096,2006-01-01,South America,Colombia,NA,NA,NA,Human,NA,unknown,unknown,unknown,"(NS5_I637A,NS5_Y247H,NS3_R549K,NS3_H451Y,NS5_I135T,prM_M135I,NS3_R561K,NS5_R749K,E_T359I,NS5_E558K,E_N203D,NS3_I140V,NS3_K142R,NS1_T265A,NS4B_P23S,NS4B_D156E,NS3_V567I,NS4A_D23N,C_K9R,NS1_D281E,NS1_I212M,NS5_A196T,NS5_T811A,NS1_N222S,NS3_K28R,E_R120T,NS4B_V175I,prM_T162A,NS5_L670I,E_M6I,NS1_K172R,NS1_I264T,NS4B_F112L,NS2A_L153S,prM_M39I,NS5_K375R,NS5_S225T,NS2A_V109T,NS5_V156I,NS4A_R76K,E_V491A,C_N10S,NS2A_V174A,E_I484V,NS3_L115I,NS5_I836V,NS2B_L109V,NS3_M13V,NS5_K30I,NS3_I333M,NS2A_Q162R,NS5_V628I,NS1_L247F,NS2A_T104A,NS3_R248K,NS4A_I93V,NS5_R246K,NS5_S763T,NS2A_V5I,NS3_R187K,prM_M83T,NS5_K437R,NS5_K514R,NS3_A120T,E_T478S,NS5_I687V,NS5_S429G,NS1_I93T,NS4B_Q22E,NS5_A865T,NS5_E501G,C_M104V,NS4B_V63I,E_M340T,NS2A_M136I,NS2A_T189A,NS3_R186K,NS4B_A19T,E_I462V,NS5_I717V,E_V91I,E_V308I,prM_S15G,C_I106V,NS3_K61R,C_V112A,NS5_S523G,NS3_T399A,C_S101T)",10512,2III_D.2,Yale-DH158,NA,NA,NA,NA,NA,NA,"Colombia,NA,NA",4.59808,-74.076044
hDenV2/Colombia/MET-UR-207/2023,DENV2,II-Cosmopolitan,EPI_ISL_18363167,2023-05-01,South America,Colombia,Meta,NA,NA,Human,NA,unknown,unknown,unknown,"(NS5_I637A,NS5_R430G,NS5_T176I,NS5_I135T,NS2B_K60R,NS5_Q644K,prM_M135I,E_Q52H,NS4B_T244A,NS5_V335I,E_N203D,E_V129I,NS3_I140V,NS1_T265A,NS4A_D23N,C_K9R,NS5_V164I,NS2B_L21F,NS1_D281E,NS1_I212M,prM_K52N,NS1_N222S,E_R120T,NS5_I271V,prM_T162A,E_M6I,prM_D29N,NS1_I264T,NS1_Q131H,NS4B_F112L,NS5_K800T,prM_A152V,NS4A_R76K,NS3_K15R,E_I484V,prM_T82A,prM_H148Y,NS3_M13V,NS3_I333M,NS1_L247I,NS1_S80T,NS2B_D63E,NS5_I5T,NS3_V273I,NS2A_I171A,NS2A_V5I,prM_M83T,NS1_T117A,NS5_S15N,NS3_A120T,NS3_V395I,NS3_A160T,NS4B_L13F,E_T478S,prM_I127V,NS5_R98K,NS1_K174R,E_H149N,NS5_A865T,NS1_S128L,E_E71A,NS5_M70L,NS4B_V115I,C_L108M,NS2A_M136I,NS2B_V59I,NS3_I461V,E_V324I,NS1_F178S,NS4B_A19T,NS5_G605V,NS5_S676N,prM_V120A,E_I462V,C_M104I,NS4B_V48I,NS5_K570R,NS1_K272R,NS4A_I89V,C_S101T)",10177,2II_F.1.2,NA,NA,NA,NA,NA,NA,NA,"Colombia,Meta,NA",2.8631702,-71.8978539
hDenV2/Colombia/MET-UR-237/2023,DENV2,II-Cosmopolitan,EPI_ISL_18363168,2023-05-03,South America,Colombia,Meta,NA,NA,Human,NA,unknown,unknown,unknown,"(NS5_I637A,NS5_R430G,NS5_T176I,NS5_I135T,NS2B_K60R,NS5_Q644K,prM_M135I,E_Q52H,NS4B_T244A,NS5_V335I,E_N203D,E_V129I,NS3_I140V,NS1_T265A,NS4A_D23N,C_K9R,NS5_V164I,NS2B_L21F,NS1_D281E,NS1_I212M,prM_K52N,NS1_N222S,E_R120T,NS5_I271V,prM_T162A,E_M6I,prM_D29N,NS1_I264T,NS1_Q131H,NS4B_F112L,NS5_K800T,prM_A152V,NS4A_R76K,NS3_K15R,E_I484V,prM_T82A,prM_H148Y,NS3_M13V,NS3_I333M,NS1_L247I,NS1_S80T,NS2B_D63E,NS5_I5T,NS3_V273I,NS2A_I171A,NS2A_V5I,prM_M83T,E_N390S,NS1_T117A,NS5_S15N,NS3_A120T,NS3_V395I,NS3_A160T,NS4B_L13F,E_T478S,prM_I127V,NS5_R98K,E_H149N,NS5_A865T,NS1_S128L,E_E71A,NS5_M70L,NS4B_V115I,C_L108M,NS2A_M136I,NS2B_V59I,NS3_R186K,NS3_I461V,E_V324I,NS1_F178S,NS4B_A19T,NS5_G605V,NS5_S676N,prM_V120A,E_I462V,C_M104I,NS4B_V48I,NS5_K570R,NS1_K272R,NS4A_I89V,C_S101T)",10177,2II_F.1.2,NA,NA,NA,NA,NA,NA,NA,"Colombia,Meta,NA",2.8631702,-71.8978539
hDenV2/Colombia/un-UDEA-LET1268/2023,DENV2,II-Cosmopolitan,EPI_ISL_18474688,2023-02-07,South America,Colombia,Amazonas,NA,NA,Human,NA,unknown,unknown,unknown,"(NS5_I637A,NS5_R430G,NS5_T176I,NS5_I135T,NS2B_K60R,NS5_R749Q,NS5_Q644K,prM_M135I,E_Q52H,NS4B_T244A,NS2A_I33T,E_T226I,NS5_V335I,E_V129I,NS3_I140V,NS1_T265A,NS3_V567I,NS4A_D23N,C_K9R,NS1_D281E,NS2B_L21F,prM_K52N,NS1_N222S,E_R120T,NS5_I271V,prM_T162A,E_M6I,prM_D29N,NS1_I264T,NS1_Q131H,NS4B_F112L,NS5_K800T,NS2A_V177L,NS4A_R76K,NS1_V177A,NS3_K15R,E_I484V,prM_A152I,prM_T82A,prM_H148Y,NS3_M13V,NS3_I333M,NS1_L247I,NS1_S80T,NS2B_D63E,NS3_R248K,NS5_I5T,NS3_V273I,NS2A_I171A,NS2A_V5I,prM_M83T,E_N390S,C_V26A,NS1_T117A,NS5_S15N,NS3_A120T,NS3_V395I,NS3_A160T,NS4B_L13F,E_T478S,prM_I127V,NS5_R98K,NS5_I687V,NS1_K174R,E_H149N,NS5_A865T,NS1_S128L,E_E71A,NS5_M70L,NS4B_V115I,C_L108M,NS2A_M136I,NS2B_V59I,NS3_R186K,NS3_I461V,NS1_F178S,NS4B_A19T,NS5_G605V,NS5_S676N,prM_V120A,E_I462V,C_M104I,NS4B_V48I,NS5_K570R,NS1_K272R,NS4A_I89V,C_S101T)",10181,2II_F.1.2,NA,NA,NA,NA,NA,NA,NA,"Colombia,Amazonas,NA",-4.2081,-69.9432
hDenV2/Colombia/un-UDEA-LET1208/2022,DENV2,II-Cosmopolitan,EPI_ISL_18474689,2022-11-30,South America,Colombia,Amazonas,NA,NA,Human,NA,unknown,unknown,unknown,"(NS5_I637A,NS5_R430G,NS5_T176I,NS5_I135T,NS2B_K60R,NS5_Q644K,prM_M135I,E_Q52H,NS4B_T244A,NS5_V335I,E_V129I,NS3_I140V,NS1_T265A,NS4A_D23N,C_K9R,NS2B_L21F,NS1_D281E,prM_K52N,NS1_N222S,E_R120T,NS5_I271V,prM_T162A,E_M6I,prM_D29N,NS1_I264T,NS4B_V175L,NS1_Q175H,NS1_Q131H,NS4B_F112L,NS5_K800T,NS4A_R76K,NS3_K15R,E_I484V,prM_A152I,prM_T82A,prM_H148Y,NS3_M13V,NS3_I333M,NS1_L247I,NS1_S80T,NS2B_D63E,NS5_I5T,NS3_V273I,NS5_E831A,NS2A_I171A,NS2A_V5I,prM_M83T,E_N390S,NS1_T117A,NS5_S15N,NS3_A120T,NS3_V395I,NS3_A160T,NS4B_L13F,E_T478S,prM_I127V,NS5_R98K,NS5_I687V,NS5_T290I,NS1_K174R,NS2A_V109A,E_H149N,NS5_A865T,NS1_S128L,E_E71A,NS5_M70L,NS4B_V115I,C_L108M,NS2A_M136I,NS2B_V59I,NS3_R186K,NS3_I461V,NS1_F178S,NS4B_A19T,NS5_G605V,NS5_S676N,prM_V120A,E_I462V,C_M104I,NS4B_V48I,NS5_K570R,NS4A_I89V,C_S101T)",10181,2II_F.1.2,NA,NA,NA,NA,NA,NA,NA,"Colombia,Amazonas,NA",-4.2081,-69.9432
hDenV2/Colombia/un-UDEA-1145/2022,DENV2,II-Cosmopolitan,EPI_ISL_18474690,2022-10-28,South America,Colombia,NA,NA,NA,Human,NA,unknown,unknown,unknown,"(NS5_I637A,NS5_R430G,NS5_T176I,NS5_I135T,NS2B_K60R,NS5_Q644K,prM_M135I,E_Q52H,NS4B_T244A,NS5_V335I,E_V129I,NS3_I140V,NS1_T265A,NS4A_D23N,C_K9R,NS5_V164I,NS2B_L21F,NS1_D281E,prM_K52N,NS1_N222S,E_R120T,NS5_I271V,prM_T162A,E_M6I,prM_D29N,NS1_I264T,NS1_Q175H,NS1_Q131H,NS4B_F112L,NS5_K800T,NS4A_R76K,NS3_K15R,E_I484V,prM_A152I,prM_T82A,prM_H148Y,NS3_M13V,NS3_I333M,NS1_L247I,NS1_S80T,NS2B_D63E,NS5_I5T,NS3_V273I,NS2A_I171A,NS2A_V5I,prM_M83T,E_N390S,NS1_T117A,NS5_S15N,NS3_A120T,NS3_V395I,NS3_A160T,NS4B_L13F,E_T478S,NS5_K383R,prM_I127V,NS5_R98K,NS5_I687V,NS5_T290I,NS1_K174R,E_H149N,NS5_A865T,NS1_S128L,E_E71A,NS5_M70L,NS4B_V115I,C_L108M,NS2A_M136I,NS2B_V59I,NS3_R186K,NS3_I461V,NS1_F178S,NS4B_A19T,NS5_G605V,NS5_S676N,prM_V120A,E_I462V,C_M104I,NS4B_V48I,NS5_K570R,NS1_K272R,NS4A_I89V,C_S101T)",10698,2II_F.1.2,NA,NA,NA,NA,NA,NA,NA,"Colombia,NA,NA",4.59808,-74.076044
hDenV2/Colombia/un-UDEA-LET1260/2023,DENV2,II-Cosmopolitan,EPI_ISL_18474691,2023-02-01,South America,Colombia,Amazonas,NA,NA,Human,NA,unknown,unknown,unknown,"(NS5_I637A,NS5_R430G,NS5_T176I,NS5_I135T,NS2B_K60R,NS5_Q644K,prM_M135I,E_Q52H,NS4B_T244A,NS5_V335I,E_V129I,NS3_I140V,NS1_T265A,NS4A_D23N,C_K9R,NS2B_L21F,NS1_D281E,prM_K52N,NS1_N222S,E_R120T,NS5_I271V,prM_T162A,E_M6I,prM_D29N,NS1_I264T,NS1_Q131H,NS1_Q175H,NS4B_F112L,NS5_K800T,NS4A_R76K,NS3_K15R,E_I484V,prM_A152I,prM_T82A,prM_H148Y,NS3_M13V,NS3_I333M,NS1_L247I,NS1_S80T,NS2B_D63E,NS5_I5T,NS3_V273I,NS5_E831A,NS2A_I171A,NS2A_V5I,prM_M83T,E_N390S,NS1_T117A,NS5_S15N,NS3_A120T,NS3_V395I,NS3_A160T,NS4B_L13F,E_T478S,prM_I127V,NS5_R98K,NS5_I687V,NS5_T290I,NS1_K174R,NS2A_V109A,E_H149N,NS5_A865T,NS1_S128L,E_E71A,NS5_M70L,NS4B_V115I,C_L108M,NS2A_M136I,NS2B_V59I,NS3_R186K,NS3_I461V,NS1_F178S,NS4B_A19T,NS5_G605V,NS5_S676N,prM_V120A,E_I462V,C_M104I,NS4B_V48I,NS5_K570R,NS1_K272R,NS4A_I89V,C_S101T)",10181,2II_F.1.2,NA,NA,NA,NA,NA,NA,NA,"Colombia,Amazonas,NA",-4.2081,-69.9432
hDenV2/Colombia/un-UDEA-1262/2023,DENV2,II-Cosmopolitan,EPI_ISL_18474692,2023-02-02,South America,Colombia,NA,NA,NA,Human,NA,unknown,unknown,unknown,"(NS5_I637A,NS5_R430G,NS5_T176I,NS5_I135T,NS2B_K60R,NS5_Q644K,prM_M135I,E_Q52H,NS4B_T244A,NS5_V335I,E_V129I,NS3_I140V,NS1_T265A,NS4A_D23N,C_K9R,NS5_V164I,NS2B_L21F,NS1_D281E,prM_K52N,NS1_N222S,E_R120T,NS5_I271V,prM_T162A,E_M6I,prM_D29N,NS1_I264T,NS1_Q175H,NS1_Q131H,NS4B_F112L,NS5_K800T,NS4A_R76K,NS3_K15R,E_I484V,prM_A152I,prM_T82A,NS2A_K142R,prM_H148Y,NS3_M13V,NS3_I333M,NS1_L247I,NS1_S80T,NS2B_D63E,NS5_I5T,NS3_V273I,NS2A_I171A,NS2A_V5I,prM_M83T,E_N390S,NS1_T117A,NS5_S15N,NS3_A120T,NS3_V395I,NS3_A160T,NS4B_L13F,E_T478S,NS5_K383R,prM_I127V,NS5_R98K,NS5_I687V,NS5_T290I,NS1_K174R,E_H149N,NS5_A865T,NS1_S128L,E_E71A,NS5_M70L,NS4B_V115I,C_L108M,NS2A_M136I,NS2B_V59I,NS3_R186K,NS3_I461V,NS1_F178S,NS4B_A19T,NS5_G605V,NS5_S676N,prM_V120A,E_I462V,C_M104I,NS4B_V48I,NS5_K570R,NS1_K272R,NS4A_I89V,C_S101T)",10572,2II_F.1.2,NA,NA,NA,NA,NA,NA,NA,"Colombia,NA,NA",4.59808,-74.076044
hDenV2/Colombia/un-UDEA-1125/2022,DENV2,II-Cosmopolitan,EPI_ISL_18474693,2022-10-15,South America,Colombia,NA,NA,NA,Human,NA,unknown,unknown,unknown,"(NS5_I637A,NS5_R430G,NS5_T176I,NS5_I135T,NS2B_K60R,NS5_Q644K,prM_M135I,E_Q52H,NS4B_T244A,NS5_V335I,E_V129I,NS3_I140V,NS1_T265A,NS4A_D23N,C_K9R,NS2B_L21F,NS1_D281E,prM_K52N,NS1_N222S,E_R120T,NS5_I271V,prM_T162A,E_M6I,prM_D29N,NS1_I264T,NS1_Q175H,NS1_Q131H,NS4B_F112L,NS5_K800T,NS4A_R76K,NS3_K15R,E_I484V,prM_A152I,prM_T82A,prM_H148Y,NS3_M13V,NS3_I333M,NS1_L247I,NS1_S80T,NS2B_D63E,NS5_I5T,NS3_V273I,NS5_E831A,NS2A_I171A,NS2A_V5I,prM_M83T,E_N390S,NS1_T117A,NS5_S15N,NS3_A120T,NS3_V395I,NS3_A160T,NS4B_L13F,E_T478S,prM_I127V,NS5_R98K,NS5_I687V,NS5_T290I,NS1_K174R,NS2A_V109A,E_H149N,NS5_A865T,NS1_S128L,E_E71A,NS5_M70L,NS4B_V115I,C_L108M,NS2A_M136I,NS2B_V59I,NS3_R186K,NS3_I461V,NS1_F178S,NS4B_A19T,NS5_G605V,NS5_S676N,prM_V120A,E_I462V,C_M104I,NS4B_V48I,NS5_K570R,NS1_K272R,NS4A_I89V,C_S101T)",10658,2II_F.1.2,NA,NA,NA,NA,NA,NA,NA,"Colombia,NA,NA",4.59808,-74.076044
hDenV2/Colombia/un-UDEA-1127/2022,DENV2,II-Cosmopolitan,EPI_ISL_18474694,2022-10-19,South America,Colombia,NA,NA,NA,Human,NA,unknown,unknown,unknown,"(NS5_I637A,NS5_R430G,NS5_T176I,NS5_I135T,NS2B_K60R,NS5_Q644K,prM_M135I,E_Q52H,NS4B_T244A,NS5_V335I,E_V129I,NS3_I140V,NS1_T265A,NS4A_D23N,C_K9R,NS5_V164I,NS2B_L21F,NS1_D281E,prM_K52N,NS1_N222S,E_R120T,NS5_I271V,prM_T162A,E_M6I,prM_D29N,NS1_I264T,NS1_Q131H,NS1_Q175H,NS4B_F112L,NS5_K800T,NS4A_R76K,NS3_K15R,E_I484V,prM_A152I,prM_T82A,prM_H148Y,NS3_M13V,NS3_I333M,NS1_L247I,NS1_S80T,NS2B_D63E,NS5_I5T,NS3_V273I,NS2A_I171A,NS2A_V5I,prM_M83T,E_N390S,NS1_T117A,NS5_S15N,NS3_A120T,NS3_V395I,NS3_A160T,NS4B_L13F,E_T478S,NS5_K383R,prM_I127V,NS5_R98K,NS5_I687V,NS5_T290I,NS1_K174R,E_H149N,NS5_A865T,NS1_S128L,E_E71A,NS5_M70L,NS4B_V115I,C_L108M,NS2A_M136I,NS2B_V59I,NS3_R186K,NS3_I461V,NS1_F178S,NS4B_A19T,NS5_G605V,NS5_S676N,prM_V120A,E_I462V,C_M104I,NS4B_V48I,NS5_K570R,NS1_K272R,NS4A_I89V,C_S101T)",10723,2II_F.1.2,NA,NA,NA,NA,NA,NA,NA,"Colombia,NA,NA",4.59808,-74.076044
hDenV2/Colombia/un-UDEA-LET1205/2022,DENV2,II-Cosmopolitan,EPI_ISL_18474695,2022-11-30,South America,Colombia,Amazonas,NA,NA,Human,NA,unknown,unknown,unknown,"(NS5_I637A,NS5_R430G,NS5_T176I,NS5_I135T,NS2B_K60R,NS5_Q644K,prM_M135I,E_Q52H,NS4B_T244A,NS5_V335I,E_V129I,NS3_I140V,NS1_T265A,NS4A_D23N,C_K9R,NS5_V164I,NS2B_L21F,NS1_D281E,prM_K52N,NS1_N222S,E_R120T,NS5_I271V,prM_T162A,E_M6I,prM_D29N,NS1_I264T,NS1_Q175H,NS1_Q131H,NS4B_F112L,NS5_K800T,NS4A_R76K,NS3_K15R,E_I484V,prM_A152I,prM_T82A,prM_H148Y,NS3_M13V,NS3_I333M,NS1_L247I,NS1_S80T,NS2B_D63E,NS5_I5T,NS3_V273I,NS2A_I171A,NS2A_V5I,prM_M83T,E_N390S,NS1_T117A,NS5_S15N,NS3_A120T,NS3_V395I,NS3_A160T,NS4B_L13F,E_T478S,NS5_K383R,prM_I127V,NS5_R98K,NS5_I687V,NS5_T290I,NS1_K174R,E_H149N,NS5_A865T,NS1_S128L,E_E71A,NS5_M70L,NS4B_V115I,C_L108M,NS2A_M136I,NS2B_V59I,NS3_R186K,NS3_I461V,NS1_F178S,NS4B_A19T,NS5_G605V,NS5_S676N,prM_V120A,E_I462V,C_M104I,NS4B_V48I,NS5_K570R,NS1_K272R,NS4A_I89V,C_S101T)",10181,2II_F.1.2,NA,NA,NA,NA,NA,NA,NA,"Colombia,Amazonas,NA",-4.2081,-69.9432
hDenV2/Colombia/un-UDEA-LET1232/2022,DENV2,II-Cosmopolitan,EPI_ISL_18474696,2022-12-15,South America,Colombia,Amazonas,NA,NA,Human,NA,unknown,unknown,unknown,"(NS5_I637A,NS5_R430G,NS5_T176I,NS5_I135T,NS2B_K60R,NS5_R749Q,NS5_Q644K,prM_M135I,E_Q52H,NS4B_T244A,NS2A_I33T,E_T226I,NS5_V335I,E_V129I,NS3_I140V,NS1_T265A,NS3_V567I,NS4A_D23N,C_K9R,NS2B_L21F,NS1_D281E,prM_K52N,NS1_N222S,E_R120T,NS5_I271V,prM_T162A,E_M6I,prM_D29N,NS1_I264T,NS1_Q131H,NS4B_F112L,NS5_K800T,NS2A_V177L,NS4A_R76K,NS1_V177A,NS3_K15R,E_I484V,prM_A152I,prM_T82A,prM_H148Y,NS3_M13V,NS3_I333M,NS1_L247I,NS1_S80T,NS2B_D63E,NS3_R248K,NS5_I5T,NS3_V273I,NS2A_I171A,NS2A_V5I,prM_M83T,E_N390S,NS1_T117A,NS5_S15N,NS3_A120T,NS3_V395I,NS3_A160T,NS4B_L13F,E_T478S,prM_I127V,NS5_R98K,NS5_I687V,NS1_K174R,E_H149N,NS5_A865T,NS1_S128L,E_E71A,NS5_M70L,NS4B_V115I,C_L108M,NS2A_M136I,NS2B_V59I,NS3_R186K,NS3_I461V,NS1_F178S,NS4B_A19T,NS5_G605V,NS5_S676N,prM_V120A,E_I462V,C_M104I,NS4B_V48I,NS5_K570R,NS1_K272R,NS4A_I89V,C_S101T)",10181,2II_F.1.2,NA,NA,NA,NA,NA,NA,NA,"Colombia,Amazonas,NA",-4.2081,-69.9432
hDenV2/Colombia/un-UDEA-LET1199/2022,DENV2,II-Cosmopolitan,EPI_ISL_18474697,2022-11-25,South America,Colombia,Amazonas,NA,NA,Human,NA,unknown,unknown,unknown,"(NS5_I637A,NS5_R430G,NS5_T176I,NS5_I135T,NS2B_K60R,NS5_Q644K,prM_M135I,E_Q52H,NS4B_T244A,NS5_V335I,E_V129I,NS3_I140V,NS1_T265A,NS4A_D23N,C_K9R,NS2B_L21F,NS1_D281E,prM_K52N,NS1_N222S,E_R120T,NS5_I271V,prM_T162A,E_M6I,prM_D29N,NS1_I264T,NS1_Q175H,NS1_Q131H,NS4B_F112L,NS5_K800T,NS4A_R76K,NS3_K15R,E_I484V,prM_A152I,prM_T82A,prM_H148Y,NS3_M13V,NS3_I333M,NS1_L247I,NS1_S80T,NS2B_D63E,NS5_I5T,NS3_V273I,NS5_E831A,NS2A_I171A,NS2A_V5I,prM_M83T,E_N390S,NS1_T117A,NS5_S15N,NS3_A120T,NS3_V395I,NS3_A160T,NS4B_L13F,E_T478S,prM_I127V,NS5_R98K,NS5_I687V,NS5_T290I,NS1_K174R,NS2A_V109A,E_H149N,NS5_A865T,NS1_S128L,E_E71A,NS5_M70L,NS4B_V115I,C_L108M,NS2A_M136I,NS2B_V59I,NS3_R186K,NS3_I461V,NS1_F178S,NS4B_A19T,NS5_G605V,NS5_S676N,prM_V120A,E_I462V,C_M104I,NS4B_V48I,NS5_K570R,NS1_K272R,NS4A_I89V,C_S101T)",10181,2II_F.1.2,NA,NA,NA,NA,NA,NA,NA,"Colombia,Amazonas,NA",-4.2081,-69.9432
hDenV2/Colombia/un-UDEA-LET1259/2023,DENV2,II-Cosmopolitan,EPI_ISL_18474698,2023-02-01,South America,Colombia,Amazonas,NA,NA,Human,NA,unknown,unknown,unknown,"(NS5_I637A,NS5_R430G,NS5_T176I,NS5_I135T,NS2B_K60R,NS5_Q644K,prM_M135I,E_Q52H,NS4B_T244A,NS5_V335I,E_V129I,NS3_I140V,NS1_T265A,NS4A_D23N,C_K9R,NS2B_L21F,NS1_D281E,prM_K52N,NS1_N222S,E_R120T,NS5_I271V,prM_T162A,E_M6I,prM_D29N,NS1_I264T,NS1_Q175H,NS1_Q131H,NS4B_F112L,NS5_K800T,NS4A_R76K,NS3_K15R,E_I484V,prM_A152I,prM_T82A,prM_H148Y,NS3_M13V,NS3_I333M,NS1_L247I,NS1_S80T,NS2B_D63E,NS5_I5T,NS3_V273I,NS5_E831A,NS2A_I171A,NS2A_V5I,prM_M83T,E_N390S,NS1_T117A,NS5_S15N,NS3_A120T,NS3_V395I,NS3_A160T,NS4B_L13F,E_T478S,prM_I127V,NS5_R98K,NS5_I687V,NS5_T290I,NS1_K174R,NS2A_V109A,E_H149N,NS5_A865T,NS1_S128L,E_E71A,NS5_M70L,NS4B_V115I,C_L108M,NS2A_M136I,NS2B_V59I,NS3_R186K,NS3_I461V,NS1_F178S,NS4B_A19T,NS5_G605V,NS5_S676N,prM_V120A,E_I462V,C_M104I,NS4B_V48I,NS5_K570R,NS1_K272R,NS4A_I89V,C_S101T)",10181,2II_F.1.2,NA,NA,NA,NA,NA,NA,NA,"Colombia,Amazonas,NA",-4.2081,-69.9432
hDenV2/Colombia/un-UDEA-LET1287/2023,DENV2,II-Cosmopolitan,EPI_ISL_18474699,2023-02-10,South America,Colombia,Amazonas,NA,NA,Human,NA,unknown,unknown,unknown,"(NS5_I637A,NS5_R430G,NS5_T176I,NS5_I135T,NS2B_K60R,NS5_R749Q,NS5_Q644K,prM_M135I,E_Q52H,NS4B_T244A,NS2A_I33T,E_T226I,NS5_V335I,E_V129I,NS3_I140V,NS1_T265A,NS3_V567I,NS4A_D23N,C_K9R,NS2B_L21F,NS1_D281E,prM_K52N,NS1_N222S,E_R120T,NS5_I271V,prM_T162A,E_M6I,prM_D29N,NS1_I264T,NS1_Q131H,NS4B_F112L,NS5_K800T,NS2A_V177L,NS4A_R76K,NS1_V177A,NS3_K15R,E_I484V,prM_A152I,prM_T82A,prM_H148Y,NS3_M13V,NS3_I333M,NS1_L247I,NS1_S80T,NS2B_D63E,NS3_R248K,NS5_I5T,NS3_V273I,NS2A_I171A,NS2A_V5I,prM_M83T,E_N390S,NS1_T117A,NS5_S15N,NS3_A120T,NS3_V395I,NS3_A160T,NS4B_L13F,E_T478S,prM_I127V,NS5_R98K,NS5_I687V,NS1_K174R,E_H149N,NS5_A865T,NS1_S128L,E_E71A,NS5_M70L,NS4B_V115I,C_L108M,NS2A_M136I,NS2B_V59I,NS3_R186K,NS3_I461V,NS1_F178S,NS4B_A19T,NS5_G605V,NS5_S676N,prM_V120A,E_I462V,C_M104I,NS4B_V48I,NS5_K570R,NS1_K272R,NS4A_I89V,C_S101T)",10181,2II_F.1.2,NA,NA,NA,NA,NA,NA,NA,"Colombia,Amazonas,NA",-4.2081,-69.9432
hDenV2/Colombia/un-UDEA-LET1270/2023,DENV2,II-Cosmopolitan,EPI_ISL_18474700,2023-02-08,South America,Colombia,Amazonas,NA,NA,Human,NA,unknown,unknown,unknown,"(NS5_I637A,NS5_R430G,NS5_T176I,NS5_I135T,NS2B_K60R,NS5_Q644K,prM_M135I,E_Q52H,NS4B_T244A,NS5_V335I,E_V129I,NS3_I140V,NS1_T265A,NS4A_D23N,C_K9R,NS2B_L21F,NS1_D281E,prM_K52N,NS1_N222S,E_R120T,NS5_I271V,prM_T162A,E_M6I,prM_D29N,NS1_I264T,NS1_Q175H,NS1_Q131H,NS4B_F112L,NS5_K800T,NS4A_R76K,NS3_K15R,E_I484V,prM_A152I,prM_T82A,prM_H148Y,NS3_M13V,NS3_I333M,NS1_L247I,NS1_S80T,NS2B_D63E,NS5_I5T,NS3_V273I,NS5_E831A,NS2A_I171A,NS2A_V5I,prM_M83T,E_N390S,NS1_T117A,NS5_S15N,NS3_A120T,NS3_V395I,NS3_A160T,NS4B_L13F,E_T478S,prM_I127V,NS5_R98K,NS5_I687V,NS5_T290I,NS1_K174R,NS2A_V109A,E_H149N,NS5_A865T,NS1_S128L,E_E71A,NS5_M70L,NS4B_V115I,C_L108M,NS2A_M136I,NS2B_V59I,NS3_R186K,NS3_I461V,NS1_F178S,NS4B_A19T,NS5_G605V,NS5_S676N,prM_V120A,E_I462V,C_M104I,NS4B_V48I,NS5_K570R,NS1_K272R,NS4A_I89V,C_S101T)",10181,2II_F.1.2,NA,NA,NA,NA,NA,NA,NA,"Colombia,Amazonas,NA",-4.2081,-69.9432
hDenV2/Colombia/un-UDEA-LET1209/2022,DENV2,II-Cosmopolitan,EPI_ISL_18474701,2022-11-30,South America,Colombia,Amazonas,NA,NA,Human,NA,unknown,unknown,unknown,"(NS5_I637A,NS5_R430G,NS5_T176I,NS5_I135T,NS2B_K60R,NS5_Q644K,prM_M135I,E_Q52H,NS4B_T244A,NS5_V335I,E_V129I,NS3_I140V,NS1_T265A,NS4A_D23N,C_K9R,NS2B_L21F,NS1_D281E,prM_K52N,NS1_N222S,E_R120T,NS5_I271V,prM_T162A,E_M6I,prM_D29N,NS1_I264T,NS1_Q175H,NS1_Q131H,NS4B_F112L,NS5_K800T,NS4A_R76K,NS3_K15R,E_I484V,prM_A152I,prM_T82A,prM_H148Y,NS3_M13V,NS3_I333M,NS1_L247I,NS1_S80T,NS2B_D63E,NS5_I5T,NS3_V273I,NS5_E831A,NS2A_I171A,NS2A_V5I,prM_M83T,NS3_I442V,E_N390S,NS1_T117A,NS5_S15N,NS3_A120T,NS3_V395I,NS3_A160T,NS4B_L13F,E_T478S,prM_I127V,NS5_R98K,NS5_I687V,NS5_T290I,NS1_K174R,NS2A_V109A,E_H149N,NS5_A865T,NS1_S128L,E_E71A,NS5_M70L,NS4B_V115I,C_L108M,NS2A_M136I,NS2B_V59I,NS3_R186K,NS3_I461V,NS1_F178S,NS4B_A19T,NS5_G605V,NS5_S676N,prM_V120A,E_I462V,C_M104I,NS4B_V48I,NS5_K570R,NS1_K272R,NS4A_I89V,C_S101T)",10181,2II_F.1.2,NA,NA,NA,NA,NA,NA,NA,"Colombia,Amazonas,NA",-4.2081,-69.9432
hDenV2/Colombia/un-UDEA-1160/2022,DENV2,II-Cosmopolitan,EPI_ISL_18474702,2022-11-04,South America,Colombia,NA,NA,NA,Human,NA,unknown,unknown,unknown,"(NS5_I637A,NS5_R430G,NS5_T176I,NS5_I135T,NS2B_K60R,NS5_Q644K,prM_M135I,E_Q52H,NS4B_T244A,NS5_V335I,E_V129I,NS3_I140V,NS1_T265A,NS4A_D23N,C_K9R,NS5_V164I,NS2B_L21F,NS1_D281E,prM_K52N,NS1_N222S,E_R120T,NS5_I271V,prM_T162A,E_M6I,prM_D29N,NS1_I264T,NS1_Q175H,NS1_Q131H,NS4B_F112L,NS5_K800T,NS4A_R76K,NS3_K15R,E_I484V,prM_A152I,prM_T82A,prM_H148Y,NS3_M13V,NS3_I333M,NS1_L247I,NS1_S80T,NS2B_D63E,NS5_I5T,NS3_V273I,NS2A_I171A,NS2A_V5I,prM_M83T,E_N390S,NS1_T117A,NS5_S15N,NS3_A120T,NS3_V395I,NS3_A160T,NS4B_L13F,E_T478S,NS5_K383R,prM_I127V,NS5_R98K,NS5_I687V,NS5_T290I,NS1_K174R,E_H149N,NS5_A865T,NS1_S128L,E_E71A,NS5_M70L,NS4B_V115I,C_L108M,NS2A_M136I,NS2B_V59I,NS3_R186K,NS3_I461V,NS1_F178S,NS4B_A19T,NS5_G605V,NS5_S676N,prM_V120A,E_I462V,C_M104I,NS4B_V48I,NS5_K570R,NS1_K272R,NS4A_I89V,C_S101T)",10723,2II_F.1.2,NA,NA,NA,NA,NA,NA,NA,"Colombia,NA,NA",4.59808,-74.076044
hDenV2/Colombia/un-UDEA-LET1269/2023,DENV2,II-Cosmopolitan,EPI_ISL_18474703,2023-02-08,South America,Colombia,Amazonas,NA,NA,Human,NA,unknown,unknown,unknown,"(NS5_I637A,NS5_R430G,NS5_T176I,NS5_I135T,NS2B_K60R,NS5_Q644K,prM_M135I,E_Q52H,NS4B_T244A,NS5_V335I,E_V129I,NS3_I140V,NS1_T265A,NS4A_D23N,NS5_K548E,C_K9R,NS5_V164I,NS2B_L21F,NS1_D281E,prM_K52N,NS1_N222S,E_R120T,NS5_I271V,prM_T162A,E_M6I,prM_D29N,NS1_I264T,NS1_Q175H,NS1_Q131H,NS4B_F112L,NS5_K800T,NS4A_R76K,NS3_K15R,E_I484V,prM_A152I,prM_T82A,prM_H148Y,NS3_M13V,NS3_I333M,NS1_L247I,NS1_S80T,NS2B_D63E,NS5_I5T,NS3_V273I,NS2A_I171A,NS2A_V5I,prM_M83T,E_N390S,NS1_T117A,NS5_S15N,NS3_A120T,NS3_V395I,NS3_A160T,NS4B_L13F,E_T478S,NS5_K383R,prM_I127V,NS5_R98K,NS5_I687V,NS5_T290I,NS1_K174R,E_H149N,NS5_A865T,NS1_S128L,E_E71A,NS5_M70L,NS4B_V115I,C_L108M,NS2A_M136I,NS2B_V59I,NS3_R186K,NS3_I461V,NS1_F178S,NS4B_A19T,NS5_G605V,NS5_S676N,prM_V120A,E_I462V,C_M104I,NS4B_V48I,NS5_K570R,NS1_K272R,NS4A_I89V,C_S101T,NS1_A205T)",10181,2II_F.1.2,NA,NA,NA,NA,NA,NA,NA,"Colombia,Amazonas,NA",-4.2081,-69.9432
hDenV2/Colombia/un-UDEA-LET1206/2022,DENV2,II-Cosmopolitan,EPI_ISL_18474704,2022-11-30,South America,Colombia,Amazonas,NA,NA,Human,NA,unknown,unknown,unknown,"(NS5_I637A,NS5_R430G,NS5_T176I,NS5_I135T,NS2B_K60R,NS5_Q644K,prM_M135I,E_Q52H,NS4B_T244A,NS5_V335I,E_V129I,NS3_I140V,NS1_T265A,NS4A_D23N,C_K9R,NS5_V164I,NS2B_L21F,NS1_D281E,prM_K52N,NS1_N222S,E_R120T,NS5_I271V,prM_T162A,E_M6I,prM_D29N,NS1_I264T,NS1_Q175H,NS1_Q131H,NS4B_F112L,NS5_K800T,NS4A_R76K,NS3_K15R,E_I484V,prM_A152I,prM_T82A,prM_H148Y,NS3_M13V,NS3_I333M,NS1_L247I,NS1_S80T,NS2B_D63E,NS5_I5T,NS3_V273I,NS2A_I171A,NS2A_V5I,prM_M83T,E_N390S,NS1_T117A,NS5_S15N,NS3_A120T,NS3_V395I,NS3_A160T,NS4B_L13F,E_T478S,NS5_K383R,prM_I127V,NS5_R98K,NS5_I687V,NS5_T290I,NS1_K174R,E_H149N,NS5_A865T,NS1_S128L,E_E71A,NS5_M70L,NS4B_V115I,C_L108M,NS2A_M136I,NS2B_V59I,NS3_R186K,NS3_I461V,NS1_F178S,NS4B_A19T,NS5_G605V,NS5_S676N,prM_V120A,E_I462V,C_M104I,NS4B_V48I,NS5_K570R,NS1_K272R,NS4A_I89V,C_S101T)",10181,2II_F.1.2,NA,NA,NA,NA,NA,NA,NA,"Colombia,Amazonas,NA",-4.2081,-69.9432
hDenV2/Colombia/un-UDEA-LET1202/2022,DENV2,II-Cosmopolitan,EPI_ISL_18474705,2022-11-26,South America,Colombia,Amazonas,NA,NA,Human,NA,unknown,unknown,unknown,"(NS5_I637A,NS5_R430G,NS5_T176I,NS5_I135T,NS2B_K60R,NS5_Q644K,prM_M135I,E_Q52H,NS4B_T244A,NS5_V335I,E_V129I,NS3_I140V,NS1_T265A,NS4A_D23N,C_K9R,NS2B_L21F,NS1_D281E,prM_K52N,NS1_N222S,E_R120T,NS5_I271V,prM_T162A,E_M6I,prM_D29N,NS1_I264T,NS1_Q175H,NS1_Q131H,NS4B_F112L,NS5_K800T,NS4A_R76K,NS3_K15R,E_I484V,prM_A152I,prM_T82A,prM_H148Y,NS3_M13V,NS3_I333M,NS1_L247I,NS1_S80T,NS2B_D63E,NS5_I5T,NS3_V273I,NS5_E831A,NS2A_I171A,NS2A_V5I,prM_M83T,E_N390S,NS1_T117A,NS5_S15N,NS3_A120T,NS3_V395I,NS3_A160T,NS4B_L13F,E_T478S,prM_I127V,NS5_R98K,NS5_I687V,NS5_T290I,NS1_K174R,NS2A_V109A,E_H149N,NS5_A865T,NS1_S128L,E_E71A,NS5_M70L,NS4B_V115I,C_L108M,NS2A_M136I,NS2B_V59I,NS3_R186K,NS3_I461V,NS1_F178S,NS4B_A19T,NS5_G605V,NS5_S676N,prM_V120A,E_I462V,C_M104I,NS4B_V48I,NS5_K570R,NS1_K272R,NS4A_I89V,C_S101T)",10181,2II_F.1.2,NA,NA,NA,NA,NA,NA,NA,"Colombia,Amazonas,NA",-4.2081,-69.9432
hDenV2/Colombia/un-UDEA-LET1172/2022,DENV2,II-Cosmopolitan,EPI_ISL_18474706,2022-11-10,South America,Colombia,Amazonas,NA,NA,Human,NA,unknown,unknown,unknown,"(NS5_I637A,NS5_R430G,NS5_T176I,NS5_I135T,NS2B_K60R,NS5_Q644K,prM_M135I,E_Q52H,NS4B_T244A,NS5_V335I,E_V129I,NS3_I140V,NS1_T265A,NS4A_D23N,C_K9R,NS2B_L21F,NS1_D281E,prM_K52N,NS1_N222S,E_R120T,NS5_I271V,prM_T162A,E_M6I,prM_D29N,NS1_I264T,NS1_Q175H,NS1_Q131H,NS4B_F112L,NS5_K800T,NS4A_R76K,NS3_K15R,E_I484V,prM_A152I,prM_T82A,prM_H148Y,NS3_M13V,NS3_I333M,NS1_L247I,NS1_S80T,NS2B_D63E,NS5_I5T,NS3_V273I,NS2A_I171A,NS2A_V5I,prM_M83T,E_N390S,NS1_T117A,NS5_S15N,NS3_A120T,NS3_V395I,NS3_A160T,NS4B_L13F,E_T478S,prM_I127V,NS5_R98K,NS5_I687V,NS5_T290I,NS1_K174R,NS2A_V109A,E_H149N,NS5_A865T,NS1_S128L,E_E71A,NS5_M70L,NS4B_V115I,C_L108M,NS2A_M136I,NS2B_V59I,NS3_R186K,NS3_I461V,NS1_F178S,NS4B_A19T,NS5_G605V,NS5_S676N,prM_V120A,E_I462V,C_M104I,NS4B_V48I,NS5_K570R,NS1_K272R,NS4A_I89V,C_S101T)",10181,2II_F.1.2,NA,NA,NA,NA,NA,NA,NA,"Colombia,Amazonas,NA",-4.2081,-69.9432
hDenV2/Colombia/un-UDEA-LET1225/2022,DENV2,II-Cosmopolitan,EPI_ISL_18474707,2022-12-13,South America,Colombia,Amazonas,NA,NA,Human,NA,unknown,unknown,unknown,"(NS5_I637A,NS5_R430G,NS5_T176I,NS5_I135T,NS2B_K60R,NS5_Q644K,prM_M135I,E_Q52H,NS4B_T244A,NS5_V335I,E_V129I,NS3_I140V,NS1_T265A,NS4A_D23N,C_K9R,NS2B_L21F,NS1_D281E,prM_K52N,NS1_N222S,E_R120T,NS5_I271V,prM_T162A,E_M6I,prM_D29N,NS1_I264T,NS1_Q131H,NS1_Q175H,NS4B_F112L,NS5_K800T,NS4A_R76K,NS3_K15R,E_I484V,prM_A152I,prM_T82A,prM_H148Y,NS3_M13V,NS3_I333M,NS1_L247I,NS1_S80T,NS2B_D63E,NS5_I5T,NS3_V273I,NS5_E831A,NS2A_I171A,NS2A_V5I,prM_M83T,E_N390S,NS1_T117A,NS5_S15N,NS3_A120T,NS3_V395I,NS3_A160T,NS4B_L13F,E_T478S,prM_I127V,NS5_R98K,NS5_I687V,NS5_T290I,NS1_K174R,NS2A_V109A,E_H149N,NS5_A865T,NS1_S128L,E_E71A,NS5_M70L,NS4B_V115I,C_L108M,NS2A_M136I,NS2B_V59I,NS3_R186K,NS3_I461V,NS1_F178S,NS4B_A19T,NS5_G605V,NS5_S676N,prM_V120A,E_I462V,C_M104I,NS4B_V48I,NS5_K570R,NS1_K272R,NS4A_I89V,C_S101T)",10181,2II_F.1.2,NA,NA,NA,NA,NA,NA,NA,"Colombia,Amazonas,NA",-4.2081,-69.9432
hDenV2/Colombia/un-UDEA-LET1282/2023,DENV2,II-Cosmopolitan,EPI_ISL_18474708,2023-02-09,South America,Colombia,Amazonas,NA,NA,Human,NA,unknown,unknown,unknown,"(NS5_I637A,NS5_R430G,NS5_T176I,NS5_I135T,NS2B_K60R,NS5_R749Q,NS5_Q644K,prM_M135I,E_Q52H,NS4B_T244A,NS2A_I33T,E_T226I,NS5_V335I,E_V129I,NS3_I140V,NS1_T265A,NS3_V567I,NS4A_D23N,C_K9R,NS2B_L21F,NS1_D281E,prM_K52N,NS1_N222S,E_R120T,NS5_I271V,prM_T162A,E_M6I,prM_D29N,NS1_I264T,NS1_Q131H,NS4B_F112L,NS5_K800T,NS2A_V177L,NS4A_R76K,NS1_V177A,NS3_K15R,E_I484V,prM_A152I,prM_T82A,prM_H148Y,NS3_M13V,NS3_I333M,NS1_L247I,NS1_S80T,NS2B_D63E,NS3_R248K,NS5_I5T,NS3_V273I,NS2A_I171A,NS2A_V5I,prM_M83T,E_N390S,NS1_T117A,NS5_S15N,NS3_A120T,NS3_V395I,NS3_A160T,NS4B_L13F,E_T478S,prM_I127V,NS5_R98K,NS5_I687V,NS1_K174R,E_H149N,NS5_A865T,NS1_S128L,E_E71A,NS5_M70L,NS4B_V115I,C_L108M,NS2A_M136I,NS2B_V59I,NS3_R186K,NS3_I461V,NS1_F178S,NS4B_A19T,NS5_G605V,NS5_S676N,prM_V120A,E_I462V,C_M104I,NS4B_V48I,NS5_K570R,NS1_K272R,NS4A_I89V,C_S101T)",10181,2II_F.1.2,NA,NA,NA,NA,NA,NA,NA,"Colombia,Amazonas,NA",-4.2081,-69.9432
hDenV2/Colombia/un-UDEA-35H/2022,DENV2,II-Cosmopolitan,EPI_ISL_18474709,2022-05-18,South America,Colombia,NA,NA,NA,Human,NA,unknown,unknown,unknown,"(NS5_I637A,NS5_R430G,NS5_T176I,NS5_I135T,NS2B_K60R,NS5_Q644K,prM_M135I,E_Q52H,NS4B_T244A,NS5_V335I,E_V129I,NS3_I140V,NS1_T265A,NS4A_D23N,C_K9R,NS1_D281E,NS2B_L21F,prM_K52N,NS1_N222S,E_R120T,NS5_I271V,prM_T162A,E_M6I,prM_D29N,NS1_I264T,NS1_Q175H,NS1_Q131H,NS4B_F112L,NS2A_I108V,NS5_K800T,NS4A_R76K,NS3_K15R,E_I484V,prM_A152I,prM_T82A,prM_H148Y,NS3_M13V,NS3_I333M,NS1_L247I,NS1_S80T,NS2B_D63E,NS5_I5T,NS3_V273I,NS2A_I171A,NS2A_V5I,prM_M83T,E_N390S,NS1_T117A,NS5_S15N,NS3_A120T,NS3_V395I,NS3_A160T,NS4B_L13F,E_T478S,prM_I127V,NS5_R98K,NS5_I687V,NS1_K174R,NS2A_V109A,E_H149N,NS5_A865T,NS2B_V43A,NS1_S128L,E_E71A,NS5_M70L,NS4B_V115I,C_L108M,NS2A_M136I,NS2B_V59I,NS3_R186K,NS3_I461V,NS1_F178S,NS4B_A19T,NS5_G605V,NS5_S676N,prM_V120A,E_I462V,C_M104I,C_G103S,NS4B_V48I,NS5_K570R,NS1_K272R,NS4A_I89V,C_S101T)",10672,2II_F.1.2,NA,NA,NA,NA,NA,NA,NA,"Colombia,NA,NA",4.59808,-74.076044
hDenV2/Colombia/un-UDEA-LET1266/2023,DENV2,II-Cosmopolitan,EPI_ISL_18474710,2023-02-03,South America,Colombia,Amazonas,NA,NA,Human,NA,unknown,unknown,unknown,"(NS5_I637A,NS5_R430G,NS5_T176I,NS5_I135T,NS2B_K60R,NS5_R749Q,NS5_Q644K,prM_M135I,E_Q52H,NS4B_T244A,NS2A_I33T,E_T226I,NS5_V335I,E_V129I,NS3_I140V,NS1_T265A,NS3_V567I,NS4A_D23N,C_K9R,NS2B_L21F,NS1_D281E,prM_K52N,NS1_N222S,E_R120T,NS5_I271V,prM_T162A,E_M6I,prM_D29N,NS1_I264T,NS1_Q131H,NS4B_F112L,NS5_K800T,NS2A_V177L,NS4A_R76K,NS1_V177A,NS3_K15R,E_I484V,prM_A152I,prM_T82A,prM_H148Y,NS3_M13V,NS3_I333M,NS1_L247I,NS1_S80T,NS2B_D63E,NS3_R248K,NS5_I5T,NS3_V273I,NS2A_I171A,NS2A_V5I,prM_M83T,E_N390S,NS1_T117A,NS5_S15N,NS3_A120T,NS3_V395I,NS3_A160T,NS4B_L13F,E_T478S,prM_I127V,NS5_R98K,NS5_I687V,NS1_K174R,E_H149N,NS5_A865T,NS1_S128L,E_E71A,NS5_M70L,NS4B_V115I,C_L108M,NS2A_M136I,NS2B_V59I,NS3_R186K,NS3_I461V,NS1_F178S,NS4B_A19T,NS5_G605V,NS5_S676N,prM_V120A,E_I462V,C_M104I,NS4B_V48I,NS5_K570R,NS1_K272R,NS4A_I89V,C_S101T)",10181,2II_F.1.2,NA,NA,NA,NA,NA,NA,NA,"Colombia,Amazonas,NA",-4.2081,-69.9432
hDenV2/Colombia/un-UDEA-1153/2022,DENV2,II-Cosmopolitan,EPI_ISL_18474711,2022-11-04,South America,Colombia,NA,NA,NA,Human,NA,unknown,unknown,unknown,"(NS5_I637A,NS5_R430G,NS5_T176I,NS5_I135T,NS2B_K60R,NS5_Q644K,prM_M135I,E_Q52H,NS4B_T244A,NS5_V335I,E_V129I,NS3_I140V,NS1_T265A,NS4A_D23N,C_K9R,NS2B_L21F,NS1_D281E,prM_K52N,NS1_N222S,E_R120T,NS5_I271V,prM_T162A,E_M6I,prM_D29N,NS1_I264T,NS1_Q175H,NS1_Q131H,NS4B_F112L,NS5_K800T,NS4A_R76K,NS3_K15R,E_I484V,prM_A152I,prM_T82A,prM_H148Y,NS3_M13V,NS3_I333M,NS1_L247I,NS1_S80T,NS2B_D63E,NS5_I5T,NS3_V273I,NS5_E831A,NS2A_I171A,NS2A_V5I,prM_M83T,E_N390S,NS1_T117A,NS5_S15N,NS3_A120T,NS3_V395I,NS3_A160T,NS4B_L13F,E_T478S,prM_I127V,NS5_R98K,NS5_I687V,NS5_T290I,NS1_K174R,NS2A_V109A,E_H149N,NS5_A865T,NS1_S128L,E_E71A,NS5_M70L,NS4B_V115I,C_L108M,NS2A_M136I,NS2B_V59I,NS3_R186K,NS3_I461V,NS1_F178S,NS4B_A19T,NS5_G605V,NS5_S676N,prM_V120A,E_I462V,C_M104I,NS4B_V48I,NS5_K570R,NS1_K272R,NS4A_I89V,C_S101T)",10647,2II_F.1.2,NA,NA,NA,NA,NA,NA,NA,"Colombia,NA,NA",4.59808,-74.076044
hDenV2/Colombia/un-UDEA-1142/2022,DENV2,II-Cosmopolitan,EPI_ISL_18474712,2022-10-27,South America,Colombia,NA,NA,NA,Human,NA,unknown,unknown,unknown,"(NS5_I637A,NS5_R430G,NS5_T176I,NS5_I135T,NS2B_K60R,NS5_Q644K,prM_M135I,E_Q52H,NS4B_T244A,NS5_V335I,E_V129I,NS3_I140V,NS1_T265A,NS4A_D23N,C_K9R,NS5_V164I,NS2B_L21F,NS1_D281E,prM_K52N,NS1_N222S,E_R120T,NS5_I271V,prM_T162A,E_M6I,prM_D29N,NS1_I264T,NS1_Q175H,NS1_Q131H,NS4B_F112L,NS5_K800T,NS4A_R76K,NS3_K15R,E_I484V,prM_A152I,prM_T82A,prM_H148Y,NS3_M13V,NS3_I333M,NS1_L247I,NS1_S80T,NS2B_D63E,NS5_I5T,NS3_V273I,NS2A_I171A,NS2A_V5I,prM_M83T,E_N390S,NS1_T117A,NS5_S15N,NS3_A120T,NS3_V395I,NS3_A160T,NS4B_L13F,E_T478S,NS5_K383R,prM_I127V,NS5_R98K,NS5_I687V,NS5_T290I,NS1_K174R,E_H149N,NS5_A865T,NS1_S128L,E_E71A,NS5_M70L,NS4B_V115I,C_L108M,NS2A_M136I,NS2B_V59I,NS3_R186K,NS3_I461V,NS1_F178S,NS4B_A19T,NS5_G605V,NS5_S676N,prM_V120A,E_I462V,C_M104I,NS4B_V48I,NS5_K570R,NS1_K272R,NS4A_I89V,C_S101T)",10723,2II_F.1.2,NA,NA,NA,NA,NA,NA,NA,"Colombia,NA,NA",4.59808,-74.076044
hDenV2/Colombia/un-UDEA-1120/2022,DENV2,II-Cosmopolitan,EPI_ISL_18474713,2022-10-13,South America,Colombia,NA,NA,NA,Human,NA,unknown,unknown,unknown,"(NS5_I637A,NS5_R430G,NS5_T176I,NS5_I135T,NS2B_K60R,NS5_Q644K,prM_M135I,E_Q52H,NS4B_T244A,NS5_V335I,E_V129I,NS3_I140V,NS1_T265A,NS4A_D23N,C_K9R,NS2B_L21F,NS1_D281E,prM_K52N,NS1_N222S,E_R120T,NS5_I271V,prM_T162A,E_M6I,prM_D29N,NS1_I264T,NS1_Q175H,NS1_Q131H,NS4B_F112L,NS3_I281F,NS5_K800T,NS4A_R76K,NS3_K15R,E_I484V,prM_A152I,prM_T82A,prM_H148Y,NS3_M13V,NS3_I333M,NS1_L247I,NS1_S80T,NS2B_D63E,NS5_I5T,NS3_V273I,NS2A_I171A,NS2A_V5I,prM_M83T,E_N390S,NS1_T117A,NS5_S15N,NS3_A120T,NS3_V395I,NS3_A160T,NS4B_L13F,E_T478S,E_Y488H,prM_I127V,NS5_R98K,NS5_I687V,NS5_T290I,NS1_K174R,NS2A_V109A,E_H149N,NS5_A865T,NS1_S128L,E_M340V,E_E71A,NS5_M70L,NS4B_V115I,C_L108M,NS2A_M136I,NS2B_V59I,NS3_R186K,NS3_I461V,NS1_F178S,NS4B_A19T,NS5_G605V,NS5_S676N,prM_V120A,E_I462V,C_M104I,NS4B_V48I,NS5_K570R,NS1_K272R,NS4A_I89V,C_S101T)",10524,2II_F.1.2,NA,NA,NA,NA,NA,NA,NA,"Colombia,NA,NA",4.59808,-74.076044
hDenV2/Colombia/un-UDEA-1147/2022,DENV2,II-Cosmopolitan,EPI_ISL_18474714,2022-10-28,South America,Colombia,NA,NA,NA,Human,NA,unknown,unknown,unknown,"(NS5_I637A,NS5_R430G,NS5_T176I,NS5_I135T,NS2B_K60R,NS5_Q644K,prM_M135I,E_Q52H,NS4B_T244A,NS5_V335I,E_V129I,NS3_I140V,NS1_T265A,NS4A_D23N,C_K9R,NS5_V164I,NS2B_L21F,NS1_D281E,prM_K52N,NS1_N222S,E_R120T,NS5_I271V,prM_T162A,E_M6I,prM_D29N,NS1_I264T,NS1_Q175H,NS1_Q131H,NS4B_F112L,NS5_K800T,NS4A_R76K,NS3_K15R,E_I484V,prM_A152I,prM_T82A,prM_H148Y,NS3_M13V,NS3_I333M,NS1_L247I,NS1_S80T,NS2B_D63E,NS5_I5T,NS3_V273I,NS2A_I171A,NS2A_V5I,prM_M83T,E_N390S,NS1_T117A,NS5_S15N,NS3_A120T,NS3_V395I,NS3_A160T,NS4B_L13F,E_T478S,NS5_K383R,prM_I127V,NS5_R98K,NS5_I687V,NS5_T290I,NS1_K174R,E_H149N,NS5_A865T,NS1_S128L,E_E71A,NS5_M70L,NS4B_V115I,C_L108M,NS2A_M136I,NS2B_V59I,NS3_R186K,NS3_I461V,NS1_F178S,NS4B_A19T,NS5_G605V,NS5_S676N,prM_V120A,E_I462V,C_M104I,NS4B_V48I,NS5_K570R,NS1_K272R,NS4A_I89V,C_S101T)",10723,2II_F.1.2,NA,NA,NA,NA,NA,NA,NA,"Colombia,NA,NA",4.59808,-74.076044
hDenV2/Colombia/un-UDEA-1146/2022,DENV2,II-Cosmopolitan,EPI_ISL_18474715,2022-10-28,South America,Colombia,NA,NA,NA,Human,NA,unknown,unknown,unknown,"(NS5_I637A,NS5_R430G,NS5_T176I,NS5_I135T,NS2B_K60R,NS5_Q644K,prM_M135I,E_Q52H,NS4B_T244A,E_T359I,NS5_V335I,E_V129I,NS3_I140V,NS1_T265A,NS4A_D23N,C_K9R,NS5_V164I,NS2B_L21F,NS1_D281E,prM_K52N,NS1_N222S,E_R120T,NS5_I271V,prM_T162A,E_M6I,prM_D29N,NS1_I264T,NS1_Q175H,NS1_Q131H,NS4B_F112L,NS5_K800T,NS4A_R76K,NS3_K15R,E_I484V,prM_A152I,prM_T82A,prM_H148Y,NS3_M13V,NS3_I333M,NS1_L247I,NS1_S80T,NS2B_D63E,NS5_I5T,NS3_V273I,NS2A_I171A,NS2A_V5I,prM_M83T,E_N390S,NS1_T117A,NS5_S15N,NS3_A120T,NS3_V395I,NS3_A160T,NS4B_L13F,E_T478S,NS5_K383R,prM_I127V,NS5_R98K,NS5_I687V,NS5_T290I,NS1_K174R,E_H149N,NS5_A865T,NS1_S128L,E_E71A,NS5_M70L,NS4B_V115I,C_L108M,NS2A_M136I,NS2B_V59I,NS3_R186K,NS3_I461V,NS1_F178S,NS4B_A19T,NS5_G605V,NS5_S676N,prM_V120A,E_I462V,C_M104I,NS2A_N163S,NS4B_V48I,NS5_K570R,NS1_K272R,NS4A_I89V,C_S101T)",10642,2II_F.1.2,NA,NA,NA,NA,NA,NA,NA,"Colombia,NA,NA",4.59808,-74.076044
hDenV2/Colombia/un-UDEA-LET1185/2022,DENV2,II-Cosmopolitan,EPI_ISL_18474716,2022-11-23,South America,Colombia,Amazonas,NA,NA,Human,NA,unknown,unknown,unknown,"(NS5_I637A,NS5_R430G,NS5_T176I,NS5_I135T,NS2B_K60R,NS5_Q644K,prM_M135I,E_Q52H,NS4B_T244A,NS5_V335I,E_V129I,NS3_I140V,NS1_T265A,NS4A_D23N,C_K9R,NS5_V164I,NS2B_L21F,NS1_D281E,prM_K52N,NS1_N222S,E_R120T,NS5_I271V,prM_T162A,E_M6I,prM_D29N,NS1_I264T,NS1_Q175H,NS1_Q131H,NS4B_F112L,NS5_K800T,NS4A_R76K,NS3_K15R,E_I484V,prM_A152I,prM_T82A,prM_H148Y,NS3_M13V,NS3_I333M,NS1_L247I,NS1_S80T,NS2B_D63E,NS5_I5T,NS3_V273I,NS2A_I171A,NS2A_V5I,prM_M83T,E_N390S,NS1_T117A,NS5_S15N,NS3_A120T,NS3_V395I,NS3_A160T,NS4B_L13F,E_T478S,NS5_K383R,prM_I127V,NS5_R98K,NS5_I687V,NS5_T290I,NS1_K174R,E_H149N,NS5_A865T,NS1_S128L,E_E71A,NS5_M70L,NS4B_V115I,C_L108M,NS2A_M136I,NS2B_V59I,NS3_R186K,NS3_I461V,NS1_F178S,NS4B_A19T,NS5_G605V,NS5_S676N,prM_V120A,E_I462V,C_M104I,NS4B_V48I,NS5_K570R,NS1_K272R,NS4A_I89V,C_S101T)",10181,2II_F.1.2,NA,NA,NA,NA,NA,NA,NA,"Colombia,Amazonas,NA",-4.2081,-69.9432
hDenV2/Colombia/un-UDEA-LET1251/2023,DENV2,II-Cosmopolitan,EPI_ISL_18474717,2023-01-06,South America,Colombia,Amazonas,NA,NA,Human,NA,unknown,unknown,unknown,"(NS5_I637A,NS5_R430G,NS5_T176I,NS5_I135T,NS2B_K60R,NS5_Q644K,prM_M135I,E_Q52H,NS4B_T244A,NS5_V335I,E_V129I,NS3_I140V,NS1_T265A,NS4A_D23N,C_K9R,NS5_V164I,NS2B_L21F,NS1_D281E,prM_K52N,NS1_N222S,E_R120T,NS5_I271V,prM_T162A,E_M6I,prM_D29N,NS1_I264T,NS1_Q175H,NS1_Q131H,NS4B_F112L,NS5_K800T,NS4A_R76K,NS3_K15R,E_I484V,prM_A152I,prM_T82A,prM_H148Y,NS3_M13V,NS3_I333M,NS1_L247I,NS1_S80T,NS2B_D63E,NS5_I5T,NS3_V273I,NS2A_I171A,NS2A_V5I,prM_M83T,E_N390S,NS1_T117A,NS5_S15N,NS3_A120T,NS3_V395I,NS3_A160T,NS4B_L13F,E_T478S,NS5_K383R,prM_I127V,NS5_R98K,NS5_I687V,NS5_T290I,NS1_K174R,E_H149N,NS5_A865T,NS1_S128L,E_E71A,NS5_M70L,NS4B_V115I,C_L108M,NS2A_M136I,NS2B_V59I,NS3_R186K,NS3_I461V,NS1_F178S,NS4B_A19T,NS5_G605V,NS5_S676N,prM_V120A,E_I462V,C_M104I,NS4B_V48I,NS5_K570R,NS1_K272R,NS4A_I89V,C_S101T)",10181,2II_F.1.2,NA,NA,NA,NA,NA,NA,NA,"Colombia,Amazonas,NA",-4.2081,-69.9432
hDenV2/Colombia/un-UDEA-LET1275/2023,DENV2,II-Cosmopolitan,EPI_ISL_18474718,2023-02-08,South America,Colombia,Amazonas,NA,NA,Human,NA,unknown,unknown,unknown,"(NS5_I637A,NS3_H451Y,NS5_R430G,NS5_T176I,NS5_I135T,NS2B_K60R,NS5_Q644K,prM_M135I,E_Q52H,NS4B_T244A,NS5_V335I,E_V129I,NS3_I140V,NS1_T265A,NS4A_D23N,C_K9R,NS2B_L21F,NS1_D281E,prM_K52N,NS1_N222S,E_R120T,NS5_I271V,prM_T162A,E_M6I,prM_D29N,NS1_I264T,NS1_Q131H,NS1_Q175H,NS4B_F112L,NS5_K800T,NS4A_R76K,NS3_K15R,E_I484V,prM_A152I,prM_T82A,prM_H148Y,NS3_M13V,NS3_I333M,NS1_L247I,NS1_S80T,NS2B_D63E,NS5_I5T,NS3_V273I,NS2A_I171A,NS2A_V5I,prM_M83T,NS2A_T104I,E_N390S,NS1_T117A,NS5_S15N,NS3_A120T,NS3_V395I,NS3_A160T,NS4B_L13F,E_T478S,prM_I127V,NS5_R98K,NS5_I687V,NS5_T290I,NS1_K174R,NS2A_V109A,E_H149N,NS5_A865T,NS1_S128L,E_E71A,NS5_M70L,NS4B_V115I,C_L108M,NS2A_M136I,NS2B_V59I,NS3_R186K,NS3_I461V,NS1_F178S,NS4B_A19T,NS5_G605V,NS5_S676N,prM_V120A,E_I462V,C_M104I,NS4B_V48I,NS5_K570R,NS1_K272R,NS4A_I89V,C_S101T)",10181,2II_F.1.2,NA,NA,NA,NA,NA,NA,NA,"Colombia,Amazonas,NA",-4.2081,-69.9432
hDenV2/Colombia/un-UDEA-2395/2022,DENV2,II-Cosmopolitan,EPI_ISL_18474719,2022-12-09,South America,Colombia,NA,NA,NA,Human,NA,unknown,unknown,unknown,"(NS5_I637A,NS5_R430G,NS5_T176I,NS5_I135T,NS2B_K60R,NS5_Q644K,prM_M135I,E_Q52H,NS4B_T244A,E_T359I,NS5_V335I,E_V129I,NS3_I140V,NS1_T265A,NS4A_D23N,C_K9R,NS5_V164I,NS2B_L21F,NS1_D281E,prM_K52N,NS1_N222S,E_R120T,NS5_I271V,prM_T162A,E_M6I,prM_D29N,NS1_I264T,NS1_Q175H,NS1_Q131H,NS4B_F112L,NS5_K800T,NS4A_R76K,NS3_K15R,E_I484V,prM_A152I,prM_T82A,prM_H148Y,NS3_M13V,NS3_I333M,NS1_L247I,NS1_S80T,NS2B_D63E,NS5_I5T,NS3_V273I,NS2A_I171A,NS2A_V5I,prM_M83T,E_N390S,NS1_T117A,NS5_S15N,NS3_A120T,NS3_V395I,NS3_A160T,NS4B_L13F,E_T478S,NS5_K383R,prM_I127V,NS5_R98K,NS5_I687V,NS5_T290I,NS1_K174R,E_H149N,NS5_A865T,NS1_S128L,E_E71A,NS5_M70L,NS4B_V115I,C_L108M,NS2A_M136I,NS2B_V59I,NS3_R186K,NS3_I461V,NS1_F178S,NS4B_A19T,NS5_G605V,NS5_S676N,prM_V120A,E_I462V,C_M104I,NS2A_N163S,NS4B_V48I,NS5_K570R,NS1_K272R,NS4A_I89V,C_S101T)",10723,2II_F.1.2,NA,NA,NA,NA,NA,NA,NA,"Colombia,NA,NA",4.59808,-74.076044
hDenV2/Colombia/un-UDEA-LET1235/2022,DENV2,II-Cosmopolitan,EPI_ISL_18474720,2022-12-17,South America,Colombia,Amazonas,NA,NA,Human,NA,unknown,unknown,unknown,"(NS5_I637A,NS5_R430G,NS5_T176I,NS5_I135T,NS2B_K60R,NS5_R749Q,NS5_Q644K,prM_M135I,E_Q52H,NS4B_T244A,NS2A_I33T,E_T226I,NS5_V335I,E_V129I,NS3_I140V,NS1_T265A,NS3_V567I,NS4A_D23N,C_K9R,NS2B_L21F,NS1_D281E,prM_K52N,NS1_N222S,E_M412I,E_R120T,NS5_I271V,prM_T162A,E_M6I,prM_D29N,NS1_I264T,NS1_Q131H,NS4B_F112L,NS5_K800T,NS2A_V177L,NS4A_R76K,NS1_V177A,NS3_K15R,E_I484V,prM_A152I,prM_T82A,prM_H148Y,NS3_M13V,NS3_I333M,NS1_L247I,NS1_S80T,NS2B_D63E,NS3_R248K,NS5_I5T,NS3_V273I,NS2A_I171A,NS2A_V5I,prM_M83T,E_N390S,NS1_T117A,NS5_S15N,NS3_A120T,NS3_V395I,NS3_A160T,NS4B_L13F,E_T478S,prM_I127V,NS5_R98K,NS5_I687V,NS1_K174R,E_H149N,NS5_A865T,NS1_S128L,E_E71A,NS5_M70L,NS4B_V115I,C_L108M,NS2A_M136I,NS2B_V59I,NS3_R186K,NS3_I461V,NS1_F178S,NS4B_A19T,NS5_G605V,NS5_S676N,prM_V120A,E_I462V,C_M104I,NS4B_V48I,NS5_K570R,NS1_K272R,NS4A_I89V,C_S101T)",10181,2II_F.1.2,NA,NA,NA,NA,NA,NA,NA,"Colombia,Amazonas,NA",-4.2081,-69.9432
hDenV2/Colombia/un-UDEA-LET1191/2022,DENV2,II-Cosmopolitan,EPI_ISL_18474721,2022-11-22,South America,Colombia,Amazonas,NA,NA,Human,NA,unknown,unknown,unknown,"(NS5_I637A,NS5_R430G,NS5_T176I,NS5_I135T,NS2B_K60R,NS5_Q644K,prM_M135I,E_Q52H,NS4B_T244A,NS5_V335I,E_V129I,NS3_I140V,NS1_T265A,NS4A_D23N,C_K9R,NS2B_L21F,NS1_D281E,prM_K52N,NS1_N222S,E_R120T,NS5_I271V,prM_T162A,E_M6I,prM_D29N,NS1_I264T,NS1_Q175H,NS1_Q131H,NS4B_F112L,NS5_K800T,NS4A_R76K,NS3_K15R,E_I484V,prM_A152I,prM_T82A,prM_H148Y,NS3_M13V,NS3_I333M,NS1_L247I,NS1_S80T,NS2B_D63E,NS5_I5T,NS3_V273I,NS5_E831A,NS2A_I171A,NS2A_V5I,prM_M83T,E_N390S,NS1_T117A,NS5_S15N,NS3_A120T,NS3_V395I,NS3_A160T,NS4B_L13F,E_T478S,prM_I127V,NS5_R98K,NS5_I687V,NS5_T290I,NS1_K174R,NS2A_V109A,E_H149N,NS5_A865T,NS1_S128L,E_E71A,NS5_M70L,NS4B_V115I,C_L108M,NS2A_M136I,NS2B_V59I,NS3_R186K,NS3_I461V,NS1_F178S,NS4B_A19T,NS5_G605V,NS5_S676N,prM_V120A,E_I462V,C_M104I,NS4B_V48I,NS5_K570R,NS1_K272R,NS4A_I89V,C_S101T)",10181,2II_F.1.2,NA,NA,NA,NA,NA,NA,NA,"Colombia,Amazonas,NA",-4.2081,-69.9432
hDenV2/Colombia/un-UDEA-LET1170/2022,DENV2,II-Cosmopolitan,EPI_ISL_18474722,2022-11-09,South America,Colombia,Amazonas,NA,NA,Human,NA,unknown,unknown,unknown,"(NS5_I637A,NS5_R430G,NS5_T176I,NS5_I135T,NS2B_K60R,NS5_Q644K,prM_M135I,E_Q52H,NS4B_T244A,NS5_V335I,E_V129I,NS3_I140V,NS1_T265A,NS4A_D23N,C_K9R,NS5_V164I,NS2B_L21F,NS1_D281E,prM_K52N,NS1_N222S,E_R120T,NS5_I271V,prM_T162A,E_M6I,prM_D29N,NS1_I264T,NS1_Q175H,NS1_Q131H,NS4B_F112L,NS5_K800T,NS4A_R76K,NS3_K15R,E_I484V,prM_A152I,prM_T82A,prM_H148Y,NS3_M13V,NS3_I333M,NS1_L247I,NS1_S80T,NS2B_D63E,NS5_I5T,NS3_V273I,NS2A_I171A,NS2A_V5I,prM_M83T,E_N390S,NS1_T117A,NS5_S15N,NS3_A120T,NS3_V395I,NS3_A160T,NS4B_L13F,E_T478S,NS5_K383R,prM_I127V,NS5_R98K,NS5_I687V,NS5_T290I,NS1_K174R,E_H149N,NS5_A865T,NS1_S128L,E_E71A,NS5_M70L,NS4B_V115I,C_L108M,NS2A_M136I,NS2B_V59I,NS3_R186K,NS3_I461V,NS1_F178S,NS4B_A19T,NS5_G605V,NS5_S676N,prM_V120A,E_I462V,C_M104I,NS4B_V48I,NS5_K570R,NS1_K272R,NS4A_I89V,C_S101T)",10181,2II_F.1.2,NA,NA,NA,NA,NA,NA,NA,"Colombia,Amazonas,NA",-4.2081,-69.9432
hDenV2/Colombia/un-UDEA-LET1181/2022,DENV2,II-Cosmopolitan,EPI_ISL_18474723,2022-11-17,South America,Colombia,Amazonas,NA,NA,Human,NA,unknown,unknown,unknown,"(NS5_I637A,NS5_R430G,NS5_T176I,NS5_I135T,NS2B_K60R,NS5_Q644K,prM_M135I,E_Q52H,NS4B_T244A,NS5_V335I,E_V129I,NS3_I140V,NS1_T265A,NS4A_D23N,C_K9R,NS2B_L21F,NS1_D281E,prM_K52N,NS1_N222S,E_R120T,NS5_I271V,prM_T162A,E_M6I,prM_D29N,NS1_I264T,NS1_Q175H,NS1_Q131H,NS4B_F112L,NS5_K800T,NS4A_R76K,NS3_K15R,E_I484V,prM_A152I,prM_T82A,prM_H148Y,NS3_M13V,NS3_I333M,NS1_L247I,NS1_S80T,NS2B_D63E,NS5_I5T,NS3_V273I,NS5_E831A,NS2A_I171A,NS2A_V5I,prM_M83T,E_N390S,NS1_T117A,NS5_S15N,NS3_A120T,NS3_V395I,NS3_A160T,NS4B_L13F,E_T478S,prM_I127V,NS5_R98K,NS5_I687V,NS5_T290I,NS1_K174R,NS2A_V109A,E_H149N,NS5_A865T,NS1_S128L,E_E71A,NS5_M70L,NS4B_V115I,C_L108M,NS2A_M136I,NS2B_V59I,NS3_R186K,NS3_I461V,NS1_F178S,NS4B_A19T,NS5_G605V,NS5_S676N,prM_V120A,E_I462V,C_M104I,NS4B_V48I,NS5_K570R,NS1_K272R,NS4A_I89V,C_S101T)",10181,2II_F.1.2,NA,NA,NA,NA,NA,NA,NA,"Colombia,Amazonas,NA",-4.2081,-69.9432
hDenV2/Colombia/un-UDEA-LET1193/2022,DENV2,II-Cosmopolitan,EPI_ISL_18474724,2022-11-21,South America,Colombia,Amazonas,NA,NA,Human,NA,unknown,unknown,unknown,"(NS5_I637A,NS5_R430G,NS5_T176I,NS5_I135T,NS2B_K60R,NS5_Q644K,prM_M135I,E_Q52H,NS4B_T244A,NS5_V335I,E_V129I,NS3_I140V,NS1_T265A,NS4A_D23N,C_K9R,NS5_V164I,NS2B_L21F,NS1_D281E,prM_K52N,NS1_N222S,E_R120T,NS5_I271V,prM_T162A,E_M6I,prM_D29N,NS1_I264T,NS1_Q175H,NS1_Q131H,NS4B_F112L,NS5_K800T,NS4A_R76K,NS3_K15R,E_I484V,prM_A152I,prM_T82A,NS2A_K142R,prM_H148Y,NS3_M13V,NS3_I333M,NS1_L247I,NS1_S80T,NS2B_D63E,NS5_I5T,NS3_V273I,NS2A_I171A,NS2A_V5I,prM_M83T,E_N390S,NS1_T117A,NS5_S15N,NS3_A120T,NS3_V395I,NS3_A160T,NS4B_L13F,E_T478S,NS5_K383R,prM_I127V,NS5_R98K,NS5_I687V,NS5_T290I,NS1_K174R,E_H149N,NS5_A865T,NS1_S128L,E_E71A,NS5_M70L,NS4B_V115I,C_L108M,NS2A_M136I,NS2B_V59I,NS3_R186K,NS3_I461V,NS1_F178S,NS4B_A19T,NS5_G605V,NS5_S676N,prM_V120A,E_I462V,C_M104I,NS4B_V48I,NS5_K570R,NS1_K272R,NS4A_I89V,C_S101T)",10181,2II_F.1.2,NA,NA,NA,NA,NA,NA,NA,"Colombia,Amazonas,NA",-4.2081,-69.9432
hDenV2/Colombia/un-UDEA-1114/2022,DENV2,II-Cosmopolitan,EPI_ISL_18474725,2022-10-11,South America,Colombia,NA,NA,NA,Human,NA,unknown,unknown,unknown,"(NS5_I637A,NS5_R430G,NS5_T176I,NS5_I135T,NS2B_K60R,NS5_Q644K,prM_M135I,E_Q52H,NS4B_T244A,NS5_V335I,E_V129I,NS3_I140V,NS1_T265A,NS4A_D23N,C_K9R,NS2B_L21F,NS1_D281E,prM_K52N,NS1_N222S,E_R120T,NS5_I271V,prM_T162A,E_M6I,prM_D29N,NS1_I264T,NS1_Q175H,NS1_Q131H,NS4B_F112L,NS5_K800T,NS4A_R76K,NS3_K15R,E_I484V,prM_A152I,prM_T82A,prM_H148Y,NS3_M13V,NS3_I333M,NS1_L247I,NS1_S80T,NS2B_D63E,NS5_I5T,NS3_V273I,NS5_E831A,NS2A_I171A,NS2A_V5I,prM_M83T,E_N390S,NS1_T117A,NS5_S15N,NS3_A120T,NS3_V395I,NS3_A160T,NS4B_L13F,E_T478S,prM_I127V,NS5_R98K,NS5_I687V,NS5_T290I,NS1_K174R,NS2A_V109A,E_H149N,NS5_A865T,NS1_S128L,E_E71A,NS5_M70L,NS4B_V115I,C_L108M,NS2A_M136I,NS2B_V59I,NS3_R186K,NS3_I461V,NS1_F178S,NS4B_A19T,NS5_G605V,NS5_S676N,prM_V120A,E_I462V,C_M104I,NS4B_V48I,NS5_K570R,NS1_K272R,NS4A_I89V,C_S101T)",10647,2II_F.1.2,NA,NA,NA,NA,NA,NA,NA,"Colombia,NA,NA",4.59808,-74.076044
hDenV2/Colombia/un-UDEA-LET1198/2022,DENV2,II-Cosmopolitan,EPI_ISL_18474726,2022-11-25,South America,Colombia,Amazonas,NA,NA,Human,NA,unknown,unknown,unknown,"(NS5_I637A,NS5_R430G,NS5_T176I,NS5_I135T,NS2B_K60R,NS5_Q644K,prM_M135I,E_Q52H,NS4B_T244A,NS5_V335I,E_V129I,NS3_I140V,NS1_T265A,NS4A_D23N,C_K9R,NS5_V164I,NS2B_L21F,NS1_D281E,prM_K52N,NS1_N222S,E_R120T,NS5_I271V,prM_T162A,E_M6I,prM_D29N,NS1_I264T,NS1_Q175H,NS1_Q131H,NS4B_F112L,NS5_K800T,NS4A_R76K,NS3_K15R,E_I484V,prM_A152I,prM_T82A,NS2A_K142R,prM_H148Y,NS3_M13V,NS3_I333M,NS1_L247I,NS1_S80T,NS2B_D63E,NS5_I5T,NS3_V273I,NS2A_I171A,NS2A_V5I,prM_M83T,E_N390S,NS1_T117A,NS5_S15N,NS3_A120T,NS3_V395I,NS3_A160T,NS4B_L13F,E_T478S,NS5_K383R,prM_I127V,NS5_R98K,NS5_I687V,NS5_T290I,NS1_K174R,E_H149N,NS5_A865T,NS1_S128L,E_E71A,NS5_M70L,NS4B_V115I,C_L108M,NS2A_M136I,NS2B_V59I,NS3_R186K,NS3_I461V,NS1_F178S,NS4B_A19T,NS5_G605V,NS5_S676N,prM_V120A,E_I462V,C_M104I,NS4B_V48I,NS5_K570R,NS1_K272R,NS4A_I89V,C_S101T)",10181,2II_F.1.2,NA,NA,NA,NA,NA,NA,NA,"Colombia,Amazonas,NA",-4.2081,-69.9432
hDenV2/Colombia/un-UDEA-LET1184/2022,DENV2,II-Cosmopolitan,EPI_ISL_18474727,2022-11-21,South America,Colombia,Amazonas,NA,NA,Human,NA,unknown,unknown,unknown,"(NS5_I637A,NS5_R430G,NS5_T176I,NS5_I135T,NS2B_K60R,NS5_Q644K,prM_M135I,E_Q52H,NS4B_T244A,NS5_V335I,E_V129I,NS3_I140V,NS1_T265A,NS4A_D23N,C_K9R,NS2B_L21F,NS1_D281E,prM_K52N,NS1_N222S,E_R120T,NS5_I271V,prM_T162A,E_M6I,prM_D29N,NS1_I264T,NS1_Q131H,NS1_Q175H,NS4B_F112L,NS5_K800T,NS4A_R76K,NS3_K15R,E_I484V,prM_A152I,prM_T82A,prM_H148Y,NS3_M13V,NS3_I333M,NS1_L247I,NS1_S80T,NS2B_D63E,NS5_I5T,NS3_V273I,NS5_E831A,NS2A_I171A,NS2A_V5I,prM_M83T,E_N390S,NS1_T117A,NS5_S15N,NS3_A120T,NS3_V395I,NS3_A160T,NS4B_L13F,E_T478S,prM_I127V,NS5_R98K,NS5_I687V,NS5_T290I,NS1_K174R,NS2A_V109A,E_H149N,NS5_A865T,NS1_S128L,E_E71A,NS5_M70L,NS4B_V115I,C_L108M,NS2A_M136I,NS2B_V59I,NS3_R186K,NS3_I461V,NS1_F178S,NS4B_A19T,NS5_G605V,NS5_S676N,prM_V120A,E_I462V,C_M104I,NS4B_V48I,NS5_K570R,NS1_K272R,NS4A_I89V,C_S101T)",10181,2II_F.1.2,NA,NA,NA,NA,NA,NA,NA,"Colombia,Amazonas,NA",-4.2081,-69.9432
hDenV2/Colombia/un-UDEA-LET1222/2022,DENV2,II-Cosmopolitan,EPI_ISL_18474728,2022-12-09,South America,Colombia,Amazonas,NA,NA,Human,NA,unknown,unknown,unknown,"(NS5_I637A,NS5_R430G,NS5_T176I,NS5_I135T,NS2B_K60R,NS5_Q644K,prM_M135I,E_Q52H,NS4B_T244A,E_T359I,NS5_V335I,E_V129I,NS3_I140V,NS1_T265A,NS4A_D23N,C_K9R,NS5_V164I,NS2B_L21F,NS1_D281E,prM_K52N,NS1_N222S,E_R120T,NS5_I271V,prM_T162A,E_M6I,prM_D29N,NS1_I264T,NS1_Q175H,NS1_Q131H,NS4B_F112L,NS5_K800T,NS4A_R76K,NS3_K15R,E_I484V,prM_A152I,prM_T82A,prM_H148Y,NS3_M13V,NS3_I333M,NS1_L247I,NS1_S80T,NS2B_D63E,NS5_I5T,NS3_V273I,NS2A_I171A,NS2A_V5I,prM_M83T,E_N390S,NS1_T117A,NS5_S15N,NS3_A120T,NS3_V395I,NS3_A160T,NS4B_L13F,E_T478S,NS5_K383R,prM_I127V,NS5_R98K,NS5_I687V,NS5_T290I,NS1_K174R,E_H149N,NS5_A865T,NS1_S128L,E_E71A,NS5_M70L,NS4B_V115I,C_L108M,NS2A_M136I,NS2B_V59I,NS3_R186K,NS3_I461V,NS1_F178S,NS4B_A19T,NS5_G605V,NS5_S676N,prM_V120A,E_I462V,C_M104I,NS2A_N163S,NS4B_V48I,NS5_K570R,NS1_K272R,NS4A_I89V,C_S101T)",10181,2II_F.1.2,NA,NA,NA,NA,NA,NA,NA,"Colombia,Amazonas,NA",-4.2081,-69.9432
hDenV2/Colombia/un-UDEA-LET1286/2023,DENV2,II-Cosmopolitan,EPI_ISL_18474729,2023-02-09,South America,Colombia,Amazonas,NA,NA,Human,NA,unknown,unknown,unknown,"(NS5_I637A,NS5_R430G,NS5_T176I,NS5_I135T,NS2B_K60R,NS5_Q644K,prM_M135I,E_Q52H,NS4B_T244A,NS5_V335I,E_V129I,NS3_I140V,NS1_T265A,NS4A_D23N,C_K9R,NS2B_L21F,NS1_D281E,prM_K52N,NS1_N222S,E_R120T,NS5_I271V,prM_T162A,E_M6I,prM_D29N,NS1_I264T,NS1_Q131H,NS1_Q175H,NS4B_F112L,NS5_K800T,NS4A_R76K,NS3_K15R,E_I484V,NS2B_V112M,prM_A152I,prM_T82A,prM_H148Y,NS3_M13V,NS3_I333M,NS1_L247I,NS1_S80T,NS2B_D63E,NS5_I5T,NS3_V273I,NS5_E831A,NS2A_I171A,NS2A_V5I,prM_M83T,E_N390S,NS1_T117A,NS5_S15N,NS3_A120T,NS3_V395I,NS3_A160T,NS4B_L13F,E_T478S,prM_I127V,NS5_R98K,NS5_I687V,NS5_T290I,NS1_K174R,NS2A_V109A,E_H149N,NS5_A865T,NS1_S128L,E_E71A,NS5_M70L,NS4B_V115I,C_L108M,NS2A_M136I,NS2B_V59I,NS3_R186K,NS3_I461V,NS1_F178S,NS4B_A19T,NS5_G605V,NS5_S676N,prM_V120A,E_I462V,C_M104I,NS4B_V48I,NS5_K570R,NS1_K272R,NS4A_I89V,C_S101T)",10181,2II_F.1.2,NA,NA,NA,NA,NA,NA,NA,"Colombia,Amazonas,NA",-4.2081,-69.9432
hDenV2/Colombia/VAC-LSPVAC-2306881/2023,DENV2,III-Asian-American,EPI_ISL_18566935,2023-08-18,South America,Colombia,Valle del Cauca,Buenaventura,NA,Human,NA,unknown,8,Live,"(NS5_Y247H,NS5_T390D,NS5_A378G,NS3_R561K,NS5_R749K,E_T359I,NS5_E558K,NS3_I140V,NS3_K142R,NS5_A19T,NS4B_E24D,C_K9R,NS5_T811A,NS5_V403S,E_R120T,NS2B_I78V,NS5_R396Q,NS4B_V175I,NS5_L670I,E_M6I,NS5_E384R,NS4B_F112L,NS5_R401K,NS5_M374D,NS5_A408S,NS2A_V109T,NS5_V156I,NS5_K375E,NS4A_R76K,NS1_V177A,C_N10S,NS4B_Q21R,NS5_E397R,E_I484V,NS5_I836V,NS5_C394V,NS5_A642T,NS3_M13V,NS2A_Q162R,NS5_V628I,NS4B_A137T,NS1_L247F,NS4A_I93V,prM_M83T,NS5_R404E,NS5_E398R,NS5_R392stop,E_K361R,NS5_T395Y,E_T478S,NS5_S405K,NS5_L381A,NS5_S429G,E_I170T,NS4B_Q22E,NS5_A865T,NS5_E501G,NS5_R891K,C_M104V,NS2A_M136I,NS2A_T189A,NS3_R186K,NS4B_A19T,prM_S15G,NS5_A407C,NS2A_A173T,NS5_G386R,NS1_K272R,NS3_T399A,C_S101T,NS5_I637A,NS3_R549K,NS5_I135T,prM_M135I,E_N203D,C_K17R,NS1_T265A,NS4B_D156E,NS3_V567I,NS4A_D23N,NS5_A196T,NS1_D281E,NS1_I212M,NS1_N222S,NS3_K28R,prM_T162A,NS1_K172R,NS1_I264T,NS5_T400H,NS2A_L153S,prM_M39I,NS5_S225T,NS5_I376N,NS5_L385T,NS5_K383E,NS5_L373V,E_V491A,NS2A_V174A,NS5_N406Q,NS3_L115I,NS2B_L109V,NS5_W380V,NS3_I333M,NS2A_T104A,NS3_R248K,NS1_A141S,NS5_R246K,NS5_M393N,NS5_S763T,NS2A_V5I,NS5_K514R,NS5_K388E,NS3_A120T,NS1_I93T,NS5_T377H,NS5_W382L,NS2A_H2L,E_M340T,E_V324I,E_I462V,NS5_I717V,E_V308I,E_V91I,NS5_E379R,NS3_K61R,C_V112A,NS5_S523G,NS5_F399I)",10645,2III_D.2,NA,NA,NA,NA,NA,NA,NA,"Colombia,Valle del Cauca,Buenaventura",3.8881929,-77.0738324
hDenV2/Colombia/VAC-LSPVAC-2307182/2023,DENV2,II-Cosmopolitan,EPI_ISL_18566936,2023-08-27,South America,Colombia,Valle del Cauca,Florida,NA,Human,NA,unknown,13,Hospitalized,"(NS5_T176I,NS5_I135T,NS2B_K60R,prM_M135I,E_Q52H,NS5_V335I,E_V129I,NS3_I140V,NS1_T265A,NS4A_D23N,C_K9R,NS2B_L21F,NS1_D281E,prM_K52N,NS1_N222S,E_R120T,NS5_I271V,prM_T162A,E_M6I,prM_D29N,NS1_I264T,NS1_Q175H,NS4B_F112L,NS4A_R76K,NS3_K15R,E_I484V,prM_A152I,prM_T82A,prM_H148Y,NS3_M13V,NS1_L247I,NS1_S80T,NS2B_D63E,NS3_V273I,NS2A_I171A,NS2A_V5I,prM_M83T,E_N390S,NS1_T117A,NS3_A120T,E_T478S,prM_I127V,NS5_R98K,NS5_T290I,NS1_K174R,NS2A_V109A,E_H149N,NS5_A865T,E_E71A,NS4B_V115I,C_L108M,NS2A_M136I,NS2B_V59I,NS3_R186K,NS1_F178S,NS5_G605V,prM_V120A,E_I462V,C_M104I,NS4B_V48I,NS5_K570R,NS1_K272R,C_S101T)",10326,2II_F.1.2,NA,NA,NA,NA,NA,NA,NA,"Colombia,Valle del Cauca,Florida",3.3256006,-76.2370118
hDenV2/Colombia/VAC-LSPVAC-2306457/2023,DENV2,II-Cosmopolitan,EPI_ISL_18566937,2023-08-14,South America,Colombia,Valle del Cauca,Palmira,NA,Human,NA,unknown,3,Live,"(NS5_T176I,NS5_I135T,prM_M135I,E_Q52H,NS5_V335I,E_V129I,NS1_T265A,NS4A_D23N,NS1_D281E,prM_K52N,NS1_N222S,E_R120T,NS5_I271V,prM_T162A,E_M6I,prM_D29N,NS1_I264T,NS1_Q175H,NS4B_F112L,NS4A_R76K,NS3_K15R,E_I484V,prM_A152I,prM_T82A,prM_H148Y,NS3_M13V,NS1_L247I,NS3_V273I,NS2A_I171A,NS2A_V5I,prM_M83T,E_N390S,E_T478S,prM_I127V,NS5_R98K,NS5_T290I,NS1_K174R,NS2A_V109A,E_H149N,NS5_A865T,E_E71A,NS4B_V115I,C_L108M,NS2A_M136I,NS3_R186K,NS1_F178S,NS5_G605V,prM_V120A,E_I462V,C_M104I,NS4B_V48I,NS5_K570R,NS1_K272R,C_S101T)",9998,2II_F.1.2,NA,NA,NA,NA,NA,NA,NA,"Colombia,Valle del Cauca,Palmira",3.5308373,-76.2988048
hDenV2/Colombia/VAC-LSPVAC-2306464/2023,DENV2,II-Cosmopolitan,EPI_ISL_18566938,2023-08-13,South America,Colombia,Valle del Cauca,Cali,NA,Human,NA,unknown,16,Live,"(NS5_T176I,NS5_I135T,NS2B_K60R,prM_M135I,E_Q52H,NS5_V335I,E_V129I,NS3_I140V,NS1_T265A,NS4A_D23N,C_K9R,NS2B_L21F,NS1_D281E,prM_K52N,NS1_N222S,E_R120T,NS5_I271V,prM_T162A,E_M6I,prM_D29N,NS1_I264T,NS1_Q175H,NS4B_F112L,NS4A_R76K,NS3_K15R,E_I484V,prM_A152I,prM_T82A,prM_H148Y,NS3_M13V,NS1_L247I,NS2B_D63E,NS3_V273I,NS2A_I171A,NS2A_V5I,prM_M83T,E_N390S,NS3_A120T,NS3_A160T,E_T478S,prM_I127V,NS5_R98K,NS5_T290I,NS1_K174R,NS2A_V109A,E_H149N,NS5_A865T,E_E71A,NS4B_V115I,C_L108M,NS2A_M136I,NS2B_V59I,NS3_R186K,NS1_F178S,NS5_G605V,prM_V120A,E_I462V,C_M104I,NS4B_V48I,NS5_K570R,NS1_K272R,C_S101T)",10326,2II_F.1.2,NA,NA,NA,NA,NA,NA,NA,"Colombia,Valle del Cauca,Cali",3.4519238,-76.5328732
hDenV2/Colombia/VAC-LSPVAC-06686-VI/2023,DENV2,III-Asian-American,EPI_ISL_18720080,2023-08-27,South America,Colombia,Valle del Cauca,Cali,NA,Human,NA,Male,17,Hospitalized,"(NS5_Y247H,NS5_R749K,E_T359I,C_K17R,E_N203D,NS3_I140V,NS3_K142R,NS5_A19T,NS1_T265A,NS4B_D156E,NS4A_D23N,NS4B_E24D,C_K9R,NS1_D281E,NS5_A196T,NS5_T811A,NS3_K28R,E_R120T,NS4B_V175I,NS1_I264T,prM_M39I,NS5_K375R,NS5_S225T,NS2A_V109T,NS4A_R76K,C_N10S,NS4B_Q21R,NS3_L115I,NS2B_L109V,NS3_M13V,NS3_I333M,NS4B_A137T,NS1_L247F,NS2A_T104A,NS3_R248K,NS1_A141S,NS4A_I93V,NS5_R246K,NS5_S763T,NS2A_V5I,prM_M83T,NS5_K388E,NS3_A120T,E_K361R,NS1_I93T,E_I170T,NS4B_Q22E,C_M104V,NS2A_H2L,E_M340T,NS3_R186K,E_V324I,NS4B_A19T,NS5_I717V,E_V91I,E_V308I,prM_S15G,NS3_K61R,C_V112A,C_S101T)",10642,2III_D.2,NA,NA,NA,NA,NA,NA,NA,"Colombia,Valle del Cauca,Cali",3.4519238,-76.5328732
hDenV2/Colombia/VAC-LSPVAC-08431-2-VI/2023,DENV2,III-Asian-American,EPI_ISL_18720082,2023-10-03,South America,Colombia,Valle del Cauca,Cali,NA,Human,NA,Male,60,Hospitalized,"(NS5_I637A,NS5_Y247H,NS5_I135T,prM_M135I,NS5_R749K,E_T359I,NS5_E558K,E_N203D,NS3_I140V,NS3_K142R,NS1_T265A,NS4B_P23S,NS4B_D156E,NS4A_D23N,C_K9R,NS1_D281E,NS1_I212M,NS5_A196T,NS5_T811A,NS1_N222S,NS3_K28R,E_R120T,NS4B_V175I,NS5_I271T,prM_T162A,NS5_L670I,E_M6I,NS2A_V174T,NS1_K172R,NS1_I264T,NS4B_F112L,NS2A_L153S,prM_M39I,NS5_K375R,NS5_S225T,NS2A_V109T,NS5_V156I,NS4A_R76K,NS1_E83D,E_V491A,C_N10S,E_I484V,NS2B_V40I,NS3_L115I,NS5_I836V,NS2B_L109V,NS3_M13V,NS3_I333M,NS5_V628I,NS1_L247F,NS2A_T104A,NS3_R248K,NS4A_I93V,NS5_R246K,NS5_S763T,NS2A_V5I,prM_M83T,NS1_Q98P,NS5_K514R,NS3_G14E,NS5_K388E,NS3_A120T,E_T478S,NS5_I687V,NS5_S429G,NS1_I93T,NS4B_Q22E,NS5_A865T,NS5_E501G,NS1_K170R,NS2B_K87R,C_M104V,NS5_A648T,E_M340T,NS2A_M136I,NS2A_T189A,NS3_R186K,E_V324I,NS4B_A19T,NS2B_A57T,NS5_I717V,E_V91I,E_V308I,prM_S15G,NS3_K61R,C_V112A,NS5_S523G,NS3_T399A,C_S101T)",10326,2III_D.2,NA,NA,NA,NA,NA,NA,NA,"Colombia,Valle del Cauca,Cali",3.4519238,-76.5328732
hDenV2/Colombia/VAC-LSPVAC-06459-VI/2023,DENV2,II-Cosmopolitan,EPI_ISL_18720084,2023-08-06,South America,Colombia,Valle del Cauca,Palmira,NA,Human,NA,Male,11,Live,"(NS5_T176I,NS5_I135T,prM_M135I,E_Q52H,NS5_V335I,E_V129I,NS4A_D23N,prM_K52N,NS1_N222S,E_R120T,NS5_I271V,prM_T162A,E_M6I,prM_D29N,NS1_Q175H,NS4B_F112L,NS4A_R76K,NS3_K15R,E_I484V,prM_A152I,prM_T82A,prM_H148Y,NS3_M13V,NS1_L247I,NS3_V273I,NS2A_V5I,prM_M83T,E_N390S,E_T478S,prM_I127V,NS5_R98K,NS5_T290I,NS1_K174R,E_H149N,NS5_A865T,E_E71A,NS4B_V115I,C_L108M,NS3_R186K,NS1_F178S,NS5_G605V,prM_V120A,E_I462V,C_M104I,NS4B_V48I,NS5_K570R,C_S101T)",9998,2II_F.1.2,NA,NA,NA,NA,NA,NA,NA,"Colombia,Valle del Cauca,Palmira",3.5308373,-76.2988048
hDenV2/Colombia/VAC-LSPVAC-08912-2-VI/2023,DENV2,III-Asian-American,EPI_ISL_18720086,2023-10-18,South America,Colombia,Valle del Cauca,Candelaria,NA,Human,NA,Female,44,Live,"(NS5_I637A,NS5_Y247H,NS3_R549K,NS5_I135T,prM_M135I,NS3_R561K,NS5_R749K,E_T359I,NS5_E558K,E_N203D,NS3_I140V,NS3_K142R,NS1_T265A,NS4B_P23S,NS4B_D156E,NS3_V567I,NS4A_D23N,C_K9R,NS1_D281E,NS1_I212M,NS5_A196T,NS5_T811A,NS1_N222S,NS3_K28R,E_R120T,NS4B_V175I,NS5_I271T,prM_T162A,NS5_L670I,E_M6I,NS2A_V174T,NS1_K172R,NS1_I264T,NS4B_F112L,NS2A_L153S,prM_M39I,NS5_K375R,NS5_S225T,NS2A_V109T,NS5_V156I,NS4A_R76K,NS1_E83D,E_V491A,C_N10S,E_I484V,NS2B_V40I,NS3_L115I,NS5_I836V,NS2B_L109V,NS3_M13V,NS3_I333M,NS5_V628I,NS1_L247F,NS2A_T104A,NS3_R248K,NS4A_I93V,NS5_R246K,NS5_S763T,NS2A_V5I,prM_M83T,NS1_Q98P,NS5_K514R,NS3_G14E,NS5_K388E,NS3_A120T,NS3_V577M,E_T478S,NS5_I687V,NS5_S429G,NS1_I93T,NS4B_Q22E,NS5_A865T,NS5_E501G,NS1_K170R,NS2B_K87R,C_M104V,NS5_A648T,E_M340T,NS2A_M136I,NS2A_T189A,NS3_R186K,E_V324I,NS4B_A19T,NS2B_A57T,NS5_I717V,E_V91I,E_V308I,prM_S15G,NS3_K61R,C_V112A,NS5_S523G,NS3_T399A,C_S101T)",10643,2III_D.2,NA,NA,NA,NA,NA,NA,NA,"Colombia,Valle del Cauca,Candelaria",3.4090481,-76.347379
hDenV2/Colombia/VAC-LSPVAC-02903-VI/2023,DENV2,III-Asian-American,EPI_ISL_18720100,2023-04-14,South America,Colombia,Valle del Cauca,Cali,NA,Human,NA,Male,32,Hospitalized,"(NS5_I637A,NS5_Y247H,NS5_I135T,prM_M135I,NS5_R749K,E_T359I,NS5_E558K,E_N203D,NS3_I140V,NS3_K142R,NS1_T265A,NS4B_P23S,NS4B_D156E,NS4A_D23N,C_K9R,NS1_D281E,NS1_I212M,NS5_A196T,NS5_T811A,NS1_N222S,NS3_K28R,E_R120T,NS4B_V175I,NS5_I271T,prM_T162A,NS5_L670I,E_M6I,NS2A_V174T,NS1_K172R,NS1_I264T,NS4B_F112L,NS2A_L153S,prM_M39I,NS5_K375R,NS5_S225T,NS2A_V109T,NS5_V156I,NS4A_R76K,NS1_E83D,E_V491A,C_N10S,E_I484V,NS2B_V40I,NS3_L115I,NS5_I836V,NS2B_L109V,NS3_M13V,NS3_I333M,NS5_V628I,NS1_L247F,NS2A_T104A,NS3_R248K,NS4A_I93V,NS5_R246K,NS5_S763T,NS2A_V5I,prM_M83T,NS1_Q98P,NS5_K514R,NS3_G14E,NS5_K388E,NS3_A120T,E_T478S,NS5_I687V,NS5_S429G,NS1_I93T,NS4B_Q22E,NS5_A865T,NS5_E501G,NS1_K170R,NS2B_K87R,C_M104V,NS5_A648T,E_M340T,NS2A_M136I,NS2A_T189A,NS3_R186K,E_V324I,NS4B_A19T,NS2B_A57T,NS5_I717V,E_V91I,E_V308I,prM_S15G,NS3_K61R,C_V112A,NS5_S523G,NS3_T399A,C_S101T)",10326,2III_D.2,NA,NA,NA,NA,NA,NA,NA,"Colombia,Valle del Cauca,Cali",3.4519238,-76.5328732
hDenV2/Colombia/VAC-LSPVAC-06054-VI/2023,DENV2,III-Asian-American,EPI_ISL_18720101,2023-08-03,South America,Colombia,Valle del Cauca,Palmira,NA,Human,NA,Female,5,Live,"(NS5_I637A,NS5_Y247H,NS3_R549K,prM_M135I,NS3_R561K,NS5_R749K,E_T359I,NS5_E558K,C_K17R,E_N203D,NS1_D281K,E_V347I,NS1_T265A,NS4B_D156E,NS3_V567I,NS4A_D23N,C_K9R,NS1_I212M,NS5_A196T,NS5_T811A,NS1_N222S,NS3_K28R,E_R120T,NS4B_V175I,prM_T162A,NS5_L670I,E_M6I,NS1_K172R,NS1_I264T,NS4B_F112L,NS2A_L153S,prM_M39I,NS5_K375R,NS5_S225T,NS2A_V109T,NS4A_R76K,E_V491A,C_N10S,E_I484V,NS5_I836V,NS2B_L109V,NS3_M13V,NS3_I333M,NS2A_Q162R,NS5_V628I,NS1_L247F,NS2A_T104A,NS3_R248K,NS4A_I93V,NS5_R246K,NS5_S763T,NS4A_R39K,NS2A_V5I,NS3_R187K,prM_M83T,E_V365I,NS5_K514R,E_T478S,NS3_V395A,NS1_I93T,E_I170T,NS4B_Q22E,NS5_A865T,C_M104V,NS2A_H2L,E_M340T,NS2A_M136I,NS2A_T189A,NS4A_R22K,E_V324I,NS4B_A19T,E_I462V,NS5_I717V,prM_S15G,E_V308I,E_V91I,NS3_K61R,C_V112A,NS3_T399A,C_S101T)",10325,2III_D.2,NA,NA,NA,NA,NA,NA,NA,"Colombia,Valle del Cauca,Palmira",3.5308373,-76.2988048
hDenV2/Colombia/VAC-LSPVAC-06490-VI/2023,DENV2,III-Asian-American,EPI_ISL_18720103,2023-08-21,South America,Colombia,Valle del Cauca,Cali,NA,Human,NA,Female,13,Hospitalized,"(NS5_Y247H,NS5_R749K,E_T359I,E_N203D,NS3_I140V,NS3_K142R,NS1_T265A,NS4B_P23S,NS4B_D156E,NS4A_D23N,C_K9R,NS1_D281E,NS1_I212M,NS5_A196T,NS5_T811A,NS1_N222S,NS3_K28R,E_R120T,NS4B_V175I,NS5_I271T,NS2A_V174T,NS1_I264T,NS1_K172R,NS4B_F112L,NS2A_L153S,NS5_K375R,NS5_S225T,NS2A_V109T,NS4A_R76K,C_N10S,NS3_L115I,NS5_I836V,NS2B_L109V,NS3_M13V,NS3_I333M,NS1_L247F,NS2A_T104A,NS3_R248K,NS4A_I93V,NS5_R246K,NS5_S763T,NS2A_V5I,NS3_G14E,NS5_K388E,NS3_A120T,NS5_S429G,C_I72T,NS4B_Q22E,NS5_A865T,NS1_K170R,E_M340T,NS2A_M136I,NS2A_T189A,NS3_R186K,E_V324I,NS4B_A19T,NS5_I717V,E_V91I,E_V308I,NS3_K61R,C_S101T)",10643,2III_D.2,NA,NA,NA,NA,NA,NA,NA,"Colombia,Valle del Cauca,Cali",3.4519238,-76.5328732
hDenV2/Colombia/VAC-LSPVAC-06607-VI/2023,DENV2,III-Asian-American,EPI_ISL_18720104,2023-07-31,South America,Colombia,Valle del Cauca,Dagua,NA,Human,NA,Male,65,Live,"(NS5_R749K,E_N203D,NS3_I140V,NS3_K142R,NS1_T265A,NS4B_P23S,NS4A_D23N,NS1_D281E,NS1_I212M,NS5_T811A,NS1_N222S,NS3_K28R,E_R120T,NS2A_V174T,NS1_K172R,NS1_I264T,NS4B_F112L,NS2A_L153S,prM_M39I,NS5_K375R,NS2A_V109T,NS4A_R76K,NS5_V334F,E_V491A,E_I484V,NS3_L115I,NS2B_L109V,NS3_M13V,NS3_I333M,NS1_L247F,NS2A_T104A,NS3_R248K,NS4A_I93V,NS5_S763T,NS2A_V5I,prM_M83T,NS3_G14E,NS5_K388E,NS3_A120T,E_T478S,NS4B_Q22E,NS5_A865T,NS1_K170R,C_M104V,E_M340T,NS2A_M136I,NS2A_T189A,NS3_R186K,E_V324I,NS4B_A19T,NS2A_L23V,NS5_I717V,E_V91I,E_V308I,prM_S15G,NS3_K61R,C_V112A,C_S101T)",9998,2III_D.2,NA,NA,NA,NA,NA,NA,NA,"Colombia,Valle del Cauca,Dagua",3.65186675,-76.72286276014650
hDenV2/Colombia/VAC-LSPVAC-00716-VI/2023,DENV2,III-Asian-American,EPI_ISL_18720106,2023-02-05,South America,Colombia,Valle del Cauca,Cali,NA,Human,NA,Female,11,Hospitalized,"(NS5_I637A,NS5_Y247H,E_E174D,NS5_R749K,NS5_E558K,C_K17R,E_N203D,NS3_I140V,NS3_K142R,NS1_T265A,NS4B_D156E,NS4B_E24D,C_K9R,NS1_D281E,NS1_I212M,NS5_A196T,NS5_T811A,NS1_N222S,NS3_K28R,E_R120T,NS4B_V175I,NS5_L670I,NS1_K172R,NS1_I264T,NS4B_F112L,NS2A_L153T,prM_M39I,NS5_K375R,NS5_S225T,NS2A_V109T,NS4A_R76K,NS1_V177A,C_N10S,NS2A_V174A,NS3_L115I,NS5_I836V,NS2B_L109V,NS3_M13V,NS3_I333M,NS2A_Q162R,NS5_V628I,NS4B_A137T,NS1_L247F,NS2A_T104A,NS3_R248K,NS4A_I93V,NS5_R246K,NS5_S763T,NS2A_V5I,prM_M83T,E_Q400R,NS5_K514R,NS3_A120T,E_K361R,NS5_S429G,NS1_I93T,E_I170T,NS4B_Q22E,NS5_A865T,NS5_E501G,C_M104V,NS2A_H2L,E_M340T,NS2A_M136I,NS2A_T189A,NS3_R186K,E_V324I,NS4B_A19T,NS5_I717V,E_V91I,E_V308I,prM_S15G,NS3_K61R,C_V112A,NS5_S523G,C_S101T)",10326,2III_D.2,NA,NA,NA,NA,NA,NA,NA,"Colombia,Valle del Cauca,Cali",3.4519238,-76.5328732
hDenV2/Colombia/VAC-LSPVAC-06002-VI/2023,DENV2,III-Asian-American,EPI_ISL_18720107,2023-08-01,South America,Colombia,Valle del Cauca,Cali,NA,Human,NA,Male,9,Hospitalized,"(NS5_I637A,NS5_Y247H,NS5_I135T,NS5_E526R,prM_M135I,NS5_R749K,E_T359I,E_N203D,NS3_I140V,NS3_K142R,NS1_T265A,NS4B_P23S,NS4B_D156E,NS4A_D23N,C_K9R,NS1_D281E,NS1_I212M,NS5_A196T,NS5_T811A,NS1_N222S,NS3_K28R,E_R120T,NS4B_V175I,NS5_I271T,prM_T162A,NS5_L670I,E_M6I,NS2A_V174T,NS1_K172R,NS1_I264T,NS5_D521E,NS5_P115S,NS4B_F112L,NS2A_L153S,prM_M39I,NS5_K375R,NS5_S225T,NS2A_V109T,NS5_V156I,NS4A_R76K,NS1_E83D,E_V491A,NS5_K525G,C_N10S,E_I484V,NS2B_V40I,NS3_L115I,NS5_I836V,NS2B_L109V,NS3_M13V,NS3_I333M,NS5_L519H,NS5_V628I,NS1_L247F,NS2A_T104A,NS3_R248K,NS4A_I93V,NS5_R246K,NS5_S763T,NS2A_V5I,prM_M83T,NS1_Q98P,NS5_K514R,NS3_G14E,NS5_K388E,NS3_A120T,E_T478S,NS5_I687V,NS1_I93T,NS4B_Q22E,NS5_A865T,NS5_E501G,NS1_K170R,NS2B_K87R,C_M104V,NS5_A648T,E_M340T,NS2A_M136I,NS2A_T189A,NS5_R520E,NS3_R186K,NS5_V522I,E_V324I,NS4B_A19T,NS2B_A57T,NS5_I717V,NS5_S523Q,E_V91I,E_V308I,prM_S15G,NS3_K61R,C_V112A,C_S101T)",10326,2III_D.2,NA,NA,NA,NA,NA,NA,NA,"Colombia,Valle del Cauca,Cali",3.4519238,-76.5328732
hDenV2/Colombia/VAC-LSPVAC-08879-2-VI/2023,DENV2,III-Asian-American,EPI_ISL_18720109,2023-10-10,South America,Colombia,Valle del Cauca,Palmira,NA,Human,NA,Female,61,Hospitalized,"(NS5_Y247H,NS3_R202K,E_T359I,NS3_G196S,E_N203D,C_K17R,NS1_D281K,E_V347I,NS1_T265A,NS4B_D156E,NS4A_D23N,C_K9R,NS1_I212M,NS5_A196T,NS1_N222S,NS3_K28R,E_R120T,NS4B_V175I,NS1_K172R,NS1_I264T,NS4B_F112L,NS2A_L153S,NS5_K375R,NS5_S225T,NS2A_V109T,NS4A_R76K,E_V491A,NS3_T200K,C_N10S,E_I484V,NS5_I836V,NS3_L204I,NS2B_L109V,NS3_K199R,NS3_M13V,NS3_I333M,NS2A_Q162R,NS1_L247F,NS2A_T104A,NS3_R248K,NS3_K201D,NS4A_I93V,NS5_R246K,NS3_L188I,NS3_R187K,NS3_G198S,E_V365I,NS5_K514R,NS3_Y203K,E_T478S,NS5_S429G,E_I170T,NS4B_Q22E,NS5_A865T,NS5_E501G,NS3_L193H,E_M340T,NS2A_M136I,NS2A_T189A,NS3_A206S,NS3_R186K,NS4A_R22K,E_V324I,NS4B_A19T,E_I462V,NS3_A197R,E_V308I,E_V91I,NS3_T189del,NS3_I190del,NS3_M191del,NS3_K61R,NS3_ins194GP,NS3_K185E,C_S101T)",10326,2III_D.2,NA,NA,NA,NA,NA,NA,NA,"Colombia,Valle del Cauca,Palmira",3.5308373,-76.2988048
hDenV2/Colombia/VAC-LSPVAC-09160-2-VI/2023,DENV2,III-Asian-American,EPI_ISL_18720112,2023-10-27,South America,Colombia,Valle del Cauca,Cali,NA,Human,NA,Female,63,Live,"(NS5_I135T,NS5_R749K,E_T359I,E_N203D,NS3_I140V,NS3_K142R,NS4B_P23S,NS5_A196T,NS5_T811A,NS3_K28R,E_R120T,NS2A_V174T,NS4B_F112L,NS2A_L153S,prM_M39I,NS5_K375R,C_R100K,NS2A_V109T,NS5_V156I,NS4A_R76K,E_V491A,E_I484V,NS3_L115I,NS2B_L109V,NS3_M13V,NS3_I333M,NS2A_T104A,NS3_R248K,NS4A_I93V,NS5_S763T,NS2A_V5I,prM_M83T,NS3_G14E,NS5_K388E,NS3_A120T,E_T478S,NS4B_Q22E,C_M104V,E_M340T,NS2A_M136I,NS2A_T189A,NS3_R186K,E_V324I,NS4B_A19T,NS5_I717V,E_V91I,E_V308I,prM_S15G,NS3_K61R,C_V112A,C_S101T)",9687,2III_D.2,NA,NA,NA,NA,NA,NA,NA,"Colombia,Valle del Cauca,Cali",3.4519238,-76.5328732
hDenV2/Colombia/VAC-LSPVAC-09410-2-VI/2023,DENV2,III-Asian-American,EPI_ISL_18720113,2023-10-24,South America,Colombia,Valle del Cauca,Yumbo,NA,Human,NA,Male,55,Live,"(NS5_I637A,NS5_Y247H,NS3_R549K,NS5_I135T,prM_M135I,NS3_R561K,NS5_R749K,E_T359I,NS5_E558K,E_N203D,NS3_I140V,NS3_K142R,NS1_T265A,NS4B_P23S,NS4B_D156E,NS3_V567I,NS4A_D23N,C_K9R,NS1_I212M,NS1_D281E,NS5_A196T,NS5_T811A,NS1_N222S,NS3_K28R,E_R120T,NS4B_V175I,NS5_I271T,prM_T162A,NS5_L670I,E_M6I,NS2A_V174T,NS1_K172R,NS1_I264T,NS4B_F112L,NS2A_L153S,prM_M39I,NS5_K375R,C_R100K,NS5_S225T,NS2A_V109T,NS5_V156I,NS4A_R76K,NS1_E83D,E_V491A,C_N10S,E_I484V,NS2B_V40I,NS3_L115I,NS5_I836V,NS2B_L109V,NS3_M13V,NS3_I333M,NS5_V628I,NS1_L247F,NS2A_T104A,NS3_R248K,NS4A_I93V,NS5_R246K,NS5_S763T,NS2A_V5I,prM_M83T,NS1_Q98P,NS5_K514R,NS3_G14E,NS5_K388E,NS3_A120T,NS3_V577M,E_T478S,NS5_I687V,NS5_S429G,NS1_I93T,NS4B_Q22E,NS5_A865T,NS5_E501G,NS1_K170R,NS2B_K87R,C_M104V,NS5_A648T,E_M340T,NS2A_M136I,NS2A_T189A,NS3_R186K,E_V324I,NS4B_A19T,NS2B_A57T,NS5_I717V,E_V91I,E_V308I,prM_S15G,NS3_K61R,C_V112A,NS5_S523G,C_S101T)",10326,2III_D.2,NA,NA,NA,NA,NA,NA,NA,"Colombia,Valle del Cauca,Yumbo",3.5834664,-76.4952223
hDenV2/Colombia/MET-NFDCN-CIMBIUR_207/2023,DENV2,II-Cosmopolitan,EPI_ISL_18917099,2023-05-01,South America,Colombia,Meta,Villavicencio,NA,Human,NA,unknown,unknown,unknown,"(NS5_I637A,NS5_R430G,NS5_T176I,NS5_I135T,NS2B_K60R,NS5_Q644K,prM_M135I,E_Q52H,NS4B_T244A,NS5_V335I,E_N203D,E_V129I,NS3_I140V,NS1_T265A,NS4A_D23N,C_K9R,NS5_V164I,NS2B_L21F,NS1_D281E,NS1_I212M,prM_K52N,NS1_N222S,E_R120T,NS5_I271V,prM_T162A,E_M6I,prM_D29N,NS1_I264T,NS1_Q131H,NS4B_F112L,NS5_K800T,prM_A152V,NS4A_R76K,NS3_K15R,E_I484V,prM_T82A,prM_H148Y,NS3_M13V,NS3_I333M,NS1_L247I,NS1_S80T,NS2B_D63E,NS5_I5T,NS3_V273I,NS2A_I171A,NS2A_V5I,prM_M83T,NS1_T117A,NS5_S15N,NS3_A120T,NS3_V395I,NS3_A160T,NS4B_L13F,E_T478S,prM_I127V,NS5_R98K,NS1_K174R,E_H149N,NS5_A865T,NS1_S128L,E_E71A,NS5_M70L,NS4B_V115I,C_L108M,NS2A_M136I,NS2B_V59I,NS3_I461V,E_V324I,NS1_F178S,NS4B_A19T,NS5_G605V,NS5_S676N,prM_V120A,E_I462V,C_M104I,NS4B_V48I,NS5_K570R,NS1_K272R,NS4A_I89V,C_S101T)",10177,2II_F.1.2,NA,NA,NA,NA,NA,NA,NA,"Colombia,Meta,Villavicencio",4.11145945,-73.4967836258948
hDenV2/Colombia/MET-NFDCN-CIMBIUR_237/2023,DENV2,II-Cosmopolitan,EPI_ISL_18917100,2023-05-03,South America,Colombia,Meta,Villavicencio,"4.083930, -73.669168",Human,NA,unknown,unknown,unknown,"(NS5_I637A,NS5_R430G,NS5_T176I,NS5_I135T,NS2B_K60R,NS5_Q644K,prM_M135I,E_Q52H,NS4B_T244A,NS5_V335I,E_N203D,E_V129I,NS3_I140V,NS1_T265A,NS4A_D23N,C_K9R,NS5_V164I,NS2B_L21F,NS1_D281E,NS1_I212M,prM_K52N,NS1_N222S,E_R120T,NS5_I271V,prM_T162A,E_M6I,prM_D29N,NS1_I264T,NS1_Q131H,NS4B_F112L,NS5_K800T,prM_A152V,NS4A_R76K,NS3_K15R,E_I484V,prM_T82A,prM_H148Y,NS3_M13V,NS3_I333M,NS1_L247I,NS1_S80T,NS2B_D63E,NS5_I5T,NS3_V273I,NS2A_I171A,NS2A_V5I,prM_M83T,E_N390S,NS1_T117A,NS5_S15N,NS3_A120T,NS3_V395I,NS3_A160T,NS4B_L13F,E_T478S,prM_I127V,NS5_R98K,E_H149N,NS5_A865T,NS1_S128L,E_E71A,NS5_M70L,NS4B_V115I,C_L108M,NS2A_M136I,NS2B_V59I,NS3_R186K,NS3_I461V,E_V324I,NS1_F178S,NS4B_A19T,NS5_G605V,NS5_S676N,prM_V120A,E_I462V,C_M104I,NS4B_V48I,NS5_K570R,NS1_K272R,NS4A_I89V,C_S101T)",10177,2II_F.1.2,NA,NA,NA,NA,NA,NA,NA,"Colombia,Meta,Villavicencio",4.11145945,-73.4967836258948
hDenV2/Colombia/VAC-LSPVAC-2401688/2024,DENV2,unassigned,EPI_ISL_19216381,2024-01-23,South America,Colombia,Valle del Cauca,El Cerrito,NA,Human,NA,Male,4,Live,"(NS5_P170N,NS2A_S28G,NS4A_L8T,NS5_F881Y,NS2A_S16A,E_Q228G,NS3_K550R,NS2A_T36V,NS2B_R91E,NS2A_K67D,E_A354V,NS2A_L41V,prM_A70S,NS4A_Q15T,NS2A_M86T,NS2B_V109L,NS5_T565E,NS1_K206L,NS4B_M53L,NS2B_M112V,NS4A_S34A,NS3_Q61K,NS2A_T49S,NS5_I181V,E_A331S,E_T81S,NS2B_F123L,NS5_K166N,prM_S147T,NS1_K40S,NS2A_L42T,NS2A_I15M,E_A243P,NS5_V413T,NS1_I246N,E_I114V,NS3_K249R,NS3_K237R,NS5_R386K,NS3_E568V,NS3_V183I,NS3_P175N,NS1_W153L,NS1_E208D,E_D37N,prM_T149F,NS2B_D88N,E_L308V,NS5_K130V,NS5_A854S,NS3_F556I,prM_R55L,NS5_E158A,NS1_V54I,NS2A_L56V,NS3_R202K,NS5_N877E,NS1_I224H,E_A386Q,NS3_A170K,NS2A_I17L,NS4A_I52L,NS2A_L32A,prM_M159T,NS3_L176del,NS4B_I48F,NS2A_V22M,NS5_T860K,E_I436L,NS4A_R20K,NS3_K216G,NS2A_N63T,NS1_Q147N,NS4B_D80G,NS2A_N51R,NS5_Q371K,NS4A_Q36A,NS2A_M78L,NS5_S892E,prM_K151R,E_T95S,NS5_T883P,E_Q347V,E_Q323R,NS5_N528A,NS3_A508S,NS4A_Q22R,NS5_R367E,NS2A_S7N,E_C479L,E_A481L,NS1_E205A,NS1_R214K,NS2A_M31H,NS5_I408L,NS2A_I19L,NS5_V190I,NS4B_V31I,prM_F139I,NS4A_R42N,E_V380I,NS1_W50H,NS5_R378E,NS2A_S109A,NS3_L26K,NS2A_F93L,NS3_S553A,NS3_V17E,NS4A_I61L,E_R410K,NS2A_M68I,NS5_V864T,E_S305K,E_N89R,E_E384P,NS2A_V39S,E_A382V,E_M484V,NS2A_L37A,NS4B_T56S,NS3_S230A,NS1_A213E,E_I439V,E_V432I,NS2A_M45T,NS2A_L12V,NS2B_D93Q,NS2A_L48M,NS5_T98K,NS1_Q177V,prM_E58Q,NS5_G604V,E_T230N,E_T242N,NS2A_M33I,NS5_V310T,NS5_A370K,NS5_I372L,NS4A_R76K,E_V322I,NS2A_A38V,E_G344K,E_T19S,NS5_P558G,E_T277L,NS5_A92G,NS1_I162V,NS4B_V112L,E_L59Y,NS3_R609K,NS3_Q172I,NS3_A233E,NS2A_L104T,E_I425L,E_V345R,NS2A_C57M,NS5_N890R,NS3_R187K,NS5_P525E,E_E362D,E_E375D,NS2A_M23L,NS4B_L97I,prM_L160A,E_T276N,NS2B_L99I,NS2B_K100R,NS5_H828P,NS3_G174D,NS2B_A105V,NS4A_E46S,NS3_V38A,NS1_L212I,NS5_K551M,NS5_I156V,NS3_K169E,NS1_V21I,NS2B_A116I,E_V320I,NS3_V36I,E_T275G,E_G7S,NS1_A44S,NS4B_A74T,NS5_K96N,NS3_R619K,NS4B_A62V,NS2B_D92E,NS1_I152S,NS4B_I64V,NS5_K584P,E_D360E,E_R93K,NS1_A36P,E_V4I,E_G458L,NS3_L65I,NS3_D579E,E_V379I,NS3_R593K,NS2A_R82K,NS3_K255R,NS2B_K126V,NS5_Q195A,E_F96M,E_N232I,NS5_K125R,NS2A_W27V,NS5_I392M,NS2B_T102G,NS5_E543L,E_R94H,NS5_V411I,prM_S81T,NS2A_R95K,NS3_M578V,NS5_R173N,NS3_M239L,NS1_I251V,NS5_D544E,E_L15V,NS4A_L17M,NS1_T222S,NS2B_L118A,NS3_V45T,E_E342L,NS3_Y60H,NS5_K364E,NS5_E895A,E_A18G,NS2A_A112S,NS3_A168T,NS2B_A101T,E_T272M,E_A280T,prM_M49I,NS5_K389T,E_V122K,NS4B_H34R,NS5_S385G,NS5_D893E,prM_A29N,NS2A_L108I,NS3_T246P,NS5_D554N,NS3_L30I,NS3_E536D,NS2A_C14G,NS5_L562K,NS2A_M18F,prM_Q82A,NS5_V375I,NS3_I22A,NS3_V248I,NS4B_T60S,E_I293Q,E_K363S,NS5_L193M,E_L113I,prM_K16R,NS4A_N33T,E_L125M,prM_G152I,E_S112G,prM_D89E,NS2A_T80A,prM_I136M,NS5_A561K,NS5_M196L,NS4B_I85L,E_T346H,E_K120T,NS5_V591I,E_E249D,prM_I148Y,NS1_Y175H,NS2A_R99K,E_L463I,NS5_L879T,NS4A_V29A,NS4A_F72L,NS4B_M114L,E_D330G,E_L462V,E_T442A,E_K385G,E_A406M,E_K288R,NS1_N23D,E_T478S,NS4B_I75V,NS5_I552V,prM_G7N,NS4A_M45L,NS4A_K39R,E_M477V,NS3_R28K,prM_E72S,NS4B_T61S,prM_Q119H,E_Y132P,NS5_A583T,E_V55T,NS5_S830E,NS5_F383E,E_D235E,NS5_A365P,NS5_N387K,NS4A_M56L,E_N348L,E_D71A,NS4B_V116I,NS5_Q547K,E_K343E,NS3_S250A,NS2A_T72V,NS5_P894E,NS1_S174R,E_L468M,NS2A_L103M,prM_V123I,prM_T162A,prM_V135I,NS4B_M28I,E_K136E,NS5_A117S,NS5_I340M,prM_I120A,NS5_K569R,E_K124N,prM_D62E,NS1_N7S,NS2A_V106I,NS3_E182D,E_A404T,NS4A_D50E,NS1_D173E,NS2A_L102M,NS5_G174N,NS1_R182K,E_I480V,NS5_P312Q,NS4A_A59T,E_L236T,E_L321V,NS1_D37E,NS5_A550E,E_E229S,NS3_H486C,NS3_T490K,prM_A127V,NS4A_M30V,E_T123K,NS2A_S65T,NS4A_K12R,E_L466I,NS3_V573I,E_V446A,NS4A_S3T,NS2A_Q47N,NS5_ins175I,E_V300S,NS1_H181S,E_L46I,E_N52H,E_V23I,NS3_S198A,NS4A_D5N,E_V312I,NS5_G382K,NS3_V221I,NS2B_Q125E,NS5_N585R,NS1_R172K,prM_H142Y,NS1_E24N,E_S66T,NS3_R569K,NS5_S313T,prM_R19K,NS1_R41K,prM_S28E,E_T88K,NS3_E14G,E_S338E,NS2A_G35L,prM_I153L,NS5_E818Q,NS1_K192R,NS4A_L78I,E_Q340M,NS2B_Y110F,E_I65L,E_A80P,NS2A_V101L,NS5_V835I,E_I278L,NS2A_I54G,E_T51K,E_S339I,NS4A_V2L,E_S227Q,E_T329D,NS3_D19E,E_L435A,E_L447A,NS5_M167L,NS2B_F119A,NS3_R33Y,NS4A_V68I,NS5_E374K,E_Q234K,NS4B_L106I,prM_T59N,NS5_Y127Q,NS5_D834E,NS5_S566A,NS5_Y103L,NS4A_H16F,NS3_T7V,E_I43F,NS2A_V111L,NS3_N188R,NS1_T176D,NS4A_L64V,NS5_I524K,E_V83N,NS3_A518D,NS3_S517V,prM_I37M,prM_T57R,NS1_G10N,NS3_Q42K,E_V50A,NS2B_V120A,E_K400Q,NS1_I6V,prM_K122R,E_R233Q,NS5_I555H,NS3_Q557N,prM_K52N,NS1_G248A,prM_L138A,E_S225D,NS1_Y247I,NS5_E295Q,NS2A_T44I,NS3_S71D,NS5_P363Q,NS3_F41Y,NS3_S559A,E_E309V,NS3_N481E,NS2A_S2H,NS2A_I58V,NS1_D145N,prM_V64I,NS5_T192K,NS5_A897V,NS4A_V63T,NS5_I521V,NS2A_M83V,NS5_K889R,NS3_S548A,prM_A143T,NS2A_V5I,E_G383E,E_K325Q,NS4A_G4L,E_I461V,NS3_S1A,NS1_R11K,NS5_N297H,NS4A_I10M,NS2A_S25T,NS3_V274I,NS3_E12P,NS4A_L73M,E_G274S,NS3_T601I,NS5_R871S,prM_I56L,NS2A_T34L,NS1_G47Q,E_K118M,prM_A96V,NS2A_E4Q,prM_L101M,E_A443I,NS2A_A64M,NS5_H200Y,NS4A_T69F,NS1_S191N,NS2A_V89A,NS1_N146T,NS3_L509M,NS1_V178S,NS2A_R29T,NS1_S43A,NS2A_W50F)",9998,2II_F.1.2,NA,NA,NA,NA,NA,NA,NA,"Colombia,Valle del Cauca,El Cerrito",3.6829185,-76.3071487
hDenV2/Colombia/VAC-LSPVAC-2401760/2024,DENV2,III-Asian-American,EPI_ISL_19216382,2024-01-02,South America,Colombia,Valle del Cauca,Buenaventura,NA,Human,NA,Male,9,Live,"(NS5_I637A,NS5_Y247H,NS3_R549K,NS3_R561K,NS5_R749K,E_T359I,NS5_E558K,C_K17R,E_N203D,NS3_I140V,NS3_K142R,NS5_A19T,NS4B_D156E,NS3_V567I,NS4A_D23N,NS4B_E24D,C_K9R,NS5_A196T,NS5_T811A,NS3_K28R,E_R120T,NS2B_I78V,NS4B_V175I,NS5_L670I,prM_M39I,NS5_K375R,NS5_S225T,NS2A_V109T,NS4A_R76K,C_N10S,NS4B_Q21R,NS3_L115I,NS5_I836V,NS2B_L109V,NS5_A642T,NS3_M13V,NS3_I333M,NS5_V628I,NS4B_A137T,NS2A_T104A,NS3_R248K,NS4A_I93V,NS5_R246K,NS5_S763T,NS2A_V5I,prM_M83T,NS5_K514R,NS5_K388E,NS3_A120T,E_K361R,NS5_S429G,E_I170T,NS4B_Q22E,NS5_A865T,NS5_E501G,C_M104V,NS2A_H2L,E_M340T,NS3_R186K,E_V324I,E_E343G,NS4B_A19T,NS5_I717V,E_V91I,E_V308I,prM_S15G,NS3_K61R,C_V112A,NS5_S523G,C_S101T)",10326,2III_D.2,NA,NA,NA,NA,NA,NA,NA,"Colombia,Valle del Cauca,Buenaventura",3.8881929,-77.0738324
hDenV2/Colombia/VAC-LSPVAC-2401890/2024,DENV2,III-Asian-American,EPI_ISL_19216383,2024-01-29,South America,Colombia,Valle del Cauca,Cali,NA,Human,NA,Female,40,Live,"(NS5_Y247H,NS3_R561K,NS5_R749K,E_T359I,NS5_E558K,NS3_I140V,NS3_K142R,C_K9R,NS5_T811A,E_R120T,NS4B_V175I,NS5_L670I,NS5_N493G,E_M6I,NS4B_F112L,NS5_K375R,NS2A_V109T,NS5_V156I,NS4A_R76K,NS1_V177A,NS5_K525G,C_N10S,E_I484V,NS5_D495E,NS5_V507Y,NS5_G506S,NS5_E510stop,NS5_I836V,NS5_F498D,NS5_L504Q,NS3_M13V,NS5_S505I,NS5_V628I,NS4B_A137T,NS1_L247F,NS4A_I93V,NS5_G509Q,NS4B_I18V,NS3_R187K,NS5_E508R,prM_M83T,E_T478S,E_I170T,NS4B_Q22E,NS5_A865T,NS5_R500N,C_M104V,NS5_E501K,NS3_R186K,NS5_V522I,NS4B_A19T,NS5_F491Y,prM_S15G,NS3_T399A,C_S101T,NS3_R549K,NS5_I135T,NS5_E526R,prM_M135I,C_K17R,E_N203D,NS1_T265A,NS4B_D156E,NS3_V567I,NS4A_D23N,NS5_I637T,NS5_A196T,NS1_I212M,NS1_D281E,NS1_N222S,NS3_K28R,prM_T162A,NS5_N502S,NS1_K172R,NS1_I264T,NS5_D521E,NS5_W497P,prM_M39I,NS5_S225T,E_V491A,C_I65M,NS3_L115I,NS2B_L109V,NS5_L512I,NS3_I333M,NS4B_P159S,NS5_L519H,NS2A_T104A,NS3_R248K,E_T268A,NS5_R246K,NS5_N175S,NS5_S763T,NS2A_V5I,NS5_K514R,prM_R151K,NS5_Y517A,E_T486I,NS3_A120T,NS5_I687V,NS1_I93T,NS2A_H2L,NS5_G516H,E_M340T,NS5_R520E,E_V324I,E_I232V,E_I462V,NS5_I717V,NS5_S523Q,E_V308I,E_V91I,NS3_K61R,C_V112A)",10326,2III_D.2,NA,NA,NA,NA,NA,NA,NA,"Colombia,Valle del Cauca,Cali",3.4519238,-76.5328732
hDenV2/Colombia/VAC-LSPVAC-2402026/2024,DENV2,III-Asian-American,EPI_ISL_19216384,2024-02-04,South America,Colombia,Valle del Cauca,Cali,NA,Human,NA,Male,4,Live,"(NS5_I637A,NS3_R549K,NS5_I135T,prM_M135I,NS3_R561K,NS5_R749K,E_T359I,NS5_E558K,E_N203D,NS3_I140V,NS3_K142R,NS1_T265A,NS4B_P23S,NS4B_D156E,NS3_V567I,NS4A_D23N,NS1_D281E,NS1_I212M,NS5_A196T,NS5_T811A,NS1_N222S,NS3_K28R,E_R120T,NS4B_V175I,prM_T162A,NS5_L670I,E_M6I,NS2A_V174T,NS1_K172R,NS1_I264T,NS4B_F112L,NS2A_L153S,prM_M39I,NS5_K375R,NS2A_V109T,NS5_V156I,NS4A_R76K,NS1_E83D,E_V491A,NS1_V177A,E_I484V,NS2B_V40I,NS3_L115I,NS5_I836V,NS2B_L109V,NS3_M13V,NS3_I333M,NS5_V628I,NS1_L247F,NS2A_T104A,NS3_R248K,NS4A_I93V,NS5_S763T,NS2A_V5I,prM_M83T,NS1_Q98P,NS5_K514R,NS3_G14E,NS5_K388E,NS3_A120T,E_T478S,NS5_I687V,NS5_S429G,NS1_I93T,NS4B_Q22E,NS5_A865T,NS5_E501G,NS1_K170R,NS2B_K87R,C_M104V,NS5_A648T,E_M340T,NS2A_M136I,NS5_I717L,NS2A_T189A,NS3_R186K,E_V324I,NS4B_A19T,NS2B_A57T,E_V91I,E_V308I,prM_S15G,NS3_K61R,C_V112A,NS5_S523G,C_S101T)",9998,2III_D.2,NA,NA,NA,NA,NA,NA,NA,"Colombia,Valle del Cauca,Cali",3.4519238,-76.5328732
hDenV2/Colombia/VAC-LSPVAC-2402223/2024,DENV2,III-Asian-American,EPI_ISL_19216385,2024-02-05,South America,Colombia,Valle del Cauca,Cali,NA,Human,NA,Male,5,Live,"(NS5_I637A,NS5_Y247H,NS5_I135T,NS5_R749K,E_T359I,NS5_E558K,C_K17R,E_N203D,NS3_I140V,NS3_K142R,NS5_A19T,NS1_T265A,NS4B_D156E,NS4A_D23N,NS4B_E24D,C_K9R,NS1_D281E,NS5_A196T,NS5_T811A,NS3_K28R,E_R120T,NS2B_I78V,NS4B_V175I,NS5_L670I,NS1_I264T,NS4B_F112L,prM_M39I,NS5_K375R,NS5_S225T,NS2A_V109T,NS5_V156I,NS4A_R76K,E_V491A,C_N10S,NS4B_Q21R,E_I484V,NS3_L115I,NS5_I836V,NS2B_L109V,NS5_A642T,NS3_M13V,NS3_I333M,NS5_V628I,NS4B_A137T,NS1_L247F,NS2A_T104A,NS3_R248K,NS1_A141S,NS4A_I93V,NS5_R246K,NS5_S763T,NS2A_V5I,prM_M83T,NS5_K514R,NS3_A120T,E_K361R,E_T478S,NS5_S429G,NS1_I93T,E_I170T,NS4B_Q22E,NS5_A865T,NS5_E501G,C_M104V,NS2A_H2L,E_M340T,NS3_R186K,E_V324I,NS4B_A19T,E_I462V,NS5_I717V,E_V91I,E_V308I,prM_S15G,NS3_K61R,C_V112A,NS5_S523G,C_S101T)",10326,2III_D.2,NA,NA,NA,NA,NA,NA,NA,"Colombia,Valle del Cauca,Cali",3.4519238,-76.5328732
hDenV2/Colombia/VAC-LSPVAC-2402318/2024,DENV2,III-Asian-American,EPI_ISL_19216386,2024-01-31,South America,Colombia,Valle del Cauca,Cali,NA,Human,NA,Female,15,Live,"(NS5_I637A,NS5_Y247H,NS5_I135T,prM_M135I,NS5_R749K,E_T359I,NS5_E558K,E_N203D,NS3_I140V,NS3_K142R,NS1_T265A,NS4B_P23S,NS4A_D23N,C_K9R,NS1_D281E,NS1_I212M,NS5_A196T,NS5_T811A,NS1_N222S,NS3_K28R,E_R120T,NS5_I271T,prM_T162A,NS5_L670I,E_M6I,NS2A_V174T,NS1_K172R,NS1_I264T,NS4B_F112L,NS2A_L153S,prM_M39I,NS5_K375R,NS5_S225T,NS2A_V109T,NS5_V156I,NS4A_R76K,NS1_E83D,E_V491A,NS2A_S9T,C_N10S,E_I484V,NS2B_V40I,NS3_L115I,NS5_I836V,NS2B_L109V,NS3_M13V,NS3_I333M,NS5_V628I,NS1_L247F,NS2A_T104A,NS3_R248K,NS4A_I93V,NS5_R246K,NS5_S763T,NS2A_V5I,NS3_R187K,prM_M83T,NS1_Q98P,NS5_K514R,NS3_G14E,NS5_K388E,NS3_A120T,E_T478S,NS5_I687V,NS5_S429G,NS1_I93T,NS4B_Q22E,NS5_A865T,NS5_E501G,NS1_K170R,NS2B_K87R,NS5_R596K,C_M104V,NS5_A648T,E_M340T,NS2A_M136I,NS2A_T189A,NS3_R186K,E_V324I,NS4B_A19T,NS2B_A57T,NS5_I717V,E_V91I,E_V308I,prM_S15G,NS3_K61R,C_V112A,NS5_S523G,NS3_T399A,C_S101T)",10326,2III_D.2,NA,NA,NA,NA,NA,NA,NA,"Colombia,Valle del Cauca,Cali",3.4519238,-76.5328732
hDenV2/Colombia/VAC-LSPVAC-2402671/2024,DENV2,III-Asian-American,EPI_ISL_19216387,2024-01-30,South America,Colombia,Valle del Cauca,Cali,NA,Human,NA,Female,24,Live,"(NS5_I637A,NS5_Y247H,NS5_K467R,NS5_E526R,prM_M135I,E_T359I,C_K17R,E_N203D,NS5_A19T,NS1_T265A,NS4A_D23N,NS4B_E24D,C_K9R,NS1_D281E,NS5_A196T,NS3_K28R,prM_T162A,NS5_L670I,E_M6I,NS1_I264T,NS5_D521E,NS4B_F112L,NS2A_L153S,NS5_S225T,NS2A_V109T,NS4A_R76K,NS5_K525G,C_N10S,NS2A_V174A,NS5_I836V,NS2B_L109V,NS5_A642T,NS3_M13V,NS5_L519H,NS2A_Q162R,NS5_V628I,NS1_L247F,NS2A_T104A,NS3_R248K,NS1_A141S,NS5_R246K,prM_M83T,NS5_K514R,E_K361R,NS5_S429G,NS1_I93T,E_I170T,NS5_A865T,NS5_E501G,E_M340T,NS2A_M136I,NS2A_T189A,NS5_R520E,NS3_R186K,NS5_V522I,NS5_I717V,NS5_S523Q,NS3_K61R,NS3_T399A,C_S101T)",10326,2III_D.2,NA,NA,NA,NA,NA,NA,NA,"Colombia,Valle del Cauca,Cali",3.4519238,-76.5328732
hDenV2/Colombia/VAC-LSPVAC-2402841/2024,DENV2,II-Cosmopolitan,EPI_ISL_19216388,2024-02-22,South America,Colombia,Valle del Cauca,Palmira,NA,Human,NA,Female,10,Live,"(NS1_L247I,prM_M135I,NS3_V273I,E_Q52H,NS2A_V5I,prM_M83T,NS5_V335I,E_V129I,E_N390S,NS4A_D23N,prM_K52N,NS1_N222S,E_R120T,E_T478S,prM_I127V,prM_T162A,NS1_K174R,NS2A_V109A,prM_D29N,E_M6I,E_H149N,NS5_A865T,NS1_Q175H,NS4B_F112L,E_E71A,NS4B_V115I,C_L108M,NS4A_R76K,NS3_R186K,NS1_F178S,NS5_G605V,prM_V120A,NS3_K15R,E_I462V,E_I484V,C_M104I,prM_A152I,prM_T82A,prM_H148Y,NS4B_V48I,NS5_K570R,NS3_M13V,C_S101T)",9998,2II_F.1.2,NA,NA,NA,NA,NA,NA,NA,"Colombia,Valle del Cauca,Palmira",3.5308373,-76.2988048
hDenV2/Colombia/VAC-LSPVAC-2403818/2024,DENV2,III-Asian-American,EPI_ISL_19216414,2024-03-10,South America,Colombia,Valle del Cauca,La Union,NA,Human,NA,Male,7,Live,"(NS5_Y247H,NS3_R561K,NS5_R749K,NS5_E558K,E_T359I,NS3_I140V,NS3_K142R,E_V347I,C_K9R,NS5_T811A,E_R120T,NS4B_V175I,NS5_L670I,E_M6I,NS4B_F112L,NS5_K375R,NS2A_V109T,NS5_V156I,NS4A_R76K,NS3_T200K,C_N10S,E_I484V,NS3_L204I,NS3_M13V,NS2A_Q162R,NS5_V628I,NS1_L247F,NS3_K201D,NS4A_I93V,NS3_L188I,NS3_G198S,prM_M83T,NS3_Y203K,NS5_V130T,E_T478S,NS5_S429G,E_I170T,NS4B_Q22E,NS5_A865T,NS5_E501G,C_M104V,NS3_L193H,NS2A_M136I,NS2A_T189A,NS3_A206S,NS4A_R22K,NS4B_A19T,prM_S15G,NS3_I190del,NS3_M191del,NS3_ins194GP,NS3_T399A,C_S101T,NS5_I637A,NS3_R549K,NS5_I135T,NS3_R202K,prM_M135I,NS3_G196S,C_K17R,E_N203D,NS1_D281K,NS1_T265A,NS4B_D156E,NS3_V567I,NS4A_D23N,NS5_A196T,NS1_I212M,NS1_N222S,NS3_K28R,NS5_I271T,prM_T162A,NS1_K172R,NS1_I264T,NS3_T122A,prM_M39I,NS2A_L153S,NS5_S225T,E_V491A,NS3_L115I,NS2B_L109V,NS3_K199R,NS3_I333M,NS2A_T104A,NS3_R248K,NS5_R246K,NS5_T554A,NS5_S763T,NS2A_V5I,NS5_K514R,E_V365I,NS3_A120T,NS1_I93T,NS2A_H2L,E_M340T,E_V324I,E_I462V,NS5_I717V,NS3_A197R,E_V308I,E_V91I,NS3_T189del,NS3_K61R,C_V112A,NS5_S523G)",10646,2III_D.2,NA,NA,NA,NA,NA,NA,NA,"Colombia,Valle del Cauca,La Union",4.53734105,-76.10447203568690
hDenV2/Colombia/VAC-LSPVAC-2403819/2024,DENV2,II-Cosmopolitan,EPI_ISL_19216415,2024-03-09,South America,Colombia,Valle del Cauca,La Union,NA,Human,NA,Female,7,Live,"(NS5_R84Q,NS5_T176I,NS5_I135T,prM_M135I,E_Q52H,NS5_V335I,E_V129I,NS3_I140V,NS4A_D23N,prM_K52N,NS1_N222S,E_R120T,NS5_I271V,prM_T162A,E_M6I,prM_D29N,NS1_Q175H,NS4B_F112L,NS4A_R76K,NS3_K15R,E_I484V,prM_A152I,prM_T82A,prM_H148Y,NS3_M13V,NS1_L247I,NS3_V273I,NS2A_V5I,prM_M83T,E_N390S,NS3_A120T,NS3_A160T,E_T478S,prM_I127V,NS5_R98K,NS5_T290I,NS1_K174R,NS2A_V109A,E_H149N,NS5_A865T,E_E71A,NS4B_V115I,C_L108M,NS3_R186K,NS1_F178S,NS5_G605V,prM_V120A,E_I462V,C_M104I,NS4B_V48I,NS5_K570R,C_S101T)",10315,2II_F.1.2,NA,NA,NA,NA,NA,NA,NA,"Colombia,Valle del Cauca,La Union",4.53734105,-76.10447203568690
hDenV2/Colombia/VAC-LSPVAC-2403874/2024,DENV2,II-Cosmopolitan,EPI_ISL_19216416,2024-03-12,South America,Colombia,Valle del Cauca,Cali,NA,Human,NA,Female,24,Live,"(NS5_T811L,NS5_M824V,NS5_V812P,NS5_ins813LPGADTQ,E_Q52H,NS5_N821E,NS5_V335I,E_V129I,NS3_I140V,E_R120T,NS5_I851T,NS5_W833K,E_M6I,NS5_P822T,NS5_T806del,NS5_H801R,NS4B_F112L,NS5_E834Q,NS4A_R76K,E_I484V,NS5_I836V,NS5_S832K,prM_T82A,NS5_W846M,NS3_M13V,NS1_L247I,NS5_E835D,prM_M83T,NS5_T805L,E_N390S,NS5_S796L,NS5_G848T,NS5_E807del,NS5_K800del,E_T478S,prM_I127V,NS5_R98K,NS5_T290I,NS4A_F71L,NS2A_V109A,NS1_K174R,NS5_W823L,E_H149N,NS5_A865T,NS5_L853A,NS4B_V115I,C_L108M,NS3_R186K,NS5_G605V,C_M104I,NS4B_V48I,C_S101T,NS5_V816N,NS5_R842Q,NS5_I135T,NS5_T176I,NS5_E825T,prM_M135I,NS5_M804F,NS4A_D23N,prM_K52N,NS1_N222S,NS5_I271V,prM_T162A,NS5_D844G,prM_D29N,NS5_A799del,NS1_Q175H,NS5_E802Q,NS5_N814G,NS5_C847H,NS5_T828N,NS3_K15R,prM_A152I,prM_H148Y,NS5_P837V,NS5_Q845A,NS5_V830H,NS5_K841S,NS3_V273I,NS5_E831A,NS2A_V5I,NS3_A120T,NS3_A160T,NS5_L810P,E_A263S,NS5_Y838V,NS5_E820K,E_E71A,NS5_D826F,NS5_R815S,NS1_F178S,NS5_M809L,prM_V120A,E_I462V,NS5_K570R,NS5_I797V)",10316,2II_F.1.2,NA,NA,NA,NA,NA,NA,NA,"Colombia,Valle del Cauca,Cali",3.4519238,-76.5328732
hDenV2/Colombia/VAC-LSPVAC-2404023/2024,DENV2,III-Asian-American,EPI_ISL_19216417,2024-03-07,South America,Colombia,Valle del Cauca,Cali,NA,Human,NA,Male,9,Live,"(NS5_I637A,NS5_Y247H,NS3_R549K,NS5_I135T,prM_M135I,NS3_R561K,NS5_R749K,E_T359I,NS5_E558K,E_N203D,NS3_I140V,NS3_K142R,NS1_T265A,NS4B_P23S,NS4B_D156E,NS3_V567I,NS4A_D23N,C_K9R,NS1_D281E,NS1_I212M,NS5_A196T,NS5_T811A,NS1_N222S,NS3_K28R,E_R120T,NS4B_V175I,NS5_I271T,prM_T162A,NS5_L670I,E_M6I,NS2A_V174T,NS1_K172R,NS1_I264T,NS5_P115S,NS4B_F112L,NS2A_L153S,prM_M39I,NS5_K375R,NS5_S225T,NS2A_V109T,NS5_V156I,NS4A_R76K,NS1_E83D,E_V491A,C_N10S,E_I484V,NS2B_V40I,NS3_L115I,NS5_I836V,NS2B_L109V,NS3_M13V,NS3_I333M,NS5_V628I,NS1_L247F,NS2A_T104A,NS3_R248K,NS4A_I93V,NS5_R246K,NS5_S763T,NS2A_V5I,prM_M83T,NS1_Q98P,NS5_K514R,NS3_G14E,NS5_K388E,NS3_A120T,E_T478S,NS5_I687V,NS1_I93T,NS4B_Q22E,NS5_A865T,NS5_E501G,NS1_K170R,NS2B_K87R,C_M104V,NS5_A648T,E_M340T,NS2A_M136I,NS2A_T189A,NS3_R186K,E_V324I,NS4B_A19T,NS2B_A57T,NS5_I717V,E_V91I,E_V308I,prM_S15G,NS3_K61R,C_V112A,NS5_S523G,C_S101T)",10645,2III_D.2,NA,NA,NA,NA,NA,NA,NA,"Colombia,Valle del Cauca,Cali",3.4519238,-76.5328732
hDenV2/Colombia/VAC-LSPVAC-2404066/2024,DENV2,II-Cosmopolitan,EPI_ISL_19216418,2024-03-13,South America,Colombia,Valle del Cauca,Vijes,NA,Human,NA,Male,9,Live,"(NS5_T176I,NS5_I135T,prM_M135I,E_Q52H,NS5_V335I,E_V129I,NS3_I140V,NS1_T265A,NS4A_D23N,C_K9R,NS1_D281E,prM_K52N,NS1_N222S,E_R120T,NS5_I271V,prM_T162A,E_M6I,prM_D29N,NS1_I264T,NS1_Q175H,NS4B_F112L,NS4A_R76K,NS3_K15R,E_I484V,prM_A152I,prM_T82A,prM_H148Y,NS3_M13V,NS1_L247I,NS3_V273I,NS2A_V5I,prM_M83T,E_N390S,NS3_A120T,NS3_A160T,E_T478S,prM_I127V,NS5_R98K,NS5_T290I,NS1_K174R,NS2A_V109A,E_H149N,NS5_A865T,E_E71A,NS4B_V115I,C_L108M,NS3_R186K,NS1_F178S,NS5_G605V,prM_V120A,E_I462V,C_M104I,NS4B_V48I,NS5_K570R,NS1_K272R,C_S101T)",10644,2II_F.1.2,NA,NA,NA,NA,NA,NA,NA,"Colombia,Valle del Cauca,Vijes",3.7003997,-76.4428876
hDenV2/Colombia/VAC-LSPVAC-2404285/2024,DENV2,II-Cosmopolitan,EPI_ISL_19216419,2024-03-07,South America,Colombia,Valle del Cauca,Tulua,NA,Human,NA,Female,14,Live,"(NS5_T176I,NS5_I135T,NS2B_K60R,prM_M135I,E_Q52H,NS5_V335I,E_V129I,NS3_I140V,NS1_T265A,NS4A_D23N,C_K9R,NS2B_L21F,NS1_D281E,prM_K52N,NS1_N222S,E_R120T,NS5_I271V,prM_T162A,E_M6I,prM_D29N,NS1_I264T,NS1_Q175H,NS4B_F112L,NS4A_R76K,NS3_K15R,E_I484V,prM_A152I,prM_T82A,prM_H148Y,NS3_M13V,NS1_L247I,NS2B_D63E,NS3_V273I,NS2A_I171A,NS2A_V5I,prM_M83T,E_N390S,NS3_A120T,NS3_A160T,E_T478S,prM_I127V,NS5_R98K,NS5_T290I,NS1_K174R,NS2A_V109A,E_H149N,NS5_A865T,E_E71A,NS4B_V115I,C_L108M,NS2A_M136I,NS2B_V59I,NS3_R186K,NS1_F178S,NS5_G605V,prM_V120A,E_I462V,C_M104I,NS4B_V48I,NS5_K570R,NS1_K272R,C_S101T)",10644,2II_F.1.2,NA,NA,NA,NA,NA,NA,NA,"Colombia,Valle del Cauca,Tulua",4.0856667,-76.1972779
hDenV2/Colombia/VAC-LSPVAC-2404315/2024,DENV2,II-Cosmopolitan,EPI_ISL_19216420,2024-03-07,South America,Colombia,Valle del Cauca,Yumbo,NA,Human,NA,Female,9,Live,"(NS5_T176I,NS5_I135T,NS2B_K60R,prM_M135I,E_Q52H,NS5_V335I,E_V129I,NS3_I140V,NS1_T265A,NS4A_D23N,C_K9R,NS2B_L21F,NS1_D281E,prM_K52N,NS1_N222S,E_R120T,NS5_I271V,prM_T162A,E_M6I,prM_D29N,NS1_I264T,NS1_Q131H,NS1_Q175H,NS4B_F112L,NS4A_R76K,NS3_K15R,E_I484V,prM_A152I,prM_T82A,prM_H148Y,NS3_M13V,NS1_L247I,NS1_S80T,NS2B_D63E,NS3_V273I,NS2A_I171A,NS2A_V5I,prM_M83T,E_N390S,NS1_T117A,NS3_A120T,NS3_A160T,E_T478S,prM_I127V,NS5_R98K,NS5_T290I,NS1_K174R,NS2A_V109A,E_H149N,NS5_A865T,NS1_S128L,E_E71A,NS4B_V115I,C_L108M,NS2A_M136I,NS2B_V59I,NS3_R186K,NS1_F178S,NS5_G605V,prM_V120A,E_I462V,C_M104I,NS4B_V48I,NS5_K570R,NS1_K272R,C_S101T)",10644,2II_F.1.2,NA,NA,NA,NA,NA,NA,NA,"Colombia,Valle del Cauca,Yumbo",3.5834664,-76.4952223
hDenV2/Colombia/VAC-LSPVAC-2404473/2024,DENV2,II-Cosmopolitan,EPI_ISL_19216421,2024-03-19,South America,Colombia,Valle del Cauca,Buga,NA,Human,NA,Female,28,Live,"(NS5_T176I,NS5_I135T,NS2B_K60R,prM_M135I,E_Q52H,NS5_V335I,E_V129I,NS3_I140V,NS1_T265A,NS4A_D23N,C_K9R,NS2B_L21F,NS1_D281E,prM_K52N,NS1_N222S,E_R120T,NS5_I271V,prM_T162A,E_M6I,prM_D29N,NS1_I264T,NS1_Q175H,NS4B_F112L,NS4A_R76K,NS3_K15R,E_I484V,prM_A152I,prM_T82A,prM_H148Y,NS3_M13V,NS1_L247I,NS1_S80T,NS2B_D63E,NS3_V273I,NS2A_I171A,NS2A_V5I,prM_M83T,E_N390S,NS3_A120T,NS3_A160T,E_T478S,prM_I127V,NS5_R98K,NS5_T290I,NS1_K174R,NS2A_V109A,E_H149N,NS5_A865T,E_E71A,NS4B_V115I,C_L108M,NS2A_M136I,NS2B_V59I,NS3_R186K,NS1_F178S,NS5_G605V,prM_V120A,E_I462V,C_M104I,NS4B_V48I,NS5_K570R,NS1_K272R,C_S101T)",10644,2II_F.1.2,NA,NA,NA,NA,NA,NA,NA,"Colombia,Valle del Cauca,Buga",3.9000578,-76.302013
hDenV2/Colombia/VAC-LSPVAC-2404593/2024,DENV2,III-Asian-American,EPI_ISL_19216422,2024-03-13,South America,Colombia,Valle del Cauca,Cali,NA,Human,NA,Female,28,Live,"(NS5_I637A,NS5_Y247H,NS3_R549K,NS5_I135T,prM_M135I,E_E360G,NS3_R561K,NS5_R749K,E_T359I,NS5_E558K,C_K17R,E_N203D,NS1_D281K,NS3_I140V,NS3_K142R,E_V347I,NS1_T265A,NS4B_D156E,NS3_V567I,NS4A_D23N,C_K9R,NS1_I212M,NS5_A196T,NS5_T811A,NS1_N222S,NS3_K28R,E_R120T,NS4B_V175I,prM_T162A,NS5_L670I,E_M6I,NS1_K172R,NS1_I264T,NS4B_F112L,NS3_D71N,NS2A_L153S,prM_M39I,NS5_K375R,NS5_S225T,NS2A_V109T,NS5_V156I,NS4A_R76K,E_V491A,C_N10S,E_I484V,NS3_L115I,NS5_I836V,NS2B_L109V,NS3_M13V,NS3_I333M,NS2A_Q162R,NS5_V628I,NS1_L247F,NS2A_T104A,NS3_R248K,NS4A_I93V,NS5_R246K,NS5_S763T,NS2A_V5I,NS3_R187K,prM_M83T,E_V365I,NS5_K514R,NS3_A120T,NS5_V130T,E_T478S,NS5_S429G,NS1_I93T,E_I170T,NS4B_Q22E,NS5_A865T,NS5_E501G,C_M104V,NS2A_H2L,E_M340T,NS2A_M136I,NS2A_T189A,NS4A_R22K,E_V324I,NS4B_A19T,E_I462V,NS5_I717V,E_V91I,E_V308I,prM_S15G,NS3_K61R,C_V112A,NS5_S523G,NS3_T399A,C_S101T)",10645,2III_D.2,NA,NA,NA,NA,NA,NA,NA,"Colombia,Valle del Cauca,Cali",3.4519238,-76.5328732
hDenV2/Colombia/VAC-LSPVAC-2404621/2024,DENV2,II-Cosmopolitan,EPI_ISL_19216423,2024-03-03,South America,Colombia,Valle del Cauca,Cali,NA,Human,NA,Female,16,Live,"(NS5_T176I,NS5_I135T,NS2B_K60R,prM_M135I,E_Q52H,NS5_V335I,E_V129I,NS3_I140V,NS1_T265A,NS4A_D23N,C_K9R,NS2B_L21F,NS1_D281E,prM_K52N,NS1_N222S,E_R120T,NS5_I271V,prM_T162A,E_M6I,prM_D29N,NS1_I264T,NS1_Q175H,NS4B_F112L,NS4A_R76K,NS3_K15R,E_I484V,prM_A152I,prM_T82A,prM_H148Y,NS3_M13V,NS1_L247I,NS2B_D63E,NS3_V273I,NS2A_I171A,NS2A_V5I,prM_M83T,E_N390S,NS3_A120T,NS3_A160T,E_T478S,prM_I127V,NS5_R98K,NS5_T290I,NS1_K174R,NS2A_V109A,E_H149N,NS5_A865T,E_E71A,NS4B_V115I,C_L108M,NS2A_M136I,NS2B_V59I,NS3_R186K,NS1_F178S,NS5_G605V,prM_V120A,E_I462V,C_M104I,NS4B_V48I,NS5_K570R,NS1_K272R,C_S101T)",10644,2II_F.1.2,NA,NA,NA,NA,NA,NA,NA,"Colombia,Valle del Cauca,Cali",3.4519238,-76.5328732
hDenV2/Colombia/VAC-LSPVAC-2404626/2024,DENV2,II-Cosmopolitan,EPI_ISL_19216424,2024-03-04,South America,Colombia,Valle del Cauca,Cali,NA,Human,NA,Female,9,Live,"(NS5_T176I,NS5_I135T,NS2B_K60R,prM_M135I,E_Q52H,NS5_V335I,E_V129I,NS3_I140V,NS1_T265A,NS4A_D23N,C_K9R,NS2B_L21F,NS1_D281E,prM_K52N,NS1_N222S,E_R120T,NS5_I271V,prM_T162A,E_M6I,prM_D29N,NS1_I264T,NS1_Q175H,NS4B_F112L,NS4A_R76K,NS3_K15R,E_I484V,prM_A152I,prM_T82A,prM_H148Y,NS3_M13V,NS1_L247I,NS2B_D63E,NS3_V273I,NS2A_I171A,NS2A_V5I,prM_M83T,E_N390S,NS3_A120T,NS3_A160T,E_T478S,prM_I127V,NS5_R98K,NS5_T290I,NS1_K174R,NS2A_V109A,E_H149N,NS5_A865T,E_E71A,NS4B_V115I,C_L108M,NS2A_M136I,NS2B_V59I,NS3_R186K,NS1_F178S,NS5_G605V,prM_V120A,E_I462V,C_M104I,NS4B_V48I,NS5_K570R,NS1_K272R,C_S101T)",10643,2II_F.1.2,NA,NA,NA,NA,NA,NA,NA,"Colombia,Valle del Cauca,Cali",3.4519238,-76.5328732
hDenV2/Colombia/VAC-LSPVAC-2404756/2024,DENV2,II-Cosmopolitan,EPI_ISL_19216425,2024-03-25,South America,Colombia,Valle del Cauca,Cali,NA,Human,NA,Female,15,Live,"(NS5_T176I,NS5_I135T,NS2B_K60R,prM_M135I,E_Q52H,NS5_V335I,E_V129I,NS3_I140V,NS1_T265A,NS4A_D23N,C_K9R,NS2B_L21F,NS1_D281E,prM_K52N,NS1_N222S,E_R120T,NS5_I271V,prM_T162A,E_M6I,prM_D29N,NS1_I264T,NS1_Q175H,NS1_Q131H,NS4B_F112L,NS4A_R76K,NS3_K15R,E_I484V,prM_A152I,prM_T82A,prM_H148Y,NS3_M13V,NS1_L247I,NS1_S80T,NS2B_D63E,NS3_V273I,NS2A_I171A,NS2A_V5I,prM_M83T,E_N390S,NS1_T117A,NS3_A120T,NS3_A160T,E_T478S,prM_I127V,NS5_R98K,NS5_T290I,NS1_K174R,NS2A_V109A,E_H149N,NS5_A865T,NS1_S128L,E_E71A,NS4B_V115I,C_L108M,NS2A_M136I,NS2B_V59I,NS3_R186K,NS1_F178S,NS5_G605V,prM_V120A,E_I462V,C_M104I,NS4B_V48I,NS5_K570R,NS1_K272R,C_S101T)",10644,2II_F.1.2,NA,NA,NA,NA,NA,NA,NA,"Colombia,Valle del Cauca,Cali",3.4519238,-76.5328732
hDenV2/Colombia/VAC-LSPVAC-2404782/2024,DENV2,II-Cosmopolitan,EPI_ISL_19216426,2024-03-09,South America,Colombia,Valle del Cauca,Tulua,NA,Human,NA,Female,17,Live,"(NS5_T176I,NS5_I135T,NS2B_K60R,prM_M135I,E_Q52H,NS3_R561K,NS5_V335I,E_V129I,NS3_I140V,NS1_T265A,NS4A_D23N,C_K9R,NS2B_L21F,NS1_D281E,prM_K52N,NS1_N222S,E_R120T,NS5_I271V,prM_T162A,E_M6I,prM_D29N,NS1_I264T,NS1_Q175H,NS4B_F112L,NS4A_R76K,NS3_K15R,E_I484V,prM_A152I,prM_T82A,prM_H148Y,NS3_M13V,NS1_L247I,NS2B_D63E,NS3_V273I,NS2A_V5I,prM_M83T,E_N390S,NS3_A120T,NS3_A160T,E_T478S,prM_I127V,NS5_R98K,NS5_T290I,NS1_K174R,NS2A_V109A,E_H149N,NS5_A865T,E_E71A,NS4B_V115I,C_L108M,NS2B_V59I,NS3_R186K,NS1_F178S,NS5_G605V,prM_V120A,E_I462V,C_M104I,NS4B_V48I,NS5_K570R,NS1_K272R,C_S101T)",10644,2II_F.1.2,NA,NA,NA,NA,NA,NA,NA,"Colombia,Valle del Cauca,Tulua",4.0856667,-76.1972779
hDenV2/Colombia/VAC-LSPVAC-2404785/2024,DENV2,II-Cosmopolitan,EPI_ISL_19216427,2024-03-28,South America,Colombia,Valle del Cauca,Tulua,NA,Human,NA,Male,9,Live,"(NS5_T176I,NS5_I135T,prM_M135I,E_Q52H,NS3_R561K,NS5_V335I,E_V129I,NS3_I140V,NS1_T265A,NS4A_D23N,NS1_D281E,prM_K52N,NS1_N222S,E_R120T,NS5_I271V,prM_T162A,E_M6I,prM_D29N,NS1_I264T,NS1_Q175H,NS4B_F112L,NS4A_R76K,NS3_K15R,E_I484V,prM_A152I,prM_T82A,prM_H148Y,NS3_M13V,NS1_L247I,NS3_V273I,NS2A_I171A,NS2A_V5I,prM_M83T,E_N390S,NS3_A120T,NS3_A160T,E_T478S,prM_I127V,NS5_R98K,NS5_T290I,NS1_K174R,NS2A_V109A,E_H149N,NS5_A865T,E_E71A,NS4B_V115I,C_L108M,NS2A_M136I,NS3_R186K,NS1_F178S,NS5_G605V,prM_V120A,E_I462V,C_M104I,NS4B_V48I,NS5_K570R,NS1_K272R,C_S101T)",10316,2II_F.1.2,NA,NA,NA,NA,NA,NA,NA,"Colombia,Valle del Cauca,Tulua",4.0856667,-76.1972779
hDenV2/Colombia/VAC-LSPVAC-2405027/2024,DENV2,II-Cosmopolitan,EPI_ISL_19216428,2024-03-24,South America,Colombia,Valle del Cauca,Buga,NA,Human,NA,Male,25,Live,"(NS5_T176I,NS5_I135T,prM_M135I,E_Q52H,NS5_V335I,E_V129I,NS3_I140V,NS4A_D23N,prM_K52N,NS1_N222S,E_R120T,NS5_I271V,prM_T162A,E_M6I,prM_D29N,NS1_Q175H,NS4B_F112L,NS4A_R76K,NS3_K15R,E_I484V,prM_A152I,prM_T82A,prM_H148Y,NS3_M13V,NS1_L247I,NS3_V273I,NS2A_V5I,prM_M83T,E_N390S,NS3_A120T,NS3_A160T,E_T478S,prM_I127V,NS5_R98K,NS5_T290I,NS1_K174R,NS2A_V109A,E_H149N,NS5_A865T,E_E71A,NS4B_V115I,C_L108M,NS3_R186K,NS1_F178S,NS5_G605V,prM_V120A,E_I462V,C_M104I,NS4B_V48I,NS5_K570R,C_S101T)",10316,2II_F.1.2,NA,NA,NA,NA,NA,NA,NA,"Colombia,Valle del Cauca,Buga",3.9000578,-76.302013
hDenV2/Colombia/VAC-LSPVAC-2405047/2024,DENV2,II-Cosmopolitan,EPI_ISL_19216429,2024-03-23,South America,Colombia,Valle del Cauca,El Cerrito,NA,Human,NA,Male,8,Live,"(NS5_T176I,NS5_I135T,prM_M135I,E_Q52H,NS5_V335I,E_V129I,NS3_I140V,NS4A_D23N,prM_K52N,NS1_N222S,E_R120T,NS5_I271V,prM_T162A,E_M6I,prM_D29N,NS1_Q175H,NS4B_F112L,NS4A_R76K,NS3_K15R,E_I484V,prM_A152I,prM_T82A,prM_H148Y,NS3_M13V,NS1_L247I,NS3_V273I,NS2A_V5I,prM_M83T,E_N390S,NS3_A120T,NS3_A160T,E_T478S,prM_I127V,NS5_R98K,NS5_T290I,NS1_K174R,NS2A_V109A,E_H149N,NS5_A865T,E_E71A,NS4B_V115I,C_L108M,NS3_R186K,NS1_F178S,NS5_G605V,prM_V120A,E_I462V,C_M104I,NS4B_V48I,NS5_K570R,C_S101T)",9998,2II_F.1.2,NA,NA,NA,NA,NA,NA,NA,"Colombia,Valle del Cauca,El Cerrito",3.6829185,-76.3071487
hDenV2/Colombia/VAC-LSPVAC-2405056/2024,DENV2,II-Cosmopolitan,EPI_ISL_19216430,2024-03-25,South America,Colombia,Valle del Cauca,El Cerrito,NA,Human,NA,Male,14,Live,"(NS5_T176I,NS5_I135T,NS2B_K60R,prM_M135I,E_Q52H,NS5_V335I,E_V129I,NS3_I140V,NS1_T265A,NS4A_D23N,C_K9R,NS2B_L21F,NS1_D281E,prM_K52N,NS1_N222S,E_R120T,NS5_I271V,prM_T162A,E_M6I,prM_D29N,NS1_I264T,NS1_Q175H,NS4B_F112L,NS4A_R76K,NS3_K15R,E_I484V,prM_A152I,prM_T82A,prM_H148Y,NS3_M13V,NS1_L247I,NS2B_D63E,NS3_V273I,NS2A_I171A,NS2A_V5I,prM_M83T,E_N390S,NS3_A120T,NS3_A160T,E_T478S,prM_I127V,NS5_R98K,NS5_T290I,NS1_K174R,NS2A_V109A,E_H149N,NS5_A865T,E_E71A,NS4B_V115I,C_L108M,NS2A_M136I,NS2B_V59I,NS3_R186K,NS1_F178S,NS5_G605V,prM_V120A,E_I462V,C_M104I,NS4B_V48I,NS5_K570R,NS1_K272R,C_S101T)",10644,2II_F.1.2,NA,NA,NA,NA,NA,NA,NA,"Colombia,Valle del Cauca,El Cerrito",3.6829185,-76.3071487
hDenV2/Colombia/VAC-LSPVAC-2405259/2024,DENV2,III-Asian-American,EPI_ISL_19216431,2024-04-05,South America,Colombia,Valle del Cauca,Roldanillo,NA,Human,NA,Male,18,Live,"(NS5_I637A,NS5_Y247H,NS3_R549K,NS5_I135T,prM_M135I,NS3_R561K,NS5_R749K,NS5_E558K,E_N203D,NS3_I140V,NS3_K142R,NS1_T265A,NS4B_P23S,NS4B_D156E,NS3_V567I,NS4A_D23N,C_K9R,NS1_I212M,NS1_D281E,NS5_A196T,NS5_T811A,NS1_N222S,NS3_K28R,E_R120T,NS5_I271V,NS4B_V175I,prM_T162A,NS5_L670I,E_M6I,NS2A_V174T,NS1_K172R,NS1_I264T,NS4B_F112L,NS2A_L153S,prM_M39I,NS5_K375R,NS5_S225T,NS2A_V109T,NS5_V156I,NS4A_R76K,NS1_E83D,E_V491A,C_N10S,E_I484V,NS3_L115I,E_V439I,NS5_I836V,NS2B_L109V,NS3_M13V,NS3_I333M,NS2A_Q162R,NS5_V628I,NS1_L247F,NS2A_T104A,NS3_R248K,NS4A_I93V,NS5_R246K,NS1_V6A,NS5_S763T,NS2A_V5I,NS3_R187K,prM_M83T,NS5_K514R,prM_R151K,NS5_K388E,NS3_A120T,E_T478S,NS1_T27A,NS5_I687V,NS5_S429G,NS1_K174R,NS1_I93T,NS4B_Q22E,NS5_A865T,NS5_E501G,C_M104V,NS5_A648T,E_M340T,NS2A_M136I,NS2A_T189A,NS3_R186K,E_V324I,NS4B_A19T,E_I462V,NS5_I717V,E_V91I,E_V308I,prM_S15G,NS2A_D67G,NS3_K61R,C_V112A,NS5_S523G,NS3_T399A,C_S101T)",10645,2III_D.2,NA,NA,NA,NA,NA,NA,NA,"Colombia,Valle del Cauca,Roldanillo",4.4091166,-76.1543744
hDenV2/Colombia/VAC-LSPVAC-2405317/2024,DENV2,II-Cosmopolitan,EPI_ISL_19216432,2024-03-21,South America,Colombia,Valle del Cauca,El Cairo,NA,Human,NA,Male,14,Live,"(E_Q325R,NS5_T176I,NS5_I135T,prM_M135I,E_Q52H,NS5_V335I,E_V129I,NS3_I140V,NS1_T265A,NS4A_D23N,NS1_D281E,prM_K52N,NS1_N222S,E_R120T,NS5_I271V,prM_T162A,E_M6I,prM_D29N,NS1_I264T,NS1_Q175H,NS4B_F112L,NS2A_V109T,NS4A_R76K,NS3_K15R,E_I484V,prM_A152I,prM_T82A,prM_H148Y,NS3_M13V,NS1_L247I,NS3_I600T,NS3_V273I,NS2A_V5I,prM_M83T,E_N390S,NS3_A120T,NS3_A160T,E_T478S,prM_I127V,NS5_R98K,NS5_T290I,NS1_K174R,E_H149N,NS5_A865T,E_E71A,NS4B_V115I,C_L108M,NS2A_M136I,NS3_R186K,NS1_F178S,NS5_G605V,prM_V120A,E_I462V,C_M104I,NS4B_V48I,NS5_K570R,NS1_K272R,C_S101T)",10315,2II_F.1.2,NA,NA,NA,NA,NA,NA,NA,"Colombia,Valle del Cauca,El Cairo",4.7621884,-76.2207611
hDenV2/Colombia/VAC-LSPVAC-2405372/2024,DENV2,II-Cosmopolitan,EPI_ISL_19216433,2024-04-01,South America,Colombia,Valle del Cauca,Palmira,NA,Human,NA,Female,41,Live,"(NS5_T176I,NS5_I135T,NS2B_K60R,prM_M135I,E_Q52H,NS5_V335I,E_V129I,NS3_I140V,NS1_T265A,NS4A_D23N,C_K9R,NS2B_L21F,NS1_D281E,E_I322V,prM_K52N,NS1_N222S,E_R120T,NS5_I271V,prM_T162A,E_M6I,prM_D29N,NS1_I264T,NS1_Q175H,NS4B_F112L,NS2B_L109F,NS4A_R76K,NS3_K15R,E_I484V,prM_A152I,prM_T82A,prM_H148Y,NS3_M13V,NS1_L247I,NS2B_D63E,NS3_V273I,NS2A_I171A,NS2A_V5I,prM_M83T,E_N390S,NS3_A120T,NS3_A160T,E_T478S,prM_I127V,NS5_R98K,NS5_T290I,NS1_K174R,NS2A_V109A,E_H149N,NS5_A865T,E_E71A,NS4B_V115I,C_L108M,NS2A_M136I,NS2B_V59I,NS3_R186K,NS1_F178S,NS5_G605V,prM_V120A,E_I462V,C_M104I,NS4B_V48I,NS5_K570R,NS1_K272R,C_S101T)",10644,2II_F.1.2,NA,NA,NA,NA,NA,NA,NA,"Colombia,Valle del Cauca,Palmira",3.5308373,-76.2988048
hDenV2/Colombia/VAC-LSPVAC-2405472/2024,DENV2,II-Cosmopolitan,EPI_ISL_19216434,2024-04-03,South America,Colombia,Valle del Cauca,Guacari,NA,Human,NA,Female,32,Live,"(NS5_T176I,NS5_I135T,NS2B_K60R,prM_M135I,E_Q52H,NS5_V335I,E_V129I,NS3_I140V,NS1_T265A,NS4A_D23N,C_K9R,NS2B_L21F,NS1_D281E,prM_K52N,NS1_N222S,E_R120T,NS5_I271V,prM_T162A,E_M6I,prM_D29N,NS1_I264T,NS1_Q175H,NS4B_F112L,NS4A_R76K,NS3_K15R,E_I484V,prM_A152I,prM_T82A,prM_H148Y,NS3_M13V,E_Y59F,NS1_L247I,NS2B_D63E,NS3_V273I,NS2A_I171A,NS2A_V5I,prM_M83T,E_N390S,NS3_A120T,NS3_A160T,E_T478S,prM_I127V,NS5_R98K,NS5_T290I,NS1_K174R,NS2A_V109A,E_H149N,NS5_A865T,E_E71A,NS4B_V115I,C_L108M,NS2A_M136I,NS2B_V59I,NS3_R186K,NS1_F178S,NS5_G605V,prM_V120A,E_I462V,C_M104I,NS4B_V48I,NS5_K570R,NS1_K272R,C_S101T)",10644,2II_F.1.2,NA,NA,NA,NA,NA,NA,NA,"Colombia,Valle del Cauca,Guacari",3.7630235,-76.3344854
hDenV2/Colombia/VAC-LSPVAC-2405501/2024,DENV2,II-Cosmopolitan,EPI_ISL_19216435,2024-03-13,South America,Colombia,Valle del Cauca,Cali,NA,Human,NA,Male,63,Live,"(NS5_T176I,NS5_I135T,NS2B_K60R,prM_M135I,E_Q52H,NS5_V335I,E_V129I,NS2B_R55K,NS3_I140V,NS1_T265A,NS4A_D23N,NS2B_L21F,NS1_D281E,prM_K52N,NS1_N222S,E_R120T,NS5_I271V,prM_T162A,E_M6I,prM_D29N,NS1_I264T,NS1_Q175H,NS4B_F112L,NS5_K800T,NS4A_R76K,NS3_K15R,NS4A_T63A,E_I484V,prM_A152I,prM_T82A,prM_H148Y,NS3_M13V,NS1_L247I,NS2B_D63E,NS3_V273I,NS2A_I171A,NS2A_V5I,prM_M83T,E_N390S,NS3_A120T,NS3_A160T,E_T478S,prM_I127V,NS5_R98K,NS5_T290I,NS1_K174R,NS2A_V109A,E_H149N,NS5_A865T,E_E71A,NS4B_V115I,C_L108M,NS2A_M136I,NS2B_V59I,NS3_R186K,NS1_F178S,NS5_G605V,prM_V120A,E_I462V,C_M104I,NS4B_V48I,NS5_K570R,NS1_K272R,C_S101T)",10316,2II_F.1.2,NA,NA,NA,NA,NA,NA,NA,"Colombia,Valle del Cauca,Cali",3.4519238,-76.5328732
hDenV2/Colombia/VAC-LSPVAC-2405502/2024,DENV2,II-Cosmopolitan,EPI_ISL_19216436,2024-03-16,South America,Colombia,Valle del Cauca,Cali,NA,Human,NA,Female,17,Live,"(NS5_R84Q,NS5_T176I,NS5_I135T,prM_M135I,E_Q52H,NS5_V335I,E_V129I,NS3_I140V,NS1_T265A,NS4A_D23N,NS1_D281E,prM_K52N,NS1_N222S,E_R120T,NS5_I271V,prM_T162A,E_M6I,prM_D29N,NS1_I264T,NS1_Q175H,NS4B_F112L,NS4A_R76K,NS3_K15R,E_I484V,prM_A152I,prM_T82A,prM_H148Y,NS3_M13V,NS1_L247I,NS3_V273I,NS2A_I171A,NS2A_V5I,prM_M83T,E_N390S,NS3_A120T,NS3_A160T,E_T478S,prM_I127V,NS5_R98K,NS5_T290I,NS1_K174R,NS2A_V109A,E_H149N,NS5_A865T,NS1_T164I,E_E71A,NS4B_V115I,C_L108M,NS2A_M136I,NS3_R186K,NS1_F178S,E_I466M,NS5_G605V,prM_V120A,E_I462V,E_K344R,C_M104I,NS4B_V48I,NS5_K570R,NS1_K272R,C_S101T)",10314,2II_F.1.2,NA,NA,NA,NA,NA,NA,NA,"Colombia,Valle del Cauca,Cali",3.4519238,-76.5328732
hDenV2/Colombia/VAC-LSPVAC-2405518/2024,DENV2,III-Asian-American,EPI_ISL_19216437,2024-04-11,South America,Colombia,Valle del Cauca,NA,NA,Human,NA,Male,35,Deceased,"(NS5_I637A,NS5_Y247H,NS3_R549K,NS5_E526R,prM_M135I,NS3_R561K,NS5_R749K,E_N203D,NS3_I140V,NS3_K142R,NS1_T265A,NS4B_P23S,NS4B_D156E,NS3_V567I,NS4A_D23N,C_K9R,NS1_D281E,NS1_I212M,NS5_A196T,NS5_T811A,NS1_N222S,NS3_K28R,E_R120T,NS5_I271V,NS4B_V175I,prM_T162A,NS5_L670I,E_M6I,NS2A_V174T,NS1_K172R,NS1_I264T,NS5_D521E,NS4B_F112L,NS2A_L153S,prM_M39I,NS5_K375R,NS5_S225T,NS2A_V109T,NS4A_R76K,NS1_E83D,NS5_K525G,C_N10S,NS3_L115I,NS5_I836V,NS2B_L109V,NS3_M13V,NS3_I333M,NS2A_Q162R,NS5_V628I,NS1_L247F,NS2A_T104A,NS3_R248K,NS4A_I93V,NS5_R246K,NS5_S763T,NS2A_V5I,NS3_R187K,prM_M83T,NS5_K514R,NS5_L519Y,prM_R151K,NS5_K388E,NS3_A120T,NS5_I687V,NS5_S429G,NS1_I93T,NS4B_Q22E,NS5_A865T,NS5_E501G,C_M104V,NS5_A648T,E_M340T,NS2A_M136I,NS2A_T189A,NS5_R520E,NS3_R186K,NS5_V522I,E_V324I,NS4B_A19T,NS5_I717V,NS5_S523Q,E_V91I,E_V308I,prM_S15G,NS2A_D67G,NS3_K61R,C_V112A,C_S101T)",10645,2III_D.2,NA,NA,NA,NA,NA,NA,NA,"Colombia,Valle del Cauca,NA",4.335456300000000,-75.82651523545710
hDenV2/Colombia/VAC-LSPVAC-2405522/2024,DENV2,II-Cosmopolitan,EPI_ISL_19216438,2024-04-11,South America,Colombia,Valle del Cauca,Yumbo,NA,Human,NA,Male,8,Live,"(NS5_T176I,NS5_I135T,NS5_R749Q,prM_M135I,E_Q52H,E_E360G,NS2A_I33T,E_T226I,NS5_V335I,E_V129I,NS3_I140V,NS1_T265A,NS3_V567I,NS4A_D23N,NS1_D281E,prM_K52N,NS1_N222S,E_R120T,NS5_I271V,prM_T162A,E_M6I,prM_D29N,NS1_I264T,NS4B_F112L,NS5_K800T,NS1_V177I,NS4A_R76K,NS3_K15R,E_I484V,prM_A152I,prM_T82A,prM_H148Y,NS3_M13V,NS1_L247I,NS3_R248K,NS3_V273I,NS2A_I171A,NS2A_V5I,prM_M83T,E_N390S,prM_Y142H,NS3_A120T,NS3_V395I,NS3_A160T,E_T478S,prM_I127V,NS5_R98K,NS1_K174R,E_H149N,NS5_A865T,E_E71A,NS4B_V115I,C_L108M,NS2A_M136I,NS3_R186K,NS3_I461V,NS1_F178S,NS5_G605V,prM_V120A,E_I462V,C_M104I,NS4B_V48I,NS5_K570R,NS1_K272R,C_S101T)",10315,2II_F.1.2,NA,NA,NA,NA,NA,NA,NA,"Colombia,Valle del Cauca,Yumbo",3.5834664,-76.4952223
hDenV2/Colombia/VAC-LSPVAC-2405530/2024,DENV2,II-Cosmopolitan,EPI_ISL_19216439,2024-04-03,South America,Colombia,Valle del Cauca,Cali,NA,Human,NA,Female,26,Live,"(NS5_T176I,NS5_I135T,NS2B_K60R,E_Q52H,NS5_V335I,E_V129I,NS3_I140V,NS1_T265A,NS4A_D23N,E_I322V,NS1_D281E,NS2B_L21F,prM_K52N,NS1_N222S,E_R120T,NS5_I271V,prM_D29N,NS1_I264T,NS1_Q175H,NS4B_F112L,NS2B_L109F,NS4A_R76K,NS3_K15R,E_I484V,prM_T82A,NS3_M13V,NS1_L247I,NS2B_D63E,NS3_V273I,NS3_A120I,NS2A_I171A,NS2A_V5I,prM_M83T,E_N390S,NS3_A160T,E_T478S,NS5_R98K,NS5_T290I,NS1_K174R,NS2A_V109A,E_H149N,NS5_A865T,E_E71A,NS4B_V115I,C_L108M,NS2A_M136I,NS2B_V59I,NS3_R186K,NS1_F178S,NS5_G605V,E_I462V,C_M104I,NS4B_V48I,NS5_K570R,NS1_K272R,C_S101T)",10316,2II_F.1.2,NA,NA,NA,NA,NA,NA,NA,"Colombia,Valle del Cauca,Cali",3.4519238,-76.5328732
hDenV2/Colombia/VAC-LSPVAC-2405555/2024,DENV2,II-Cosmopolitan,EPI_ISL_19216440,2024-04-11,South America,Colombia,Valle del Cauca,Palmira,NA,Human,NA,Male,12,Live,"(NS5_T176I,NS5_I135T,prM_M135I,E_Q52H,NS3_P245S,NS5_V335I,E_V129I,NS3_I140V,NS1_T265A,NS4A_D23N,NS1_D281E,prM_K52N,NS1_N222S,E_R120T,NS5_I271V,prM_T162A,E_M6I,prM_D29N,NS1_I264T,NS1_Q175H,NS4B_F112L,NS4A_R76K,NS3_K15R,E_I484V,prM_A152I,prM_T82A,prM_H148Y,NS3_M13V,NS1_L247I,NS3_V273I,NS2A_I171A,NS2A_V5I,prM_M83T,E_N390S,NS3_A120T,NS3_A160T,E_T478S,prM_I127V,NS5_R98K,NS5_T290I,NS1_K174R,NS2A_V109A,E_H149N,NS5_A865T,E_E71A,NS4B_V115I,C_L108M,NS2A_M136I,NS3_R186K,NS1_F178S,NS5_G605V,prM_V120A,E_I462V,C_M104I,NS4B_V48I,NS5_K570R,NS1_K272R,C_S101T)",10316,2II_F.1.2,NA,NA,NA,NA,NA,NA,NA,"Colombia,Valle del Cauca,Palmira",3.5308373,-76.2988048
hDenV2/Colombia/VAC-LSPVAC-2405558/2024,DENV2,III-Asian-American,EPI_ISL_19216441,2024-04-11,South America,Colombia,Valle del Cauca,Cali,NA,Human,NA,Male,8,Live,"(NS5_I637A,NS5_Y247H,NS3_R549K,NS5_I135T,prM_M135I,NS3_R561K,NS5_R749K,E_T359I,NS5_E558K,E_N203D,C_K17R,NS3_I140V,NS3_K142R,NS5_A19T,NS1_T265A,NS4B_D156E,NS3_V567I,NS4A_D23N,NS4B_E24D,C_K9R,NS1_D281E,NS5_A196T,NS5_T811A,NS3_K28R,E_R120T,NS2B_I78V,NS4B_V175I,prM_T162A,NS5_L670I,E_M6I,NS1_I264T,NS4B_F112L,NS2A_L153S,prM_M39I,NS5_K375R,NS5_S225T,NS2A_V109T,NS5_V156I,NS4A_R76K,E_V491A,C_N10S,NS2A_V174A,NS4B_Q21R,E_I484V,NS3_L115I,NS5_I836V,NS2B_L109V,NS5_A642T,NS3_M13V,NS3_I333M,NS2A_Q162R,NS5_V628I,NS4B_A137T,NS1_L247F,NS2A_T104A,NS3_R248K,NS1_A141S,NS4A_I93V,NS5_R246K,NS5_S763T,NS2A_V5I,prM_M83T,NS5_K514R,NS2A_V133A,NS3_A120T,E_K361R,E_T478S,NS5_S429G,NS1_I93T,E_I170T,NS4B_Q22E,NS5_A865T,NS5_E501G,C_M104V,NS2A_H2L,E_M340T,NS2A_M136I,NS2A_T189A,NS3_R186K,E_V324I,NS4B_A19T,E_I462V,NS5_I717V,E_V91I,E_V308I,prM_S15G,NS3_K61R,C_V112A,NS5_S523G,NS3_T399A,C_S101T)",10645,2III_D.2,NA,NA,NA,NA,NA,NA,NA,"Colombia,Valle del Cauca,Cali",3.4519238,-76.5328732
hDenV2/Colombia/VAC-LSPVAC-2405563/2024,DENV2,II-Cosmopolitan,EPI_ISL_19216442,2024-04-10,South America,Colombia,Valle del Cauca,Cali,NA,Human,NA,Female,0,Live,"(NS5_T176I,NS5_I135T,NS2B_K60R,E_Q52H,NS5_V335I,E_V129I,NS3_I140V,NS1_T265A,NS4A_D23N,NS2B_L21F,NS1_D281E,prM_K52N,NS1_N222S,E_R120T,NS5_I271V,prM_D29N,NS1_I264T,NS1_Q175H,NS4B_F112L,NS4A_R76K,NS5_P829L,NS3_K15R,E_I484V,prM_T82A,NS3_M13V,NS1_L247I,NS2B_D63E,NS3_V273I,NS2A_I171A,NS2A_V5I,prM_M83T,E_N390S,NS3_A120T,NS1_I242V,NS3_A160T,E_T478S,NS5_R98K,NS5_T290I,NS1_K174R,NS2A_V109A,E_H149N,NS5_A865T,E_E71A,NS4B_V115I,NS5_P583S,C_L108M,NS2A_M136I,NS2B_V59I,NS3_R186K,NS1_F178S,NS5_G605V,E_I462V,C_M104I,NS4B_V48I,NS5_K570R,NS1_K272R,C_S101T)",10316,2II_F.1.2,NA,NA,NA,NA,NA,NA,NA,"Colombia,Valle del Cauca,Cali",3.4519238,-76.5328732
hDenV2/Colombia/VAC-LSPVAC-2405576/2024,DENV2,III-Asian-American,EPI_ISL_19216443,2024-03-18,South America,Colombia,Valle del Cauca,Cali,NA,Human,NA,Male,10,Live,"(NS5_I637A,NS5_Y247H,NS5_I135T,NS5_R749K,E_T359I,NS5_E558K,E_N203D,NS3_I140V,NS3_K142R,NS1_T265A,NS4B_P23S,NS4B_D156E,NS4A_D23N,C_K9R,NS1_D281E,NS1_I212M,NS5_A196T,NS5_T811A,NS1_N222S,NS3_K28R,E_R120T,NS4B_V175I,NS5_I271T,NS5_L670I,NS2A_V174T,NS1_K172R,NS1_I264T,NS4B_F112L,NS2A_L153S,prM_M39I,NS5_K375R,NS5_S225T,NS2A_V109T,NS5_V156I,NS4A_R76K,NS1_E83D,E_V491A,C_N10S,E_I484V,NS2B_V40I,NS3_L115I,NS5_I836V,NS2B_L109V,NS3_M13V,NS3_I333M,NS5_V628I,NS1_L247F,NS2A_T104A,NS3_R248K,NS4A_I93V,NS5_R246K,NS5_S763T,NS2A_V5I,prM_M83T,NS1_Q98P,NS5_K514R,NS3_G14E,NS5_K388E,NS3_A120T,E_T478S,NS5_I687V,NS5_S429G,NS1_I93T,NS4B_Q22E,NS5_A865T,NS5_E501G,NS1_K170R,NS2B_K87R,C_M104V,NS5_A648T,E_M340T,NS2A_M136I,NS2A_T189A,NS3_R186K,E_V324I,NS4B_A19T,NS2B_A57T,NS5_I717V,E_V91I,E_V308I,prM_S15G,NS3_K61R,C_V112A,NS5_S523G,NS3_T399A,C_S101T)",10645,2III_D.2,NA,NA,NA,NA,NA,NA,NA,"Colombia,Valle del Cauca,Cali",3.4519238,-76.5328732
hDenV2/Colombia/VAC-LSPVAC-2405579/2024,DENV2,II-Cosmopolitan,EPI_ISL_19216444,2024-04-12,South America,Colombia,Valle del Cauca,Cali,NA,Human,NA,Male,47,Live,"(NS1_L247I,NS3_V273I,E_Q52H,NS2A_V5I,prM_M83T,NS5_V335I,E_N390S,E_V129I,NS4A_D23N,prM_K52N,NS1_N222S,E_R120T,E_T478S,NS5_I271V,NS5_T290I,NS1_K174R,NS2A_V109A,prM_D29N,E_H149N,NS5_A865T,NS1_Q175H,NS4B_F112L,E_E71A,NS4B_V115I,C_L108M,NS4A_R76K,NS1_F178S,NS3_K15R,E_I462V,E_I484V,C_M104I,prM_T82A,NS4B_V48I,NS3_M13V,C_S101T)",10316,2II_F.1.2,NA,NA,NA,NA,NA,NA,NA,"Colombia,Valle del Cauca,Cali",3.4519238,-76.5328732
hDenV2/Colombia/VAC-LSPVAC-2405594/2024,DENV2,II-Cosmopolitan,EPI_ISL_19216445,2024-03-25,South America,Colombia,Valle del Cauca,Cali,NA,Human,NA,Male,31,Live,"(NS5_T176I,NS5_I135T,E_Q52H,NS5_V335I,E_V129I,NS3_I140V,NS3_K142R,NS1_T265A,NS4A_D23N,NS1_D281E,prM_K52N,NS1_N222S,E_R120T,NS5_I271V,prM_D29N,NS1_I264T,NS1_Q175H,NS4B_F112L,NS4A_R76K,NS3_K15R,E_I484V,NS3_L115I,prM_T82A,NS3_M13V,NS1_L247I,NS3_V273I,NS2A_V5I,prM_M83T,E_N390S,NS3_A120T,E_T478S,NS5_R98K,NS5_T290I,NS1_K174R,NS2A_V109A,E_H149N,NS5_A865T,E_E71A,NS4B_V115I,C_L108M,NS3_R186K,NS1_F178S,NS5_G605V,E_I462V,C_M104I,NS4B_V48I,NS5_K570R,NS1_K272R,C_S101T)",10315,2II_F.1.2,NA,NA,NA,NA,NA,NA,NA,"Colombia,Valle del Cauca,Cali",3.4519238,-76.5328732
hDenV2/Colombia/VAC-LSPVAC-2405638/2024,DENV2,II-Cosmopolitan,EPI_ISL_19216446,2024-04-12,South America,Colombia,Valle del Cauca,Cali,NA,Human,NA,Male,15,Live,"(NS5_T176I,NS5_I135T,E_Q52H,NS5_V335I,E_V129I,NS3_I140V,NS1_T265A,NS4A_D23N,NS1_D281E,prM_K52N,NS1_N222S,E_R120T,NS5_I271V,prM_D29N,NS1_I264T,NS1_Q175H,NS4B_F112L,NS5_Q286R,NS4A_R76K,NS3_K15R,E_I484V,prM_T82A,NS3_M13V,NS1_L247I,NS3_V273I,NS2A_I171A,NS2A_V5I,prM_M83T,E_N390S,NS3_A120T,NS3_A160T,E_T478S,NS5_R98K,NS5_T290I,NS1_K174R,NS2A_V109A,E_H149N,NS5_A865T,E_E71A,NS4B_V115I,C_L108M,NS2A_M136I,NS3_R186K,NS1_F178S,NS5_G605V,E_I462V,C_M104I,NS4B_V48I,NS5_K570R,NS1_K272R,C_S101T)",10316,2II_F.1.2,NA,NA,NA,NA,NA,NA,NA,"Colombia,Valle del Cauca,Cali",3.4519238,-76.5328732
hDenV2/Colombia/VAC-LSPVAC-2405773/2024,DENV2,II-Cosmopolitan,EPI_ISL_19216447,2024-04-22,South America,Colombia,Valle del Cauca,Cali,NA,Human,NA,Male,9,Live,"(NS5_T176I,NS5_I135T,prM_M135I,E_Q52H,NS3_P245S,NS5_V335I,E_V129I,NS3_I140V,NS1_T265A,NS4A_D23N,NS1_D281E,prM_K52N,NS1_N222S,E_R120T,NS5_I271V,prM_T162A,E_M6I,prM_D29N,NS1_I264T,NS1_Q175H,NS4B_F112L,NS4A_R76K,NS3_K15R,E_I484V,prM_A152I,prM_T82A,prM_H148Y,NS3_M13V,NS1_L247I,NS3_V273I,NS2A_I171A,NS2A_V5I,prM_M83T,E_N390S,NS3_A120T,NS3_A160T,E_T478S,prM_I127V,NS5_R98K,NS5_T290I,NS2A_V109A,E_H149N,NS5_A865T,E_E71A,NS4B_V115I,C_L108M,NS2A_M136I,NS3_R186K,NS1_F178S,NS5_G605V,prM_V120A,E_I462V,C_M104I,NS4B_V48I,NS5_K570R,NS1_K272R,C_S101T)",10316,2II_F.1.2,NA,NA,NA,NA,NA,NA,NA,"Colombia,Valle del Cauca,Cali",3.4519238,-76.5328732
hDenV2/Colombia/un-Yale-DN02565/2024,DENV2,II-Cosmopolitan,EPI_ISL_19257592,2024-02-24,South America,Colombia,Valle del Cauca,Cali,NA,Human,NA,unknown,unknown,unknown,"(NS5_I637A,NS5_R430G,NS5_T176I,NS5_I135T,NS2B_K60R,NS5_Q644K,prM_M135I,E_Q52H,NS5_V335I,NS3_I140V,NS1_T265A,NS4A_D23N,C_K9R,NS2B_L21F,NS1_D281E,prM_K52N,NS1_N222S,NS5_I271V,prM_T162A,prM_D29N,E_M6I,NS1_I264T,NS1_Q175H,NS4B_F112L,NS5_K800T,NS4A_R76K,NS3_K15R,E_I484V,prM_A152I,prM_T82A,prM_H148Y,NS3_M13V,NS3_I333M,NS1_L247I,NS1_S80T,NS2B_D63E,NS5_I5T,NS3_V273I,NS2A_V5I,prM_M83T,E_N390S,NS5_S15N,NS3_A120T,NS3_V395I,NS3_A160T,NS4B_L13F,E_T478S,prM_I127V,NS5_R98K,NS5_T290I,NS1_K174R,NS5_A865T,E_E71A,NS5_M70L,NS4B_V115I,C_L108M,NS2B_V59I,NS3_R186K,NS3_I461V,NS1_F178S,NS4B_A19T,NS5_G605V,NS5_S676N,prM_V120A,E_I462V,C_M104I,NS4B_V48I,NS5_K570R,NS1_K272R,NS4A_I89V,C_S101T)",10513,2II_F.1.2,Yale-DN02565,2024-02-24T00:00:00Z,Colombia,85.1,DENV-2,2II_F.1.2,PP982998,"Colombia,Valle del Cauca,Cali",3.4519238,-76.5328732
hDenV2/Colombia/un-Yale-DN02326/2023,DENV2,III-Asian-American,EPI_ISL_19257593,2023-07-14,South America,Colombia,Valle del Cauca,Cali,NA,Human,NA,unknown,unknown,unknown,"(NS5_Y247H,NS3_R549K,NS5_I135T,prM_M135I,NS3_R561K,NS5_R749K,E_T359I,NS5_E558K,E_N203D,C_K17R,NS3_I140V,NS3_K142R,NS5_A19T,NS1_T265A,NS4B_D156E,NS3_V567I,NS4A_D23N,C_K9R,NS1_D281E,NS1_I212M,NS5_A196T,NS5_T811A,NS5_I637V,NS1_N222S,NS3_K28R,E_R120T,NS2B_I78V,NS4B_V175I,prM_T162A,NS5_L670I,E_M6I,NS1_K172R,NS1_I264T,prM_M39I,NS5_K375R,NS5_S225T,NS5_V156I,NS4A_R76K,E_V491A,NS1_V177A,C_N10S,E_I484V,NS3_L115I,NS5_I836V,NS2B_L109V,NS5_A642T,NS3_M13V,NS5_V628I,NS1_L247F,NS3_R248K,NS1_A141S,NS4A_I93V,NS5_R246K,NS5_S763T,NS2A_V5I,prM_M83T,NS5_K514R,NS3_A120T,E_K361R,E_T478S,NS5_S429G,NS1_I93T,E_I170T,NS5_A865T,NS5_E501G,C_M104V,NS2A_H2L,E_M340T,NS2A_M136I,NS2A_T189A,NS3_R186K,E_V324I,E_I462V,NS5_I717V,E_V91I,E_V308I,prM_S15G,NS3_K61R,C_V112A,NS5_S523G,C_S101T)",10513,2III_D.2,Yale-DN02326,2023-07-14T00:00:00Z,Colombia,88.47,DENV-2,2III_D.2,PP982968,"Colombia,Valle del Cauca,Cali",3.4519238,-76.5328732
hDenV2/Colombia/un-Yale-DN02516/2024,DENV2,III-Asian-American,EPI_ISL_19257594,2024-01-27,South America,Colombia,Valle del Cauca,Zarzal,NA,Human,NA,unknown,unknown,unknown,"(NS5_Y247H,NS3_R549K,prM_M135I,NS3_R561K,NS5_R749K,NS5_E558K,C_K17R,E_N203D,NS3_I140V,NS3_K142R,NS5_A19T,NS1_T265A,NS3_V567I,NS4A_D23N,C_K9R,NS1_D281E,NS1_I212M,NS5_A196T,NS5_T811A,NS1_N222S,NS3_K28R,E_R120T,NS2B_I78V,prM_T162A,NS5_L670I,E_M6I,NS1_K172R,NS1_I264T,prM_M39I,NS5_K375R,NS5_S225T,NS4A_R76K,E_V491A,NS1_V177A,C_N10S,E_I484V,NS3_L115I,NS5_I836V,NS2B_L109V,NS3_M13V,NS1_L247F,NS3_R248K,NS1_A141S,NS4A_I93V,NS5_R246K,NS5_S763T,NS2A_V5I,prM_M83T,NS3_A249S,NS5_K514R,NS3_A120T,E_T478S,NS5_S429G,NS1_I93T,E_I170T,NS5_A865T,NS5_E501G,C_M104V,NS2A_H2L,NS2A_T189A,NS3_R186K,E_I462V,NS5_I717V,E_V91I,E_V308I,prM_S15G,NS3_K61R,C_V112A,NS5_S523G,C_S101T)",10513,2III_D.2,Yale-DN02516,NA,NA,NA,NA,NA,NA,"Colombia,Valle del Cauca,Zarzal",4.393943,-76.0706472
hDenV2/Colombia/un-Yale-DN02538/2024,DENV2,II-Cosmopolitan,EPI_ISL_19257595,2024-02-09,South America,Colombia,Valle del Cauca,Cali,NA,Human,NA,unknown,unknown,unknown,"(NS5_I637A,NS5_R430G,NS5_T176I,NS5_I135T,NS2B_K60R,NS5_Q644K,prM_M135I,E_Q52H,E_T226I,NS3_I140V,NS1_T265A,NS3_V567I,NS4A_D23N,C_K9R,NS2B_L21F,NS1_D281E,prM_K52N,NS1_N222S,E_R120T,NS2A_V36I,prM_V31M,prM_T162A,prM_D29N,E_M6I,NS4A_A36T,NS1_I264T,NS5_K800T,NS3_D174G,NS4A_R76K,NS3_K15R,E_I484V,prM_A152I,E_I432V,prM_T82A,prM_H148Y,NS3_M13V,NS5_S429C,NS1_L247I,NS1_S80T,NS2B_D63E,E_S255P,NS3_R248K,NS5_I5T,NS3_V273I,NS2A_V5I,prM_M83T,E_N390S,NS3_A120T,NS3_V395I,NS3_A160T,NS4B_L13F,E_T478S,prM_I127V,NS5_R98K,NS1_K174R,NS5_A865T,E_E71A,NS5_M70L,C_L108M,NS2B_V59I,NS3_R186K,NS3_I461V,NS1_F178S,NS4B_A19T,NS5_G605V,NS5_S676N,prM_V120A,E_I462V,C_M104I,NS2B_I73V,NS4B_V48I,NS1_I88V,NS5_K570R,NS1_K272R,NS4A_I89V,C_S101T)",10513,2II_F.1.2,Yale-DN02538,2024-02-09T00:00:00Z,Colombia,77.98,DENV-2,2II_F.1.2,PP982993,"Colombia,Valle del Cauca,Cali",3.4519238,-76.5328732
hDenV2/Colombia/un-Yale-DN02588/2024,DENV2,II-Cosmopolitan,EPI_ISL_19257596,2024-03-06,South America,Colombia,Valle del Cauca,Cali,NA,Human,NA,unknown,unknown,unknown,"(NS5_I637A,NS5_R430G,NS2B_K60R,NS5_Q644K,prM_M135I,E_Q52H,NS3_I140V,NS1_T265A,NS4A_D23N,C_K9R,NS2B_L21F,NS1_D281E,E_I322V,prM_K52N,NS1_N222S,NS5_I271V,prM_T162A,prM_D29N,E_M6I,NS1_I264T,NS1_Q175H,NS5_K800T,NS4A_R76K,NS3_K15R,E_I484V,prM_A152I,prM_T82A,prM_H148Y,NS3_M13V,NS1_L247I,NS1_S80T,NS2B_D63E,NS5_I5T,NS3_V273I,NS2A_V5I,prM_M83T,E_N390S,NS5_S15N,NS3_A120T,NS3_V395I,NS3_A160T,E_T478S,prM_I127V,NS5_R98K,NS5_T290I,NS1_K174R,NS5_A865T,E_E71A,NS5_M70L,C_L108M,NS2B_V59I,NS3_R186K,NS3_I461V,NS1_F178S,NS5_G605V,NS5_S676N,prM_V120A,E_I462V,C_M104I,NS5_K570R,NS1_K272R,NS4A_I89V,C_S101T)",10513,2II_F.1.2,Yale-DN02588,2024-03-06T00:00:00Z,Colombia,74.16,DENV-2,2II_F.1.2,PP983002,"Colombia,Valle del Cauca,Cali",3.4519238,-76.5328732
hDenV2/Colombia/un-Yale-DN02366/2023,DENV2,III-Asian-American,EPI_ISL_19257597,2023-08-31,South America,Colombia,Valle del Cauca,Jamundi,NA,Human,NA,unknown,unknown,unknown,"(NS5_Y247H,NS3_R549K,NS5_I135T,prM_M135I,NS3_R561K,NS5_R749K,E_T359I,NS5_E558K,E_N203D,NS3_I140V,NS3_K142R,NS1_T265A,NS4B_P23S,NS4B_D156E,NS3_V567I,NS4A_D23N,C_K9R,NS1_D281E,NS1_I212M,NS5_A196T,NS5_T811A,NS1_N222S,NS3_K28R,E_R120T,NS4B_V175I,NS5_I271T,prM_T162A,NS5_L670I,E_M6I,NS2A_V174T,NS1_K172R,NS1_I264T,NS4B_F112L,NS2A_L153S,prM_M39I,NS5_K375R,NS5_S225T,NS2A_V109T,NS5_V156I,NS4A_R76K,NS1_E83D,E_V491A,C_N10S,E_I484V,NS2B_V40I,NS3_L115I,NS5_I836V,NS2B_L109V,NS3_M13V,NS1_L247F,NS3_R248K,NS4A_I93V,NS5_R246K,NS5_S763T,NS2A_V5I,prM_M83T,NS1_Q98P,NS5_K514R,NS3_G14E,NS5_K388E,NS3_A120T,E_T478S,NS5_I687V,NS5_S429G,NS1_I93T,NS4B_Q22E,NS5_A865T,NS5_E501G,NS1_K170R,NS2B_K87R,C_M104V,E_M340T,NS2A_M136I,NS2A_T189A,NS3_R186K,E_V324I,NS4B_A19T,NS2B_A57T,NS5_I717V,E_V91I,E_V308I,prM_S15G,NS3_K61R,C_V112A,NS5_S523G,C_S101T)",10564,2III_D.2,Yale-DN02366,2023-08-31T00:00:00Z,Colombia,93.36,DENV-2,2III_D.2,PP982974,"Colombia,Valle del Cauca,Jamundi",3.2618357,-76.5407975
hDenV2/Colombia/un-Yale-DN02372/2023,DENV2,II-Cosmopolitan,EPI_ISL_19257598,2023-09-08,South America,Colombia,Valle del Cauca,Palmira,NA,Human,NA,unknown,unknown,unknown,"(NS5_I637A,NS5_R430G,NS5_T176I,NS5_I135T,NS2B_K60R,NS5_Q644K,prM_M135I,E_Q52H,NS3_I140V,NS1_T265A,NS4A_D23N,C_K9R,NS2B_L21F,NS1_D281E,prM_K52N,NS1_N222S,E_R120T,NS5_I271V,prM_T162A,prM_D29N,E_M6I,NS1_I264T,NS1_Q175H,NS4B_F112L,NS5_K800T,NS4A_R76K,NS3_K15R,E_I484V,prM_A152I,prM_T82A,prM_H148Y,NS3_M13V,NS3_I333M,NS1_L247I,NS1_S80T,NS2B_D63E,NS5_I5T,NS3_V273I,NS2A_V5I,prM_M83T,E_N390S,NS5_S15N,NS3_A120T,NS3_V395I,NS3_A160T,NS4B_L13F,E_T478S,prM_I127V,NS5_R98K,NS5_I687V,NS5_T290I,NS1_K174R,NS5_A865T,E_E71A,NS5_M70L,NS4B_V115I,C_L108M,NS2B_V59I,NS3_R186K,NS3_I461V,NS1_F178S,NS4B_A19T,NS5_G605V,NS5_S676N,prM_V120A,E_I462V,C_M104I,NS4B_V48I,NS5_K570R,NS1_K272R,NS4A_I89V,C_S101T)",10513,2II_F.1.2,Yale-DN02372,2023-09-08T00:00:00Z,Colombia,88.18,DENV-2,2II_F.1.2,PP982976,"Colombia,Valle del Cauca,Palmira",3.5308373,-76.2988048
hDenV2/Colombia/un-Yale-DN02417/2023,DENV2,III-Asian-American,EPI_ISL_19257599,2023-10-24,South America,Colombia,Valle del Cauca,Tulua,NA,Human,NA,unknown,unknown,unknown,"(NS5_I637A,NS5_Y247H,NS3_R549K,NS5_I135T,prM_M135I,NS3_R561K,NS5_R749K,E_T359I,NS5_E558K,E_N203D,NS3_I140V,NS3_K142R,NS1_T265A,NS4B_P23S,NS4B_D156E,NS3_V567I,NS4A_D23N,C_K9R,NS1_D281E,NS1_I212M,NS5_A196T,NS5_T811A,NS1_N222S,NS3_K28R,E_R120T,NS4B_V175I,NS5_I271T,prM_T162A,NS5_L670I,E_M6I,NS2A_V174T,NS1_K172R,NS1_I264T,NS4B_F112L,NS2A_L153S,prM_M39I,NS5_K375R,NS5_S225T,NS2A_V109T,NS5_V156I,NS4A_R76K,NS1_E83D,E_V491A,C_N10S,E_I484V,NS2B_V40I,NS3_L115I,NS5_I836V,NS2B_L109V,NS3_M13V,NS3_I333M,NS5_V628I,NS1_L247F,NS3_R248K,NS4A_I93V,NS5_R246K,NS5_S763T,NS2A_V5I,NS3_R187K,prM_M83T,NS1_Q98P,NS5_K514R,NS3_G14E,NS5_K388E,NS3_A120T,E_T478S,NS5_I687V,NS5_S429G,NS1_I93T,NS4B_Q22E,NS5_A865T,NS5_E501G,NS1_K170R,NS2B_K87R,NS5_R596K,C_M104V,NS5_A648T,E_M340T,NS2A_M136I,NS2A_T189A,NS3_R186K,E_V324I,NS4B_A19T,NS2B_A57T,NS5_I717V,E_V91I,E_V308I,prM_S15G,NS3_K61R,C_V112A,NS5_S523G,NS3_T399A,C_S101T)",10610,2III_D.2,Yale-DN02417,NA,NA,NA,NA,NA,NA,"Colombia,Valle del Cauca,Tulua",4.0856667,-76.1972779
hDenV2/Colombia/un-Yale-DN02338/2023,DENV2,III-Asian-American,EPI_ISL_19257600,2023-07-29,South America,Colombia,Valle del Cauca,Cali,NA,Human,NA,unknown,unknown,unknown,"(NS5_I637A,NS5_Y247H,NS3_R549K,NS5_I135T,prM_M135I,NS3_R561K,NS5_R749K,E_T359I,NS5_E558K,C_K17R,E_N203D,NS3_I140V,NS3_K142R,NS5_A19T,NS1_T265A,NS4B_D156E,NS3_V567I,NS4A_D23N,NS4B_E24D,C_K9R,NS1_I212M,NS1_D281E,NS5_A196T,NS5_T811A,NS1_N222S,NS3_K28R,E_R120T,NS2B_I78V,NS4B_V175I,prM_T162A,NS5_L670I,E_M6I,NS1_K172R,NS1_I264T,NS2A_L153S,prM_M39I,NS5_K375R,NS5_S225T,NS2A_V109T,NS5_V156I,NS4A_R76K,E_V491A,NS1_V177A,C_N10S,NS2A_V174A,NS4B_Q21R,E_I484V,NS3_L115I,NS5_I836V,NS2B_L109V,NS5_A642T,NS3_M13V,NS2A_Q162R,NS5_V628I,NS1_L247F,NS2A_T104A,NS3_R248K,NS1_A141S,NS4A_I93V,NS5_R246K,NS5_S763T,NS2A_V5I,prM_M83T,NS5_K514R,NS3_A120T,E_K361R,E_T478S,NS5_S429G,NS1_I93T,E_I170T,NS4B_Q22E,NS5_A865T,NS5_E501G,C_M104V,NS2A_H2L,E_M340T,NS2A_M136I,NS2A_T189A,NS3_R186K,E_V324I,NS4B_A19T,E_I462V,NS5_I717V,E_V91I,E_V308I,prM_S15G,NS3_K61R,C_V112A,NS5_S523G,C_S101T)",10605,2III_D.2,Yale-DN02338,2023-07-29T00:00:00Z,Colombia,93.06,DENV-2,2III_D.2,PP982972,"Colombia,Valle del Cauca,Cali",3.4519238,-76.5328732
hDenV2/Colombia/un-Yale-DN02543/2024,DENV2,II-Cosmopolitan,EPI_ISL_19257601,2024-02-09,South America,Colombia,Valle del Cauca,Cali,NA,Human,NA,unknown,unknown,unknown,"(NS5_I637A,NS5_R430G,NS5_T176I,NS5_I135T,NS2B_K60R,NS5_Q644K,prM_M135I,E_Q52H,NS4B_T244A,NS5_V335I,E_V129I,NS3_I140V,NS1_T265A,NS4A_D23N,C_K9R,NS2B_L21F,NS1_D281E,prM_K52N,NS1_N222S,E_R120T,NS5_I271V,prM_T162A,E_M6I,prM_D29N,NS1_I264T,NS1_Q175H,NS1_Q131H,NS4B_F112L,NS5_K800T,NS4A_R76K,NS3_K15R,E_I484V,prM_A152I,prM_T82A,prM_H148Y,NS3_M13V,NS3_I333M,NS1_L247I,NS1_S80T,NS2B_D63E,NS5_I5T,NS3_V273I,NS2A_V5I,prM_M83T,E_N390S,NS1_T117A,NS5_S15N,NS3_A120T,NS3_V395I,NS3_A160T,NS4B_L13F,E_T478S,prM_I127V,NS5_R98K,NS5_I687V,NS5_T290I,NS1_K174R,NS2A_V109A,E_H149N,NS5_A865T,NS1_S128L,E_E71A,NS5_M70L,NS4B_V115I,C_L108M,NS2A_M136I,NS2B_V59I,NS3_R186K,NS3_I461V,NS1_F178S,NS4B_A19T,NS5_G605V,NS5_S676N,prM_V120A,E_I462V,C_M104I,NS4B_V48I,NS5_K570R,NS1_K272R,NS4A_I89V,C_S101T)",10601,2II_F.1.2,Yale-DN02543,2024-02-09T00:00:00Z,Colombia,98.43,DENV-2,2II_F.1.2,PP982995,"Colombia,Valle del Cauca,Cali",3.4519238,-76.5328732
hDenV2/Colombia/un-Yale-DN02566/2024,DENV2,III-Asian-American,EPI_ISL_19257602,2024-02-23,South America,Colombia,Valle del Cauca,Cali,NA,Human,NA,unknown,unknown,unknown,"(NS5_Y247H,NS3_R549K,NS5_I135T,prM_M135I,NS3_R561K,NS5_R749K,E_T359I,NS5_E558K,E_N203D,NS3_I140V,NS3_K142R,NS1_T265A,NS4B_P23S,NS4B_D156E,NS3_V567I,NS4A_D23N,C_K9R,NS1_D281E,NS1_I212M,NS5_A196T,NS5_T811A,NS1_N222S,NS3_K28R,E_R120T,NS4B_V175I,NS5_I271T,prM_T162A,NS5_L670I,E_M6I,NS2A_V174T,NS1_K172R,NS1_I264T,NS4B_F112L,NS2A_L153S,prM_M39I,NS5_K375R,NS5_S225T,NS2A_V109T,NS5_V156I,NS4A_R76K,NS1_E83D,E_V491A,C_N10S,E_I484V,NS2B_V40I,NS3_L115I,NS5_I836V,NS2B_L109V,NS2A_Y74H,NS3_M13V,NS5_V628I,NS1_L247F,NS3_R248K,NS4A_I93V,NS5_R246K,NS5_S763T,NS5_M765I,NS2A_V5I,prM_M83T,NS1_Q98P,NS5_K514R,NS3_G14E,NS5_K388E,NS3_A120T,E_T478S,NS5_I687V,NS5_S429G,NS1_I93T,NS4B_Q22E,NS5_A865T,NS5_E501G,NS1_K170R,NS2B_K87R,C_M104V,E_M340T,NS2A_M136I,NS2A_T189A,NS3_R186K,E_V324I,NS4B_A19T,NS2B_A57T,NS5_I717V,E_V91I,E_V308I,prM_S15G,NS3_K61R,C_V112A,NS5_S523G,NS2A_T63I,C_S101T)",10606,2III_D.2,Yale-DN02566,2024-02-23T00:00:00Z,Colombia,94.22,DENV-2,2III_D.2,PP983006,"Colombia,Valle del Cauca,Cali",3.4519238,-76.5328732
hDenV2/Colombia/un-Yale-DN02466/2023,DENV2,III-Asian-American,EPI_ISL_19257603,2023-12-19,South America,Colombia,Valle del Cauca,Cali,NA,Human,NA,unknown,unknown,unknown,"(NS5_I637A,NS5_Y247H,NS3_R549K,NS5_I135T,prM_M135I,NS3_R561K,NS5_R749K,E_T359I,NS5_E558K,C_K17R,E_N203D,E_V129I,NS3_I140V,NS3_K142R,NS5_A19T,NS1_T265A,NS3_V567I,NS4A_D23N,C_K9R,NS1_I212M,NS1_D281E,NS5_A196T,NS5_T811A,NS1_N222S,NS3_K28R,E_R120T,NS2B_I78V,prM_T162A,NS5_L670I,E_M6I,NS1_K172R,NS1_I264T,NS2A_L153S,prM_M39I,NS5_K375R,NS5_S225T,NS2A_V109T,NS5_V156I,NS4A_R76K,E_V491A,NS1_V177A,C_N10S,NS2A_V174A,E_I484V,NS3_L115I,NS5_I836V,NS2B_L109V,NS5_A642T,NS3_M13V,NS2A_Q162R,NS5_V628I,NS1_L247F,NS2A_T104A,NS3_R248K,NS1_A141S,NS4A_I93V,NS5_R246K,NS5_S763T,NS2A_V5I,prM_M83T,NS5_K514R,NS3_A120T,E_K361R,E_T478S,NS5_S429G,NS1_I93T,E_I170T,NS5_A865T,NS5_E501G,C_M104V,NS2A_H2L,E_M340T,NS2A_M136I,NS2A_T189A,NS3_R186K,E_V324I,E_I462V,NS5_I717V,prM_S15G,E_V308I,E_V91I,NS3_K61R,C_V112A,NS5_S523G,C_S101T)",10599,2III_D.2,Yale-DN02466,2023-12-19T00:00:00Z,Colombia,87.16,DENV-2,2III_D.2,PP982970,"Colombia,Valle del Cauca,Cali",3.4519238,-76.5328732
hDenV2/Colombia/un-Yale-DN02547/2024,DENV2,II-Cosmopolitan,EPI_ISL_19257604,2024-02-15,South America,Colombia,Valle del Cauca,Cali,NA,Human,NA,unknown,unknown,unknown,"(NS5_I637A,NS5_R430G,NS5_T176I,NS5_I135T,NS2B_K60R,NS5_Q644K,prM_M135I,E_Q52H,NS4B_T244A,NS5_V335I,E_V129I,NS3_I140V,NS1_T265A,NS4A_D23N,C_K9R,NS2B_L21F,NS1_D281E,prM_K52N,NS1_N222S,E_R120T,NS5_I271V,prM_T162A,E_M6I,prM_D29N,NS1_I264T,NS1_Q175H,NS1_Q131H,NS4B_F112L,NS5_K800T,NS4A_R76K,NS3_K15R,E_I484V,prM_A152I,prM_T82A,prM_H148Y,NS3_M13V,NS3_I333M,NS1_L247I,NS1_S80T,NS2B_D63E,NS5_I5T,NS3_V273I,NS2A_V5I,prM_M83T,E_N390S,NS1_T117A,NS5_S15N,NS3_A120T,NS3_V395I,NS3_A160T,NS4B_L13F,E_T478S,prM_I127V,NS5_R98K,NS5_I687V,NS5_T290I,NS1_K174R,NS2A_V109A,E_H149N,NS5_A865T,NS1_S128L,E_E71A,NS5_M70L,NS4B_V115I,C_L108M,NS2A_M136I,NS2B_V59I,NS3_R186K,NS3_I461V,NS1_F178S,NS4B_A19T,NS5_G605V,NS5_S676N,prM_V120A,E_I462V,C_M104I,NS4B_V48I,NS5_K570R,NS1_K272R,NS4A_I89V,C_S101T)",10606,2II_F.1.2,Yale-DN02547,2024-02-15T00:00:00Z,Colombia,99.59,DENV-2,2II_F.1.2,PP982996,"Colombia,Valle del Cauca,Cali",3.4519238,-76.5328732
hDenV2/Colombia/un-Yale-DN02370/2023,DENV2,II-Cosmopolitan,EPI_ISL_19257605,2023-09-03,South America,Colombia,Valle del Cauca,Cali,NA,Human,NA,unknown,unknown,unknown,"(NS5_I637A,NS5_R430G,NS5_T176I,NS5_I135T,NS2B_K60R,NS5_Q644K,prM_M135I,E_Q52H,NS4B_T244A,NS5_V335I,E_V129I,NS3_I140V,NS1_T265A,NS4A_D23N,C_K9R,NS2B_L21F,NS1_D281E,prM_K52N,NS1_N222S,E_R120T,NS5_I271V,prM_T162A,E_M6I,prM_D29N,NS1_I264T,NS1_Q175H,NS1_Q131H,NS4B_F112L,NS5_K800T,NS4A_R76K,NS3_K15R,E_I484V,prM_A152I,prM_T82A,prM_H148Y,NS3_M13V,NS3_I333M,NS1_L247I,NS1_S80T,NS2B_D63E,NS5_I5T,NS3_V273I,NS2A_I171A,NS2A_V5I,prM_M83T,E_N390S,NS1_T117A,NS5_S15N,NS3_A120T,NS3_V395I,NS3_A160T,NS4B_L13F,E_T478S,prM_I127V,NS5_R98K,NS5_I687V,NS5_T290I,NS1_K174R,NS2A_V109A,E_H149N,NS5_A865T,NS1_S128L,E_E71A,NS5_M70L,NS4B_V115I,C_L108M,NS2A_M136I,NS2B_V59I,NS3_R186K,NS3_I461V,NS1_F178S,NS4B_A19T,NS5_G605V,NS5_S676N,prM_V120A,E_I462V,C_M104I,NS4B_V48I,NS5_K570R,NS1_K272R,NS4A_I89V,C_S101T)",10605,2II_F.1.2,Yale-DN02370,2023-09-03T00:00:00Z,Colombia,100,DENV-2,2II_F.1.2,PP982975,"Colombia,Valle del Cauca,Cali",3.4519238,-76.5328732
hDenV2/Colombia/un-Yale-DN02485/2024,DENV2,II-Cosmopolitan,EPI_ISL_19257606,2024-01-09,South America,Colombia,Valle del Cauca,Cali,NA,Human,NA,unknown,unknown,unknown,"(NS5_I637A,NS5_R430G,NS5_T176I,NS5_I135T,NS2B_K60R,NS5_Q644K,prM_M135I,E_Q52H,NS5_V335I,E_V129I,NS3_I140V,NS1_T265A,NS4A_D23N,C_K9R,NS2B_L21F,NS1_D281E,prM_K52N,NS1_N222S,E_R120T,NS5_I271V,prM_T162A,E_M6I,prM_D29N,NS1_I264T,NS1_Q131H,NS1_Q175H,NS4B_F112L,NS5_E640A,NS5_K800T,NS4A_R76K,NS3_K15R,E_I484V,prM_A152I,prM_T82A,prM_H148Y,NS3_M13V,NS3_I333M,NS1_L247I,NS1_S80T,NS2B_D63E,NS5_I5T,NS3_V273I,NS2A_V5I,prM_M83T,E_N390S,NS1_T117A,NS5_S15N,NS3_A120T,NS3_V395I,NS3_A160T,NS4B_L13F,E_T478S,prM_I127V,NS5_R98K,NS5_I687V,NS5_T290I,NS1_K174R,E_H149N,NS5_A865T,NS1_S128L,E_E71A,NS5_M70L,NS4B_V115I,C_L108M,NS2B_V59I,NS3_R186K,NS3_I461V,NS1_F178S,NS4B_A19T,NS5_G605V,NS5_S676N,prM_V120A,E_I462V,C_M104I,NS4B_V48I,NS5_K570R,NS1_K272R,NS4A_I89V,C_S101T)",10605,2II_F.1.2,Yale-DN02485,2024-01-09T00:00:00Z,Colombia,93.45,DENV-2,2II_F.1.2,PP982986,"Colombia,Valle del Cauca,Cali",3.4519238,-76.5328732
hDenV2/Colombia/un-Yale-DN02542/2024,DENV2,II-Cosmopolitan,EPI_ISL_19257607,2024-02-12,South America,Colombia,Valle del Cauca,Cali,NA,Human,NA,unknown,unknown,unknown,"(NS5_I637A,NS5_R430G,NS5_T176I,NS5_I135T,NS2B_K60R,NS5_Q644K,prM_M135I,E_Q52H,NS4B_T244A,NS5_V335I,E_V129I,NS3_I140V,NS1_T265A,NS4A_D23N,C_K9R,NS2B_L21F,NS1_D281E,prM_K52N,NS1_N222S,E_R120T,NS5_I271V,prM_T162A,E_M6I,prM_D29N,NS1_I264T,NS1_Q175H,NS1_Q131H,NS4B_F112L,NS5_K800T,NS4A_R76K,NS3_K15R,E_I484V,prM_A152I,prM_T82A,prM_H148Y,NS3_M13V,NS3_I333M,NS1_L247I,NS1_S80T,NS2B_D63E,NS5_I5T,NS3_V273I,NS2A_V5I,prM_M83T,E_N390S,NS1_T117A,NS5_S15N,NS3_A120T,NS3_V395I,NS3_A160T,NS4B_L13F,E_T478S,prM_I127V,NS5_R98K,NS5_I687V,NS5_T290I,NS1_K174R,E_H149N,NS5_A865T,NS1_S128L,E_E71A,NS5_M70L,NS4B_V115I,C_L108M,NS2A_M136I,NS2B_V59I,NS3_R186K,NS3_I461V,NS1_F178S,NS4B_A19T,NS5_G605V,NS5_S676N,prM_V120A,E_I462V,C_M104I,NS3_G527E,NS4B_V48I,NS5_K570R,NS1_K272R,NS4A_I89V,C_S101T)",10605,2II_F.1.2,Yale-DN02542,2024-02-12T00:00:00Z,Colombia,98.75,DENV-2,2II_F.1.2,PP982994,"Colombia,Valle del Cauca,Cali",3.4519238,-76.5328732
hDenV2/Colombia/un-Yale-DN02431/2023,DENV2,III-Asian-American,EPI_ISL_19257608,2023-11-16,South America,Colombia,Valle del Cauca,Corinto,NA,Human,NA,unknown,unknown,unknown,"(NS5_Y247H,NS3_R549K,NS5_I135T,prM_M135I,NS3_R561K,E_T359I,E_N203D,NS3_I140V,NS3_K142R,NS1_T265A,NS4B_P23S,NS4B_D156E,NS3_V567I,NS4A_D23N,C_K9R,NS1_D281E,NS1_I212M,NS5_A196T,NS5_T811A,NS1_N222S,NS3_K28R,E_R120T,NS4B_V175I,NS5_I271T,prM_T162A,E_M6I,NS1_K172R,NS1_I264T,prM_M39I,NS5_K375R,NS5_S225T,NS5_V156I,NS4A_R76K,NS1_E83D,E_V491A,NS1_V177A,C_N10S,E_I484V,NS2B_V40I,NS3_L115I,NS5_I836V,NS2B_L109V,NS3_M13V,NS1_L247F,NS3_R248K,NS4A_I93V,NS5_R246K,NS5_S763T,NS2A_V5I,prM_M83T,NS1_Q98P,NS3_G14E,NS5_K388E,NS3_A120T,E_T478S,NS5_S429G,NS1_I93T,NS4B_Q22E,NS5_A865T,NS1_K170R,NS2B_K87R,C_M104V,E_M340T,NS3_R186K,E_V324I,NS4B_A19T,NS2B_A57T,E_V91I,E_V308I,NS3_K61R,C_V112A,C_S101T)",10564,2III_D.2,Yale-DN02431,NA,NA,NA,NA,NA,NA,"Colombia,Valle del Cauca,Corinto",4.1149393,-76.1931474
hDenV2/Colombia/un-Yale-DN02567/2024,DENV2,II-Cosmopolitan,EPI_ISL_19257609,2024-02-25,South America,Colombia,Valle del Cauca,Ginebra,NA,Human,NA,unknown,unknown,unknown,"(NS5_I637A,NS5_R430G,NS5_T176I,NS5_I135T,NS2B_K60R,NS5_Q644K,prM_M135I,E_Q52H,NS4B_T244A,NS2A_I33T,E_T226I,NS5_V335I,E_V129I,NS3_I140V,NS1_T265A,NS3_V567I,NS4A_D23N,C_K9R,NS1_D281E,NS2B_L21F,prM_K52N,NS1_N222S,E_R120T,NS5_D808N,NS5_I271V,prM_T162A,E_M6I,prM_D29N,NS1_I264T,NS4B_F112L,NS5_R401K,NS5_K800T,NS4A_R76K,NS3_K15R,E_I484V,NS2A_M70I,prM_A152I,prM_T82A,prM_H148Y,NS3_M13V,NS3_I333M,NS1_A141V,NS1_L247I,NS1_S80T,NS2B_D63E,NS3_R248K,NS5_I5T,NS3_V273I,NS2A_I171A,NS2A_V5I,prM_M83T,E_N390S,NS1_T117A,NS5_S15N,NS3_A120T,NS3_V395I,C_K86R,NS3_A160T,NS4B_L13F,E_T478S,NS1_I21V,prM_I127V,NS5_R98K,NS5_I687V,NS1_K174R,E_H149N,NS5_A865T,NS1_S128L,E_E71A,NS5_M70L,NS4B_V115I,C_L108M,NS2A_M136I,NS2B_V59I,NS3_R186K,NS3_I461V,NS1_F178S,NS4B_A19T,NS5_G605V,NS5_S676N,prM_V120A,E_I462V,C_M104I,NS4B_V48I,NS5_K570R,NS1_K272R,NS4A_I89V,C_S101T)",10607,2II_F.1.2,Yale-DN02567,2024-02-25T00:00:00Z,Colombia,100,DENV-2,2II_F.1.2,PP982999,"Colombia,Valle del Cauca,Ginebra",3.7237049,-76.2687988
hDenV2/Colombia/un-Yale-DN02428/2023,DENV2,II-Cosmopolitan,EPI_ISL_19257610,2023-11-12,South America,Colombia,Valle del Cauca,Cali,NA,Human,NA,unknown,unknown,unknown,"(NS5_I637A,NS5_R430G,NS5_T176I,NS5_I135T,NS2B_K60R,NS5_Q644K,prM_M135I,E_Q52H,NS4B_T244A,NS5_V335I,E_V129I,NS3_I140V,NS1_T265A,NS4A_D23N,C_K9R,NS2B_L21F,NS1_D281E,prM_K52N,NS1_N222S,E_R120T,NS5_I271V,prM_T162A,E_M6I,prM_D29N,NS1_I264T,NS1_Q175H,NS1_Q131H,NS4B_F112L,NS5_K800T,NS4A_R76K,NS3_K15R,E_I484V,prM_A152I,prM_T82A,prM_H148Y,NS3_M13V,NS3_I333M,NS1_L247I,NS1_S80T,NS2B_D63E,NS5_I5T,NS3_V273I,NS2A_I171A,NS2A_V5I,prM_M83T,E_N390S,NS1_T117A,NS5_S15N,NS3_A120T,NS3_V395I,NS3_A160T,NS4B_L13F,E_T478S,prM_I127V,NS5_R98K,NS5_I687V,NS5_T290I,NS1_K174R,NS2A_V109A,E_H149N,NS5_A865T,NS1_S128L,E_E71A,NS5_M70L,NS4B_V115I,C_L108M,NS2A_M136I,NS2B_V59I,NS3_R186K,NS3_I461V,NS1_F178S,NS4B_A19T,NS5_G605V,NS5_S676N,prM_V120A,E_I462V,C_M104I,NS4B_V48I,NS5_K570R,NS1_K272R,NS4A_I89V,C_S101T)",10605,2II_F.1.2,Yale-DN02428,2023-11-12T00:00:00Z,Colombia,98.16,DENV-2,2II_F.1.2,PP982979,"Colombia,Valle del Cauca,Cali",3.4519238,-76.5328732
hDenV2/Colombia/un-Yale-DN02444/2023,DENV2,III-Asian-American,EPI_ISL_19257611,2023-11-25,South America,Colombia,Valle del Cauca,Cali,NA,Human,NA,unknown,unknown,unknown,"(NS5_Y247H,NS3_R549K,prM_M135I,NS3_R561K,E_T359I,E_N203D,NS3_I140V,NS3_K142R,NS1_T265A,NS4B_P23S,NS4B_D156E,NS3_V567I,NS4A_D23N,C_K9R,NS1_D281E,NS1_I212M,NS5_A196T,NS5_T811A,NS1_N222S,NS3_K28R,E_R120T,NS4B_V175I,NS5_I271T,prM_T162A,E_M6I,NS2A_V174T,NS1_K172R,NS1_I264T,NS4B_F112L,NS5_T880I,NS2A_L153S,NS5_K375R,NS5_S225T,NS4A_R76K,NS1_E83D,E_V491A,C_N10S,E_I484V,NS2B_V40I,NS3_L115I,NS5_I836V,NS2B_L109V,NS3_M13V,NS1_L247F,NS3_R248K,NS4A_I93V,NS5_R246K,NS5_S763T,NS2A_V5I,prM_M83T,NS1_Q98P,NS5_K514R,NS3_G14E,NS5_K388E,NS3_A120T,E_T478S,NS3_K568R,NS5_S429G,NS1_I93T,NS4B_Q22E,NS5_A865T,NS5_E501G,NS1_K170R,NS2B_K87R,C_M104V,E_M340T,NS2A_T189A,NS3_R186K,E_V324I,NS4B_A19T,NS2B_A57T,E_V91I,E_V308I,NS3_K61R,C_V112A,NS5_S523G,C_S101T)",10513,2III_D.2,Yale-DN02444,2023-11-25T00:00:00Z,Colombia,83.03,DENV-2,2III_D.2,PP982983,"Colombia,Valle del Cauca,Cali",3.4519238,-76.5328732
hDenV2/Colombia/un-Yale-DN02574/2024,DENV2,II-Cosmopolitan,EPI_ISL_19257612,2024-03-01,South America,Colombia,Valle del Cauca,Tulua,NA,Human,NA,unknown,unknown,unknown,"(NS5_I637A,NS5_R430G,NS5_T176I,NS5_I135T,NS2B_K60R,NS5_Q644K,prM_M135I,E_Q52H,NS4B_T244A,NS5_V335I,E_V129I,NS3_I140V,NS1_T265A,NS4A_D23N,C_K9R,NS2B_L21F,NS1_D281E,prM_K52N,NS1_N222S,E_R120T,NS5_I271V,prM_T162A,NS5_S269G,E_M6I,prM_D29N,NS1_I264T,NS1_Q131H,NS1_Q175H,NS4B_F112L,NS5_K800T,NS4A_R76K,NS3_K15R,E_I484V,prM_A152I,prM_T82A,prM_H148Y,NS3_M13V,NS3_I333M,NS1_L247I,NS1_S80T,NS2B_D63E,NS5_I5T,NS3_V273I,NS2A_I171A,NS2A_V5I,prM_M83T,E_N390S,NS1_T117A,NS5_S15N,NS3_A120T,NS3_V395I,NS3_A160T,NS4B_L13F,E_T478S,prM_I127V,NS5_R98K,NS5_I687V,NS5_T290I,NS1_K174R,NS2A_V109A,E_H149N,NS5_A865T,NS1_S128L,E_E71A,NS5_M70L,NS4B_V115I,C_L108M,NS2A_M136I,NS2B_V59I,NS3_R186K,NS3_I461V,NS1_F178S,NS4B_A19T,NS5_G605V,NS5_S676N,prM_V120A,E_I462V,C_M104I,NS4B_V48I,NS5_K570R,NS1_K272R,NS4A_I89V,C_S101T)",10605,2II_F.1.2,Yale-DN02574,2024-03-01T00:00:00Z,Colombia,100,DENV-2,2II_F.1.2,PP982971,"Colombia,Valle del Cauca,Tulua",4.0856667,-76.1972779
hDenV2/Colombia/un-Yale-DN02356/2023,DENV2,III-Asian-American,EPI_ISL_19257613,2023-08-18,South America,Colombia,Valle del Cauca,Cali,NA,Human,NA,unknown,unknown,unknown,"(NS5_I637A,NS5_Y247H,NS3_R549K,NS5_Q644H,NS5_I135T,prM_M135I,NS3_R561K,NS5_R749K,E_T359I,NS5_E558K,C_K17R,E_N203D,NS1_D281K,NS3_I140V,NS3_K142R,E_V347I,NS1_T265A,NS4B_D156E,NS3_V567I,NS4A_D23N,C_K9R,NS1_I212M,NS5_A196T,NS5_T811A,NS1_N222S,NS3_K28R,E_R120T,NS4B_V175I,prM_T162A,NS5_L670I,E_M6I,NS1_K172R,NS1_I264T,NS4B_F112L,NS2A_L153S,prM_M39I,NS5_K375R,NS5_S225T,NS2A_V109T,NS5_V156I,NS4A_R76K,E_V491A,C_N10S,E_I484V,NS3_L115I,NS5_I836V,NS2B_L109V,NS3_M13V,NS2A_Q162R,NS5_V628I,NS1_L247F,NS3_R248K,NS4A_I93V,NS5_R246K,NS5_S763T,NS2A_V5I,NS3_R187K,prM_M83T,E_V365I,NS5_K514R,NS3_A120T,NS5_V130T,E_T478S,NS5_S429G,NS1_I93T,E_I170T,NS4B_Q22E,NS5_A865T,NS5_E501G,C_M104V,NS2A_H2L,E_M340T,NS2A_M136I,NS2A_T189A,NS4B_M87V,NS4A_R22K,E_V324I,NS4B_A19T,E_I462V,NS5_I717V,E_V91I,E_V308I,prM_S15G,NS3_K61R,C_V112A,NS5_S523G,C_S101T)",10610,2III_D.2,Yale-DN02356,2023-08-18T00:00:00Z,Colombia,97.32,DENV-2,2III_D.2,PP982973,"Colombia,Valle del Cauca,Cali",3.4519238,-76.5328732
hDenV2/Colombia/un-Yale-DN02525/2024,DENV2,III-Asian-American,EPI_ISL_19257614,2024-01-25,South America,Colombia,Cauca,Caloto,NA,Human,NA,unknown,unknown,unknown,"(NS5_I637A,NS3_R549K,NS5_I135T,prM_M135I,NS3_R561K,NS5_E558K,E_N203D,NS3_I140V,NS3_K142R,NS1_T265A,NS4B_P23S,NS4B_D156E,NS3_V567I,NS4A_D23N,C_K9R,NS1_D281E,NS1_I212M,NS5_A196T,NS5_T811A,NS1_N222S,NS3_K28R,E_R120T,NS4B_V175I,prM_T162A,NS5_L670I,E_M6I,NS2A_V174T,NS1_K172R,NS1_I264T,NS4B_F112L,NS2A_L153S,prM_M39I,NS5_K375R,NS2A_V109T,NS5_V156I,NS4A_R76K,NS1_E83D,E_V491A,C_N10S,E_I484V,NS3_L115I,E_V439I,NS5_I836V,NS2B_L109V,NS3_M13V,NS2A_Q162R,NS5_V628I,NS1_L247F,NS3_R248K,NS4A_I93V,NS2A_V5I,NS3_R187K,prM_M83T,NS5_K514R,prM_R151K,NS5_K388E,NS3_A120T,E_T478S,NS1_T27A,NS5_S429G,NS1_I93T,NS4B_Q22E,NS5_A865T,NS5_E501G,C_M104V,NS5_A648T,E_M340T,NS2A_M136I,NS2A_T189A,NS3_R186K,E_V324I,NS4B_A19T,E_I462V,E_V91I,E_V308I,prM_S15G,NS2A_D67G,NS3_K61R,C_V112A,NS5_S523G,C_S101T)",10565,2III_D.2,Yale-DN02525,2024-01-25T00:00:00Z,Colombia,91.5,DENV-2,2III_D.2,PP982992,"Colombia,Cauca,Caloto",3.0336985,-76.4085199
hDenV2/Colombia/un-Yale-DN02409/2023,DENV2,III-Asian-American,EPI_ISL_19257615,2023-10-13,South America,Colombia,Valle del Cauca,"Miranda, Cauca",NA,Human,NA,unknown,unknown,unknown,"(NS5_Y247H,NS3_R549K,prM_M135I,NS3_R561K,NS5_R749K,E_T359I,NS5_E558K,E_N203D,NS3_I140V,NS3_K142R,NS1_T265A,NS4B_P23S,NS4B_D156E,NS3_V567I,NS4A_D23N,C_K9R,NS1_D281E,NS1_I212M,NS5_A196T,NS5_T811A,NS1_N222S,NS3_K28R,E_R120T,NS4B_V175I,NS5_I271T,prM_T162A,NS5_L670I,E_M6I,NS2A_V174T,NS1_K172R,NS1_I264T,NS4B_F112L,NS2A_L153S,NS5_K375R,NS5_S225T,NS2A_V109T,NS4A_R76K,NS1_E83D,E_V491A,NS1_V177A,C_N10S,E_I484V,NS2B_V40I,NS3_L115I,NS5_I836V,NS2B_L109V,NS3_M13V,NS1_L247F,NS2A_T104A,NS3_R248K,NS4A_I93V,NS5_R246K,NS5_S763T,NS2A_V5I,prM_M83T,NS1_Q98P,NS5_K514R,NS3_G14E,NS5_K388E,NS3_A120T,E_T478S,NS5_I687V,NS5_S429G,NS1_I93T,NS4B_Q22E,NS5_A865T,NS5_E501G,NS1_K170R,NS2B_K87R,C_M104V,E_M340T,NS2A_M136I,NS5_I717L,NS2A_T189A,NS3_R186K,E_V324I,NS4B_A19T,NS2B_A57T,E_V91I,E_V308I,NS3_K61R,C_V112A,NS5_S523G,C_S101T)",10597,2III_D.2,Yale-DN02409,2023-10-13T00:00:00Z,Colombia,88.78,DENV-2,2III_D.2,PP982969,"Colombia,Valle del Cauca,Miranda, Cauca",4.813018550000000,-75.92523147656830
hDenV2/Colombia/un-Yale-DN02410/2023,DENV2,III-Asian-American,EPI_ISL_19257616,2023-10-19,South America,Colombia,Valle del Cauca,Corinto,NA,Human,NA,unknown,unknown,unknown,"(NS5_I637A,NS5_Y247H,NS3_R549K,NS5_I135T,prM_M135I,NS3_R561K,NS5_R749K,E_T359I,NS5_E558K,E_N203D,NS3_I140V,NS3_K142R,NS1_T265A,NS4B_P23S,NS4B_D156E,NS3_V567I,NS4A_D23N,C_K9R,NS1_D281E,NS1_I212M,NS5_A196T,NS5_T811A,NS1_N222S,NS3_K28R,E_R120T,NS4B_V175I,NS5_I271T,prM_T162A,NS5_L670I,E_M6I,NS2A_V174T,NS1_K172R,NS1_I264T,NS4B_F112L,NS2A_L153S,prM_M39I,NS5_K375R,NS5_S225T,NS2A_V109T,NS5_V156I,NS4A_R76K,NS1_E83D,E_V491A,NS1_V177A,C_N10S,E_I484V,NS2B_V40I,NS3_L115I,NS5_I836V,NS2B_L109V,NS3_M13V,NS3_I333M,NS5_V628I,NS1_L247F,NS3_R248K,NS4A_I93V,NS5_R246K,NS5_S763T,NS2A_V5I,prM_M83T,NS1_Q98P,NS5_K514R,NS3_G14E,NS5_K388E,NS3_A120T,E_T478S,NS5_I687V,NS5_S429G,NS1_I93T,NS4B_Q22E,NS5_A865T,NS5_E501G,NS1_K170R,NS2B_K87R,C_M104V,NS5_A648T,E_M340T,NS2A_M136I,NS2A_T189A,NS3_R186K,E_V324I,NS4B_A19T,NS2B_A57T,NS5_I717V,E_V91I,E_V308I,prM_S15G,NS3_K61R,C_V112A,NS5_S523G,NS3_T399A,C_S101T)",10610,2III_D.2,Yale-DN02410,NA,NA,NA,NA,NA,NA,"Colombia,Valle del Cauca,Corinto",4.1149393,-76.1931474
hDenV2/Colombia/un-Yale-DN02568/2024,DENV2,III-Asian-American,EPI_ISL_19257617,2024-02-29,South America,Colombia,Valle del Cauca,Cali,NA,Human,NA,unknown,unknown,unknown,"(NS5_Y247H,NS3_R549K,NS5_I135T,prM_M135I,NS3_R561K,NS5_E558K,C_K17R,E_N203D,NS3_I140V,NS3_K142R,NS5_A19T,NS1_T265A,NS3_V567I,NS4A_D23N,C_K9R,NS1_D281E,NS1_I212M,NS5_A196T,NS5_T811A,NS1_N222S,NS3_K28R,E_R120T,NS2B_I78V,prM_T162A,E_M6I,NS1_K172R,NS1_I264T,prM_M39I,NS5_K375R,NS5_S225T,NS5_V156I,NS4A_R76K,E_V491A,NS1_V177A,C_N10S,E_I484V,NS3_L115I,NS5_I836V,NS2B_L109V,NS3_M13V,NS5_T704Q,NS1_L247F,NS4A_I93V,NS5_R246K,NS5_R698K,NS2A_V5I,prM_M83T,NS5_K514R,NS3_A120T,E_T478S,NS5_I687V,NS5_S429G,NS1_I93T,E_I170T,NS5_A865T,NS5_E501G,C_M104V,NS2A_H2L,NS5_E715Q,NS2A_T189A,NS3_R186K,E_I462V,NS5_Q692P,E_V91I,E_V308I,prM_S15G,NS3_K61R,C_V112A,NS5_S523G,NS5_S676A,C_S101T)",10513,2III_D.2,Yale-DN02568,2024-02-29T00:00:00Z,Colombia,75.03,DENV-2,2III_D.2,PP983000,"Colombia,Valle del Cauca,Cali",3.4519238,-76.5328732
hDenV2/Colombia/un-Yale-DN02554/2024,DENV2,III-Asian-American,EPI_ISL_19257618,2024-02-19,South America,Colombia,Valle del Cauca,Cali,NA,Human,NA,unknown,unknown,unknown,"(NS5_I637A,NS5_Y247H,NS3_R549K,NS5_I135T,prM_M135I,NS3_R561K,NS5_R749K,E_T359I,NS5_E558K,E_N203D,NS3_I140V,NS3_K142R,NS1_T265A,NS4B_P23S,NS4B_D156E,NS3_V567I,NS4A_D23N,C_K9R,NS1_D281E,NS1_I212M,NS5_A196T,NS5_T811A,NS1_N222S,NS3_K28R,E_R120T,NS4B_V175I,NS5_I271T,prM_T162A,NS5_L670I,E_M6I,NS2A_V174T,NS1_P106S,NS1_K172R,NS1_I264T,NS4B_F112L,NS2A_L153S,prM_M39I,NS5_K375R,NS5_S225T,NS2A_V109T,NS5_V156I,NS4A_R76K,NS1_E83D,E_V491A,NS1_V177A,C_N10S,E_I484V,NS2B_V40I,NS3_L115I,NS5_I836V,NS2B_L109V,NS3_M13V,NS3_I333M,NS5_V628I,NS1_L247F,NS3_R248K,NS4A_I93V,NS5_R246K,NS5_S763T,NS2A_V5I,prM_M83T,NS1_Q98P,NS5_K514R,NS3_G14E,NS5_K388E,NS3_A120T,E_T478S,NS5_I687V,NS5_S429G,NS1_I93T,NS4B_Q22E,NS5_A865T,NS5_E501G,NS1_K170R,NS2B_K87R,C_M104V,NS5_A648T,E_M340T,NS2A_M136I,NS2A_T189A,NS3_R186K,E_V324I,NS4B_A19T,NS2B_A57T,NS5_I717V,E_V91I,E_V308I,prM_S15G,NS3_K61R,C_V112A,NS5_S523G,NS3_T399A,C_S101T)",10610,2III_D.2,Yale-DN02554,2024-02-19T00:00:00Z,Colombia,100,DENV-2,2III_D.2,PP982997,"Colombia,Valle del Cauca,Cali",3.4519238,-76.5328732
hDenV2/Colombia/un-Yale-DN02413/2023,DENV2,III-Asian-American,EPI_ISL_19257619,2023-10-23,South America,Colombia,Valle del Cauca,Cali,NA,Human,NA,unknown,unknown,unknown,"(NS3_R549K,NS5_I135T,prM_M135I,NS3_R561K,E_N203D,NS1_T265A,NS4B_P23S,NS4B_D156E,NS3_V567I,NS4A_D23N,C_K9R,NS1_I212M,NS1_D281E,NS5_A196T,NS5_T811A,NS1_N222S,E_R120T,NS4B_V175I,prM_T162A,E_M6I,NS1_I264T,NS1_K172R,NS5_K375R,NS5_V156I,NS4A_R76K,NS1_E83D,E_V491A,C_N10S,E_I484V,NS2B_V40I,NS5_I836V,NS2B_L109V,NS1_L247F,NS3_R248K,NS4A_I93V,NS5_S763T,NS2A_V5I,NS3_R187K,NS1_Q98P,prM_M83T,NS5_K388E,E_T478S,NS5_S429G,NS1_I93T,NS4B_Q22E,NS5_A865T,NS1_K170R,NS2B_K87R,C_M104V,NS3_R186K,NS4B_A19T,NS2B_A57T,E_V308I,C_V112A,C_S101T)",10204,2III_D.2,Yale-DN02413,NA,NA,NA,NA,NA,NA,"Colombia,Valle del Cauca,Cali",3.4519238,-76.5328732
hDenV2/Colombia/un-Yale-DN02572/2024,DENV2,II-Cosmopolitan,EPI_ISL_19257620,2024-03-01,South America,Colombia,Valle del Cauca,Cali,NA,Human,NA,unknown,unknown,unknown,"(NS5_I637A,NS5_R430G,NS5_T176I,NS5_I135T,NS2B_K60R,NS5_Q644K,prM_M135I,E_Q52H,E_V129I,NS3_I140V,NS1_T265A,NS4A_D23N,C_K9R,NS2B_L21F,NS1_D281E,prM_K52N,NS1_N222S,E_R120T,NS5_I271V,prM_T162A,E_M6I,prM_D29N,NS1_I264T,NS1_Q175H,NS5_K800T,NS4A_R76K,NS3_K15R,E_I484V,prM_A152I,prM_T82A,prM_H148Y,NS3_M13V,NS3_I333M,NS1_L247I,NS1_S80T,NS2B_D63E,NS5_I5T,NS3_V273I,NS2A_V5I,prM_M83T,E_N390S,NS5_S15N,NS3_A120T,NS3_V395I,NS3_A160T,E_T478S,prM_I127V,NS5_R98K,NS5_T290I,NS1_K174R,E_H149N,NS5_A865T,E_E71A,NS5_M70L,C_L108M,NS2B_V59I,NS3_R186K,NS3_I461V,NS1_F178S,NS5_G605V,NS5_S676N,prM_V120A,E_I462V,C_M104I,NS5_K570R,NS1_K272R,NS4A_I89V,C_S101T)",10478,2II_F.1.2,Yale-DN02572,2024-03-01T00:00:00Z,Colombia,78,DENV-2,2II_F.1.2,PP983001,"Colombia,Valle del Cauca,Cali",3.4519238,-76.5328732
hDenV2/Colombia/un-Yale-DN02434/2023,DENV2,II-Cosmopolitan,EPI_ISL_19257621,2023-11-20,South America,Colombia,Valle del Cauca,Jamundi,NA,Human,NA,unknown,unknown,unknown,"(NS5_I637A,NS5_R430G,NS5_T176I,NS5_I135T,NS2B_K60R,NS5_Q644K,prM_M135I,E_Q52H,NS3_I140V,NS1_T265A,NS4A_D23N,C_K9R,NS2B_L21F,NS1_D281E,prM_K52N,NS1_N222S,E_R120T,NS5_I271V,prM_T162A,prM_D29N,E_M6I,NS1_I264T,NS1_Q175H,NS4B_F112L,NS5_K800T,NS4A_R76K,NS3_K15R,E_I484V,prM_A152I,prM_T82A,prM_H148Y,NS3_M13V,NS1_L247I,NS1_S80T,NS2B_D63E,NS5_I5T,NS3_V273I,NS2A_V5I,prM_M83T,E_N390S,NS5_S15N,NS3_A120T,NS3_V395I,NS3_A160T,E_T478S,prM_I127V,NS5_R98K,NS5_T290I,NS1_K174R,C_I72V,NS5_A865T,E_E71A,NS5_M70L,NS4B_V115I,C_L108M,NS2B_V59I,NS3_R186K,NS3_I461V,NS1_F178S,NS5_G605V,NS5_S676N,prM_V120A,E_I462V,C_M104I,NS4B_V48I,NS5_K570R,NS1_K272R,NS4A_I89V,C_S101T)",10513,2II_F.1.2,Yale-DN02434,2023-11-20T00:00:00Z,Colombia,81.81,DENV-2,2II_F.1.2,PP982982,"Colombia,Valle del Cauca,Jamundi",3.2618357,-76.5407975
hDenV2/Colombia/un-Yale-DN02519/2024,DENV2,III-Asian-American,EPI_ISL_19257622,2024-01-30,South America,Colombia,Valle del Cauca,Jamundi,NA,Human,NA,unknown,unknown,unknown,"(NS5_I637A,NS5_Y247H,NS3_R549K,NS5_I135T,prM_M135I,NS3_R561K,NS5_R749K,NS5_E558K,C_K17R,E_N203D,NS3_I140V,NS3_K142R,NS5_A19T,NS1_T265A,NS4B_D156E,NS3_V567I,NS4A_D23N,NS4B_E24D,C_K9R,NS1_I212M,NS1_D281E,NS5_A196T,NS5_T811A,NS1_N222S,NS2A_A88V,NS3_K28R,E_R120T,NS2B_I78V,NS4B_V175I,prM_T162A,NS5_L670I,E_M6I,NS1_K172R,NS1_I264T,NS4B_F112L,NS2A_L153S,prM_M39I,NS5_K375R,NS5_S225T,NS2A_V109T,NS5_V156I,NS4A_R76K,E_V491A,NS1_V177A,C_N10S,NS2A_V174A,NS4B_Q21R,E_I484V,NS3_L115I,NS5_I836V,NS2B_L109V,NS3_M13V,NS2A_Q162R,NS5_V628I,NS4B_A137T,NS1_L247F,NS3_R248K,NS1_A141S,NS4A_I93V,NS5_R246K,NS5_S763T,NS2A_V5I,prM_M83T,NS5_K514R,NS3_A120T,E_K361R,E_T478S,NS5_S429G,NS1_I93T,E_I170T,NS4B_Q22E,NS5_A865T,NS5_E501G,C_M104V,NS2A_H2L,E_M340T,NS2A_M136I,NS2A_T189A,NS3_R186K,E_V324I,NS4B_A19T,E_I462V,NS5_I717V,E_V91I,E_V308I,prM_S15G,NS3_K61R,C_V112A,NS5_S523G,C_S101T)",10605,2III_D.2,Yale-DN02519,NA,NA,NA,NA,NA,NA,"Colombia,Valle del Cauca,Jamundi",3.2618357,-76.5407975
hDenV2/Colombia/un-Yale-DN02432/2023,DENV2,II-Cosmopolitan,EPI_ISL_19257623,2023-11-17,South America,Colombia,Valle del Cauca,Palmira,NA,Human,NA,unknown,unknown,unknown,"(NS5_I637A,NS5_R430G,NS2B_K60R,NS5_Q644K,prM_M135I,E_Q52H,NS3_I140V,NS1_T265A,NS4A_D23N,C_K9R,NS2B_L21F,NS1_D281E,E_I322V,prM_K52N,NS1_N222S,NS5_I271V,prM_T162A,prM_D29N,E_M6I,NS1_I264T,NS1_Q175H,NS4B_F112L,NS5_K800T,NS2B_L109F,NS3_K15R,E_I484V,prM_A152I,prM_T82A,prM_H148Y,NS3_M13V,NS1_L247I,NS2B_D63E,NS5_I5T,NS3_V273I,NS2A_V5I,prM_M83T,E_N390S,NS5_S15N,NS3_A120T,NS3_A160T,E_T478S,prM_I127V,NS5_R98K,NS5_T290I,NS1_K174R,NS5_A865T,E_E71A,NS5_M70L,NS4B_V115I,C_L108M,NS2B_V59I,NS3_R186K,NS1_F178S,NS5_G605V,NS5_S676N,prM_V120A,E_I462V,C_M104I,NS4B_V48I,NS5_K570R,NS1_K272R,C_S101T)",10467,2II_F.1.2,Yale-DN02432,2023-11-17T00:00:00Z,Colombia,67.95,DENV-2,2II_F.1.2,PP982981,"Colombia,Valle del Cauca,Palmira",3.5308373,-76.2988048
hDenV2/Colombia/un-Yale-DN02534/2024,DENV2,III-Asian-American,EPI_ISL_19257624,2024-02-06,South America,Colombia,Valle del Cauca,Corinto,NA,Human,NA,unknown,unknown,unknown,"(NS5_I637A,NS5_Y247H,NS3_R549K,NS5_I135T,E_V480I,prM_M135I,NS3_R561K,NS5_R749K,NS5_E558K,C_K17R,E_N203D,NS3_I140V,NS3_K142R,NS1_T265A,NS4B_D156E,NS3_V567I,NS4A_D23N,C_K9R,NS1_D281E,NS1_I212M,NS5_A196T,NS5_T811A,NS1_N222S,NS3_K28R,E_R120T,NS4B_V175I,prM_T162A,NS5_L670I,E_M6I,NS1_K172R,NS1_I264T,NS2A_L153T,prM_M39I,NS5_K375R,NS5_S225T,NS2A_V109T,NS5_V156I,NS4A_R76K,NS1_L86I,E_V491A,NS1_V177A,C_N10S,E_I484V,NS3_L115I,NS5_I836V,NS2B_L109V,NS3_M13V,NS2A_Q162R,NS5_V628I,NS1_L247F,NS2A_T104A,NS3_R248K,NS4A_I93V,NS5_R246K,NS5_S763T,NS2A_V5I,prM_M83T,NS5_K514R,NS5_K388E,NS2A_A62T,NS3_A120T,E_K361R,E_T478S,NS5_S429G,NS1_I93T,E_I170T,NS5_A865T,NS5_E501G,C_M104V,NS2A_H2L,E_M340T,NS2A_M136I,NS2A_T189A,NS3_R186K,E_V324I,NS1_F279L,E_I462V,NS5_I717V,E_V91I,E_V308I,prM_S15G,NS3_K61R,C_V112A,NS5_S523G,C_S101T)",10607,2III_D.2,Yale-DN02534,2024-02-06T00:00:00Z,Colombia,89.53,DENV-2,2III_D.2,PP983005,"Colombia,Valle del Cauca,Corinto",4.1149393,-76.1931474
hDenV2/Colombia/un-Yale-DN02494/2024,DENV2,III-Asian-American,EPI_ISL_19257625,2024-01-13,South America,Colombia,Valle del Cauca,Cali,NA,Human,NA,unknown,unknown,unknown,"(NS5_I637A,NS5_Y247H,NS3_R549K,NS5_I135T,prM_M135I,NS3_R561K,NS5_R749K,NS5_E558K,E_N203D,NS3_I140V,NS3_K142R,NS1_T265A,NS4B_P23S,NS4B_D156E,NS3_V567I,NS4A_D23N,C_K9R,NS1_D281E,NS1_I212M,NS5_A196T,NS5_T811A,NS1_N222S,NS3_K28R,E_R120T,NS5_I271V,NS4B_V175I,prM_T162A,NS5_L670I,E_M6I,NS2A_V174T,NS1_K172R,NS1_I264T,NS4B_F112L,NS2A_L153S,prM_M39I,NS5_K375R,NS5_S225T,NS2A_V109T,NS5_V156I,NS4A_R76K,NS1_E83D,E_V491A,C_N10S,E_I484V,NS3_L115I,E_V439I,NS5_I836V,NS2B_L109V,NS3_M13V,NS2A_Q162R,NS5_V628I,NS1_L247F,NS3_R248K,NS4A_I93V,NS5_R246K,NS5_S763T,NS2A_V5I,NS3_R187K,prM_M83T,NS5_K514R,prM_R151K,NS5_K388E,NS3_A120T,E_T478S,NS1_T27A,NS5_I687V,NS5_S429G,NS1_I93T,NS4B_Q22E,NS5_A865T,NS5_E501G,C_M104V,NS5_A648T,E_M340T,NS2A_M136I,NS2A_T189A,NS3_R186K,E_V324I,NS4B_A19T,E_I462V,NS5_I717V,E_V91I,E_V308I,prM_S15G,NS2A_D67G,NS3_K61R,C_V112A,NS5_S523G,C_S101T)",10564,2III_D.2,Yale-DN02494,2024-01-13T00:00:00Z,Colombia,94.33,DENV-2,2III_D.2,PP982987,"Colombia,Valle del Cauca,Cali",3.4519238,-76.5328732
hDenV2/Colombia/un-Yale-DN02473/2023,DENV2,II-Cosmopolitan,EPI_ISL_19257627,2023-12-28,South America,Colombia,Antioquia,Carepa,NA,Human,NA,unknown,unknown,unknown,"(NS5_I637A,NS5_R430G,NS5_T176I,NS5_I135T,NS2B_K60R,NS5_Q644K,prM_M135I,E_Q52H,NS3_I140V,NS1_T265A,NS4A_D23N,C_K9R,NS2B_L21F,NS1_D281E,E_I322V,prM_K52N,NS1_N222S,E_R120T,NS5_I271V,prM_T162A,prM_D29N,E_M6I,NS1_I264T,NS1_Q175H,NS4B_F112L,NS5_K800T,NS2B_L109F,NS4A_R76K,NS3_K15R,E_I484V,prM_A152I,prM_T82A,prM_H148Y,NS3_M13V,NS1_L247I,NS1_S80T,NS2B_D63E,NS5_I5T,NS3_V273I,NS2A_V5I,prM_M83T,E_N390S,NS5_S15N,NS3_A120T,NS3_A160T,E_T478S,prM_I127V,NS5_R98K,NS5_T290I,NS1_K174R,NS5_A865T,E_E71A,NS5_M70L,NS4B_V115I,C_L108M,NS2B_V59I,NS3_R186K,NS1_F178S,NS5_G605V,NS5_S676N,prM_V120A,E_I462V,C_M104I,NS4B_V48I,NS5_K570R,NS1_K272R,NS4A_I89V,C_S101T)",10479,2II_F.1.2,Yale-DN02473,2023-12-28T00:00:00Z,Colombia,77.41,DENV-2,2II_F.1.2,PP982985,"Colombia,Antioquia,Carepa",7.79845155,-76.74603894250130
hDenV2/Colombia/un-Yale-DN02520/2024,DENV2,III-Asian-American,EPI_ISL_19257628,2024-01-31,South America,Colombia,Valle del Cauca,Tulua,NA,Human,NA,unknown,unknown,unknown,"(NS5_I637A,NS5_Y247H,NS3_R549K,NS5_I135T,prM_M135I,NS3_R561K,NS5_R749K,E_T359I,NS5_E558K,E_N203D,NS3_I140V,NS3_K142R,NS1_T265A,NS4B_P23S,NS4B_D156E,NS3_V567I,NS4A_D23N,C_K9R,NS1_D281E,NS1_I212M,NS5_A196T,NS5_T811A,NS1_N222S,NS3_K28R,E_R120T,NS4B_V175I,NS5_I271T,prM_T162A,NS5_L670I,E_M6I,NS2A_V174T,NS1_K172R,NS1_I264T,NS5_P115S,NS4B_F112L,NS2A_L153S,prM_M39I,NS5_K375R,NS5_S225T,NS2A_V109T,NS5_V156I,NS4A_R76K,NS1_E83D,E_V491A,C_N10S,E_I484V,NS2B_V40I,NS3_L115I,NS5_I836V,NS2B_L109V,NS3_M13V,NS3_I333M,NS5_V628I,NS1_L247F,NS3_R248K,NS4A_I93V,NS5_R246K,NS5_S763T,NS2A_V5I,NS3_R187K,prM_M83T,NS1_Q98P,NS5_K514R,NS3_G14E,NS5_K388E,NS3_A120T,E_T478S,NS5_I687V,NS1_I93T,NS4B_Q22E,NS5_A865T,NS5_E501G,NS1_K170R,NS2B_K87R,C_M104V,NS5_A648T,E_M340T,NS2A_M136I,NS2A_T189A,NS3_R186K,E_V324I,NS4B_A19T,NS2B_A57T,NS5_I717V,E_V91I,E_V308I,prM_S15G,NS3_K61R,C_V112A,NS5_S523G,NS3_T399A,C_S101T)",10605,2III_D.2,Yale-DN02520,2024-01-31T00:00:00Z,Colombia,100,DENV-2,2III_D.2,PP982991,"Colombia,Valle del Cauca,Tulua",4.0856667,-76.1972779
hDenV2/Colombia/un-Yale-DN02524/2024,DENV2,III-Asian-American,EPI_ISL_19257629,2024-01-30,South America,Colombia,Valle del Cauca,Cali,NA,Human,NA,unknown,unknown,unknown,"(NS5_I637A,NS5_Y247H,NS5_K467R,NS3_R549K,NS5_I135T,prM_M135I,NS3_R561K,NS5_R749K,E_T359I,NS5_E558K,C_K17R,E_N203D,NS3_I140V,NS3_K142R,NS5_A19T,NS1_T265A,NS4B_D156E,NS3_V567I,NS4A_D23N,NS4B_E24D,C_K9R,NS1_I212M,NS1_D281E,NS5_A196T,NS5_T811A,NS1_N222S,NS3_K28R,E_R120T,NS2B_I78V,NS4B_V175I,prM_T162A,NS5_L670I,E_M6I,NS1_K172R,NS1_I264T,NS4B_F112L,NS2A_L153S,prM_M39I,NS5_K375R,NS5_S225T,NS2A_V109T,NS5_V156I,NS4A_R76K,E_V491A,NS1_V177A,C_N10S,NS2A_V174A,NS4B_Q21R,E_I484V,NS3_L115I,NS5_I836V,NS2B_L109V,NS5_A642T,NS3_M13V,NS2A_Q162R,NS5_V628I,NS4B_A137T,NS1_L247F,NS2A_T104A,NS3_R248K,NS1_A141S,NS4A_I93V,NS5_R246K,NS5_S763T,NS2A_V5I,prM_M83T,NS5_K514R,NS3_A120T,E_K361R,E_T478S,NS5_S429G,NS1_I93T,E_I170T,NS4B_Q22E,NS5_A865T,NS5_E501G,C_M104V,NS2A_H2L,E_M340T,NS2A_M136I,NS2A_T189A,NS3_R186K,E_V324I,NS4B_A19T,E_I462V,NS5_I717V,E_V91I,E_V308I,prM_S15G,NS3_K61R,C_V112A,NS5_S523G,C_S101T)",10610,2III_D.2,Yale-DN02524,2024-01-30T00:00:00Z,Colombia,95.05,DENV-2,2III_D.2,PP983003,"Colombia,Valle del Cauca,Cali",3.4519238,-76.5328732