Year,reporting_delay,p
2007,1,0.2565638024527139
2007,2,0.16812027539992644
2007,3,0.11161379286178745
2007,4,0.07761164965368067
2007,5,0.05616810404798737
2007,6,0.04197990278744325
2007,7,0.03220474922710192
2007,8,0.025241540058872067
2007,9,0.020142068673724707
2007,10,0.01631953113549411
2007,11,0.013396822794885117
2007,12,0.0111236445580561
2007,13,0.009329173695871296
2007,14,0.00789397471424472
2007,15,0.006732753588236339
2007,16,0.005783448808991348
2007,17,0.005000146492363649
2007,18,0.004348369962082553
2007,19,0.0038018817236412567
2007,20,0.003340470973954947
2007,21,0.0029483966717381875
2007,22,0.0026132748719693163
2007,23,0.0023252722748359923
2007,24,0.0020765141275577137
2007,25,0.0018606443189893992
2007,26,0.0016724949527310348
2007,27,0.0015078356277769516
2007,28,0.0013631814031677665
2007,29,0.0012356444187885576
2007,30,0.0011228183081549218
2007,31,0.0010226874659329539
2007,32,9.335553139386246e-4
2007,33,8.539872047358289e-4
2007,34,7.827646872593524e-4
2007,35,7.188486539814015e-4
2007,36,6.613494767723482e-4
2007,37,6.095026765292095e-4
2007,38,5.626490005680454e-4
2007,39,5.202180306681696e-4
2007,40,4.8171463431715225e-4
2007,41,4.4670771719830635e-4
2007,42,4.1482084728190294e-4
2007,43,3.8572440811561877e-4
2007,44,3.591290070513139e-4
2007,45,3.3477991766521037e-4
2007,46,3.1245237788476944e-4
2007,47,2.9194759886577563e-4
2007,48,2.7308936639685986e-4
2007,49,2.557211380214334e-4
2007,50,2.3970355629334517e-4
2007,51,2.2491231249954395e-4
2007,52,2.112363064719831e-4
2007,53,1.985760573039576e-4
2007,54,1.868423273002159e-4
2007,55,1.7595492765432863e-4
2007,56,1.658416794210444e-4
2007,57,1.5643750754245296e-4
2007,58,1.476836491596022e-4
2007,59,1.3952696032787953e-4
2007,60,1.3191930766113684e-4
2007,61,1.2481703344187608e-4
2007,62,1.1818048442219377e-4
2007,63,1.1197359595891932e-4
2007,64,1.0616352432242377e-4
2007,65,1.0072032102944283e-4
2007,66,9.5616643906747e-5
2007,67,9.082750031992773e-5
2007,68,8.633001862083572e-5
2007,69,8.210324439559065e-5
2007,70,7.812795854690307e-5
2007,71,7.438651463164336e-5
2007,72,7.086269320707421e-5
2007,73,6.754157122526317e-5
2007,74,6.440940476183935e-5
2007,75,6.145352357832838e-5
2007,76,5.866223620167875e-5
2007,77,5.602474436445879e-5
2007,78,5.3531065788039024e-5
2007,79,5.11719644118712e-5
2007,80,4.893888727724133e-5
2007,81,4.6823907365763914e-5
2007,82,4.4819671773221386e-5
2007,83,4.291935466969977e-5
2007,84,4.111661455867174e-5
2007,85,3.940555540185733e-5
2007,86,3.778069122436199e-5
2007,87,3.623691385656288e-5
2007,88,3.476946350625324e-5
2007,89,3.337390188725018e-5
2007,90,3.204608765960201e-5
2007,91,3.078215396214417e-5
2007,92,2.9578487840860993e-5
2007,93,2.8431711396678344e-5
2007,94,2.7338664494229496e-5
2007,95,2.6296388889087667e-5
2007,96,2.5302113645167766e-5
2007,97,2.4353241726672816e-5
2007,98,2.344733766028041e-5
2007,99,2.2582116173379552e-5
2007,100,2.1755431723223256e-5
2007,101,2.0965268839973934e-5
2007,102,2.0209733213889407e-5
2007,103,1.948704346342974e-5
2007,104,1.8795523526929818e-5
2007,105,1.8133595625759642e-5
2007,106,1.7499773751646284e-5
2007,107,1.6892657635111044e-5
2007,108,1.631092715583755e-5
2007,109,1.575333715927227e-5
2007,110,1.5218712646908549e-5
2007,111,1.470594431055493e-5
2007,112,1.4213984383464972e-5
2007,113,1.3741842783544243e-5
2007,114,1.3288583525965487e-5
2007,115,1.2853321384446202e-5
2007,116,1.2435218782187395e-5
2007,117,1.2033482895058248e-5
2007,118,1.1647362951054359e-5
2007,119,1.1276147711369305e-5
2007,120,1.0919163119616525e-5
2007,121,1.0575770106827735e-5
2007,122,1.0245362540849302e-5
2007,123,9.92736530966528e-6
2007,124,9.621232529006009e-6
2007,125,9.326445865358796e-6
2007,126,9.042512966190513e-6
2007,127,8.768965989827584e-6
2007,128,8.505360228019923e-6
2007,129,8.251272814747946e-6
2007,130,8.006301515321624e-6
2007,131,7.770063590268087e-6
2007,132,7.5421947289171706e-6
2007,133,7.322348047972101e-6
2007,134,7.110193150701106e-6
2007,135,6.9054152427054006e-06
2007,136,6.707714300514242e-6
2007,137,6.516804289528615e-6
2007,138,6.332412428085693e-6
2007,139,6.154278494646623e-6
2007,140,5.9821541753228995e-6
2007,141,5.8158024491532615e-6
2007,142,5.654997008724124e-6
2007,143,5.4995217138943015e-6
2007,144,5.349170076539703e-6
2007,145,5.203744774377238e-6
2007,146,5.063057192059112e-6
2007,147,4.926926987852682e-6
2007,148,4.795181684333445e-6
2007,149,4.66765628162537e-6
2007,150,4.544192891819926e-6
2007,151,4.4246403932958155e-6
2007,152,4.3088541037461865e-6
2007,153,4.196695470797631e-6
2007,154,4.0880317791782766e-6
2007,155,3.982735873459762e-6
2007,156,3.880685895460455e-6
2007,157,3.781765035455951e-6
2007,158,3.6858612963968887e-6
2007,159,3.5928672703851302e-6
2007,160,3.502679926705954e-6
2007,161,3.415200410758382e-6
2007,162,3.330333853266247e-6
2007,163,3.247989189190935e-6
2007,164,3.16807898580256e-6
2007,165,3.0905192793991444e-6
2007,166,3.015229420194724e-6
2007,167,2.9421319249263906e-6
2007,168,2.8711523367568193e-6
2007,169,2.802219092074895e-6
2007,170,2.735263393820167e-6
2007,171,2.670219090979174e-6
2007,172,2.607022563922598e-6
2007,173,2.5456126152712402e-6
2007,174,2.485930365997502e-6
2007,175,2.4279191564853847e-6
2007,176,2.3715244522887534e-6
2007,177,2.3166937543418902e-6
2007,178,2.2633765133909083e-6
2007,179,2.2115240484273547e-6
2007,180,2.1610894689179587e-6
2007,181,2.112027600635957e-6
2007,182,2.0642949149103138e-6
2007,183,2.0178494611193683e-6
2007,184,1.972650802265206e-6
2007,185,1.9286599534737385e-6
2007,186,1.8858393232743856e-6
2007,187,1.8441526575209585e-6
2007,188,1.8035649858228863e-6
2007,189,1.7640425703631559e-6
2007,190,1.7255528569858258e-6
2007,191,1.6880644284423065e-6
2007,192,1.6515469596915312e-6
2007,193,1.6159711751546828e-6
2007,194,1.5813088078303564e-6
2007,195,1.5475325601810213e-6
2007,196,1.5146160667063468e-6
2007,197,1.4825338581231984e-6
2007,198,1.4512613270765163e-6
2007,199,1.4207746953089057e-6
2007,200,1.3910509822207293e-6
2008,1,0.25781966292733477
2008,2,0.15208585467225622
2008,3,0.09809343319705796
2008,4,0.06780860955353955
2008,5,0.049258561348619105
2008,6,0.03712941440269607
2008,7,0.028797879451996036
2008,8,0.0228509408076633
2008,9,0.018473538246676264
2008,10,0.015169176058416441
2008,11,0.012621712104496249
2008,12,0.01062232278790715
2008,13,0.00902874738259675
2008,14,0.007741482777576205
2008,15,0.006689329159474967
2008,16,0.005820315963271727
2008,17,0.005095837942829054
2008,18,0.0044867681407998105
2008,19,0.003970822671164639
2008,20,0.003530737986971387
2008,21,0.00315298724372768
2008,22,0.0028268615178333348
2008,23,0.0025438024168752426
2008,24,0.002296910744071902
2008,25,0.002080580300452366
2008,26,0.0018902218521948185
2008,27,0.0017220528826678851
2008,28,0.0015729358989647294
2008,29,0.0014402529612303663
2008,30,0.0013218075050521576
2008,31,0.0012157469199037536
2008,32,0.001120501049441339
2008,33,0.0010347330046551282
2008,34,9.572995715358255e-4
2008,35,8.872191486352798e-4
2008,36,8.236456340705725e-4
2008,37,7.658470431790019e-4
2008,38,7.131879103527587e-4
2008,39,6.651147351938051e-4
2008,40,6.211438910142249e-4
2008,41,5.808515351789794e-4
2008,42,5.438651548486985e-4
2008,43,5.098564549627086e-4
2008,44,4.7853535273059184e-4
2008,45,4.496448881547212e-4
2008,46,4.2295689595651486e-4
2008,47,3.982683128236998e-4
2008,48,3.7539801673363226e-4
2008,49,3.5418411346432003e-4
2008,50,3.3448160022509074e-4
2008,51,3.161603483550353e-4
2008,52,2.9910335681976677e-4
2008,53,2.832052362322563e-4
2008,54,2.683708896826248e-4
2008,55,2.5451436206231357e-4
2008,56,2.4155783403019066e-4
2008,57,2.2943074046735578e-4
2008,58,2.1806899634407647e-4
2008,59,2.074143154891994e-4
2008,60,1.974136099004827e-4
2008,61,1.8801845903713648e-4
2008,62,1.7918464005326753e-4
2008,63,1.7087171121148246e-4
2008,64,1.63042641799549e-4
2008,65,1.5566348279227383e-4
2008,66,1.4870307328256914e-4
2008,67,1.4213277837215118e-4
2008,68,1.3592625478181506e-4
2008,69,1.3005924092894446e-4
2008,70,1.245093686385238e-4
2008,71,1.1925599401397494e-4
2008,72,1.1428004530446433e-4
2008,73,1.0956388587334336e-4
2008,74,1.0509119060429999e-4
2008,75,1.0084683428286706e-4
2008,76,9.681679066557422e-5
2008,77,9.29880411010011e-5
2008,78,8.934849169944468e-5
2008,79,8.588689816358413e-5
2008,80,8.259279749368945e-5
2008,81,7.94564458695348e-5
2008,82,7.646876208895116e-5
2008,83,7.362127601127362e-5
2008,84,7.090608151409729e-5
2008,85,6.831579352475507e-5
2008,86,6.584350873473273e-5
2008,87,6.348276964658821e-5
2008,88,6.12275316395641e-5
2008,89,5.9072132772519575e-5
2008,90,5.701126607161288e-5
2008,91,5.5039954075756786e-5
2008,92,5.31535254356323e-5
2008,93,5.134759338233725e-5
2008,94,4.961803589983052e-5
2008,95,4.796097745149243e-5
2008,96,4.6372772125560614e-5
2008,97,4.484998807712584e-5
2008,98,4.338939315595457e-5
2008,99,4.198794161979103e-5
2008,100,4.064276184211762e-5
2008,101,3.935114493173871e-5
2008,102,3.811053418908898e-5
2008,103,3.691851533096904e-5
2008,104,3.577280742152803e-5
2008,105,3.4671254452842505e-5
2008,106,3.36118175234328e-5
2008,107,3.259256756756952e-5
2008,108,3.161167859230671e-5
2008,109,3.06674213828781e-5
2008,110,2.97581576404422e-5
2008,111,2.8882334519208726e-5
2008,112,2.8038479532735214e-5
2008,113,2.7225195801697682e-5
2008,114,2.6441157617718454e-5
2008,115,2.568510629991459e-5
2008,116,2.4955846322722882e-5
2008,117,2.4252241695282136e-5
2008,118,2.35732125742301e-5
2008,119,2.291773209320746e-5
2008,120,2.2284823393677597e-5
2008,121,2.1673556842869785e-5
2008,122,2.108304742575423e-5
2008,123,2.051245229896197e-5
2008,124,1.9960968495486275e-5
2008,125,1.9427830769847574e-5
2008,126,1.891230957417808e-5
2008,127,1.841370915639678e-5
2008,128,1.7931365772298055e-5
2008,129,1.7464646003979904e-5
2008,130,1.7012945177590016e-5
2008,131,1.657568587387828e-5
2008,132,1.6152316525512605e-5
2008,133,1.5742310095547624e-05
2008,134,1.5345162831834557e-5
2008,135,1.4960393092527236e-5
2008,136,1.4587540238180832e-5
2008,137,1.422616358625087e-5
2008,138,1.3875841424091987e-5
2008,139,1.3536170076822904e-5
2008,140,1.3206763026671764e-5
2008,141,1.2887250080646665e-5
2008,142,1.2577276583587217e-5
2008,143,1.227650267385101e-5
2008,144,1.1984602579071326e-5
2008,145,1.1701263949591429e-5
2008,146,1.142618722733804e-5
2008,147,1.115908504804323e-5
2008,148,1.0899681674858211e-5
2008,149,1.0647712461530144e-5
2008,150,1.040292334342878e-5
2008,151,1.0165070354819449e-5
2008,152,9.933919170880712e-6
2008,153,9.709244673058464e-6
2008,154,9.490830536436934e-6
2008,155,9.278468837889103e-6
2008,156,9.07195968384483e-6
2008,157,8.871110856587079e-6
2008,158,8.675737478052548e-6
2008,159,8.485661690175646e-6
2008,160,8.300712350871883e-6
2008,161,8.120724744812248e-6
2008,162,7.945540308189634e-6
2008,163,7.775006366726036e-6
2008,164,7.608975886214168e-6
2008,165,7.447307234927592e-6
2008,166,7.289863957272937e-6
2008,167,7.136514558094191e-6
2008,168,6.987132297072417e-6
2008,169,6.841594992696853e-6
2008,170,6.699784835313065e-6
2008,171,6.5615882087815755e-6
2008,172,6.426895520307023e-6
2008,173,6.295601038022631e-6
2008,174,6.167602735937876e-6
2008,175,6.042802145878599e-6
2008,176,5.921104216070325e-6
2008,177,5.80241717603349e-6
2008,178,5.686652407478486e-6
2008,179,5.573724320904577e-6
2008,180,5.463550237623342e-6
2008,181,5.356050276942039e-6
2008,182,5.251147248256462e-6
2008,183,5.148766547816342e-6
2008,184,5.048836059938902e-6
2008,185,4.951286062457773e-6
2008,186,4.856049136205964e-6
2008,187,4.763060078342045e-6
2008,188,4.672255819338246e-6
2008,189,4.58357534345913e-6
2008,190,4.496959612567949e-6
2008,191,4.412351493106165e-6
2008,192,4.329695686099545e-6
2008,193,4.248938660051849e-6
2008,194,4.170028586593724e-6
2008,195,4.092915278761563e-6
2008,196,4.017550131786981e-6
2008,197,3.943886066283654e-6
2008,198,3.871877473723959e-6
2008,199,3.801480164102865e-6
2008,200,3.7326513156919984e-6
2009,1,0.2634554154301374
2009,2,0.1522674918960977
2009,3,0.0970416569986552
2009,4,0.06651339987393189
2009,5,0.04799966899979015
2009,6,0.03598568897562574
2009,7,0.027783604144882228
2009,8,0.021959021822912095
2009,9,0.017690573726227957
2009,10,0.014480922761257085
2009,11,0.012015006276920108
2009,12,0.010085636923372629
2009,13,0.008552222578782942
2009,14,0.007316773179464441
2009,15,0.006309395087937344
2009,16,0.005479219795882841
2009,17,0.004788562067990206
2009,18,0.004209059747917295
2009,19,0.00371906430295066
2009,20,0.0033018407332801245
2009,21,0.0029443030274581517
2009,22,0.0026361111444004235
2009,23,0.0023690165000952654
2009,24,0.002136381097878322
2009,25,0.0019328198237514335
2009,26,0.0017539313095275278
2009,27,0.0015960932939506278
2009,28,0.0014563055037473422
2009,29,0.0013320679255196804
2009,30,0.0012212857006834814
2009,31,0.0011221942355921627
2009,32,0.0010332997956339891
2009,33,9.533320565324517e-4
2009,34,8.812059602948323e-4
2009,35,8.159908639594691e-4
2009,36,7.568854431507506e-4
2009,37,7.031971659244383e-4
2009,38,6.543254181948745e-4
2009,39,6.097475634509203e-4
2009,40,5.690073731932212e-4
2009,41,5.317053826572967e-4
2009,42,4.974908177569126e-4
2009,43,4.660548102895229e-4
2009,44,4.3712467410905373e-4
2009,45,4.1045905878920284e-4
2009,46,3.858438319777267e-4
2009,47,3.630885692255651e-4
2009,48,3.420235521222273e-4
2009,49,3.224971932738299e-4
2009,50,3.043738209413142e-4
2009,51,2.8753176772519217e-4
2009,52,2.718617170932099e-4
2009,53,2.5726526923170704e-4
2009,54,2.436536940003681e-4
2009,55,2.3094684395219588e-4
2009,56,2.190722046588388e-4
2009,57,2.0796406312545356e-4
2009,58,1.9756277802472841e-4
2009,59,1.878141379352634e-4
2009,60,1.7866879582297354e-4
2009,61,1.7008176972637093e-4
2009,62,1.6201200105509403e-4
2009,63,1.5442196313264869e-4
2009,64,1.4727731364737705e-4
2009,65,0.00014054658555143649
2009,66,1.342009116919175e-4
2009,67,1.282137790923581e-4
2009,68,1.2256080934444432e-4
2009,69,1.1721956203315797e-4
2009,70,1.121693585162058e-4
2009,71,1.0739112372031274e-4
2009,72,1.0286724391134588e-4
2009,73,9.858143864933965e-5
2009,74,9.451864535923719e-5
2009,75,9.066491513859026e-5
2009,76,8.700731858874976e-5
2009,77,8.353386059985074e-5
2009,78,8.023340314513228e-5
2009,79,7.709559524944234e-5
2009,80,7.411080939232762e-5
2009,81,7.127008368977184e-5
2009,82,6.856506927202471e-5
2009,83,6.59879823394044e-5
2009,84,6.353156043466402e-5
2009,85,6.118902252044978e-5
2009,86,5.895403249445511e-5
2009,87,5.682066581380371e-5
2009,88,5.478337893464773e-5
2009,89,5.283698130348001e-5
2009,90,5.097660966373195e-5
2009,91,4.919770446528036e-5
2009,92,4.7495988185862686e-5
2009,93,4.586744539245369e-5
2009,94,4.430830438762494e-5
2009,95,4.2815020301068026e-5
2009,96,4.1384259500002e-5
2009,97,4.001288520429916e-5
2009,98,3.869794420301355e-5
2009,99,3.743665457872632e-5
2009,100,3.622639435484999e-5
2009,101,3.5064690988881614e-5
2009,102,3.394921164164703e-5
2009,103,3.287775415893417e-5
2009,104,3.184823870763457e-5
2009,105,3.0858700013677004e-5
2009,106,2.9907280153700196e-5
2009,107,2.8992221856624068e-5
2009,108,2.811186227509007e-5
2009,109,2.7264627190193863e-5
2009,110,2.6449025616056694e-5
2009,111,2.566364477362329e-5
2009,112,2.490714540564216e-5
2009,113,2.417825740712799e-5
2009,114,2.3475775747729442e-5
2009,115,2.279855666436032e-5
2009,116,2.2145514104216106e-5
2009,117,2.1515616399901217e-5
2009,118,2.0907883159859248e-5
2009,119,2.0321382358632665e-5
2009,120,1.9755227612702333e-5
2009,121,1.9208575628771187e-5
2009,122,1.8680623812378358e-5
2009,123,1.8170608025664387e-5
2009,124,1.7677800483964315e-5
2009,125,1.7201507781690268e-5
2009,126,1.674106903868434e-5
2009,127,1.6295854158883986e-5
2009,128,1.586526219374851e-5
2009,129,1.5448719803452498e-5
2009,130,1.5045679809365548e-5
2009,131,1.4655619831809032e-5
2009,132,1.4278041007515054e-5
2009,133,1.3912466781613131e-5
2009,134,1.3558441769339344e-5
2009,135,1.3215530683002147e-5
2009,136,1.2883317320054412e-5
2009,137,1.2561403608409952e-5
2009,138,1.2249408705411515e-5
2009,139,1.1946968147105186e-5
2009,140,1.1653733044703907e-5
2009,141,1.1369369325336795e-5
2009,142,1.1093557014375505e-5
2009,143,1.08259895568116e-5
2009,144,1.0566373175327608e-5
2009,145,1.0314426262860256e-5
2009,146,1.0069878807599608e-5
2009,147,9.832471848502534e-6
2009,148,9.60195695952403e-6
2009,149,9.378095760885813e-6
2009,150,9.160659455809747e-6
2009,151,8.949428391244235e-6
2009,152,8.744191641204927e-6
2009,153,8.544746611438187e-6
2009,154,8.350898664196718e-6
2009,155,8.162460761992561e-6
2009,156,7.9792531292621e-6
2009,157,7.801102930944752e-6
2009,158,7.627843967036752e-6
2009,159,7.459316382239758e-6
2009,160,7.295366389876229e-6
2009,161,7.1358460092945505e-6
2009,162,6.98061281603238e-6
2009,163,6.829529704050664e-6
2009,164,6.682464659391691e-6
2009,165,6.539290544652044e-6
2009,166,6.399884893697368e-6
2009,167,6.264129716079286e-6
2009,168,6.131911310645654e-6
2009,169,6.0031200878648264e-6
2009,170,5.877650400412407e-6
2009,171,5.755400381593937e-6
2009,172,5.636271791201718e-6
2009,173,5.520169868426359e-6
2009,174,5.4070031914651705e-6
2009,175,5.296683543488799e-6
2009,176,5.189125784647212e-6
2009,177,5.084247729812895e-6
2009,178,4.981970031776342e-6
2009,179,4.882216069623887e-6
2009,180,4.784911842043142e-6
2009,181,4.689985865314645e-6
2009,182,4.597369075761572e-6
2009,183,4.506994736441357e-6
2009,184,4.4187983478748105e-6
2009,185,4.332717562618822e-6
2009,186,4.2486921034992695e-6
2009,187,4.16666368533033e-6
2009,188,4.08657593995502e-6
2009,189,4.008374344451105e-6
2009,190,3.932006152353924e-6
2009,191,3.857420327755643e-6
2009,192,3.7845674821475147e-6
2009,193,3.713399813878615e-6
2009,194,3.643871050110799e-6
2009,195,3.575936391155798e-6
2009,196,3.5095524570860785e-6
2009,197,3.4446772365164375e-6
2009,198,3.3812700374585643e-6
2009,199,3.319291440155438e-6
2009,200,3.258703251807253e-6
2010,1,0.27212144712373426
2010,2,0.15796497178515323
2010,3,0.09993774168301876
2010,4,0.06784237905924427
2010,5,0.04847188850546115
2010,6,0.03598511798734666
2010,7,0.027522082518319085
2010,8,0.021556765452940423
2010,9,0.01721740682031841
2010,10,0.013978020802903307
2010,11,0.011506782793793361
2010,12,0.009586467031942643
2010,13,0.008070361730430492
2010,14,0.0068567003966586325
2010,15,0.005873244482748168
2010,16,0.005067670580658678
2010,17,0.0044013995965419645
2010,18,0.003845532783628164
2010,19,0.0033781139571354814
2010,20,0.0029822474567194235
2010,21,0.0026447806786933214
2010,22,0.002355366578196784
2010,23,0.0021057865540707052
2010,24,0.00188945471521716
2010,25,0.0017010504015673527
2010,26,0.0015362426466352245
2010,27,0.001391481387638947
2010,28,0.0012638377013647992
2010,29,0.0011508804404218162
2010,30,0.0010505801686446455
2010,31,9.612337624733663e-4
2010,32,8.814047942258137e-4
2010,33,8.098760665091871e-4
2010,34,7.456115744427898e-4
2010,35,6.877258357481987e-4
2010,36,6.354590181748901e-4
2010,37,5.88156657900981e-4
2010,38,5.452530357283232e-4
2010,39,5.062574843850488e-4
2010,40,4.707430574672501e-4
2010,41,4.3833711107596084e-4
2010,42,4.087134422026833e-4
2010,43,3.815857001182789e-4
2010,44,3.5670184340679553e-4
2010,45,3.3383945956922366e-4
2010,46,3.128017990865824e-4
2010,47,2.934144035795145e-4
2010,48,2.7552222983000366e-4
2010,49,2.5898718916051073e-4
2010,50,2.4368603593490537e-4
2010,51,2.2950855047891247e-4
2010,52,2.1635597107834474e-4
2010,53,2.0413963734067472e-4
2010,54,1.9277981344410409e-4
2010,55,1.822046649197769e-4
2010,56,1.723493668320469e-4
2010,57,1.6315532470950324e-4
2010,58,1.54569492472062e-4
2010,59,1.4654377400600643e-4
2010,60,1.3903449704718673e-4
2010,61,1.3200194971352383e-4
2010,62,1.2540997143890446e-4
2010,63,1.1922559124810839e-4
2010,64,1.1341870731465944e-4
2010,65,1.07961802591498e-4
2010,66,1.0282969202370566e-4
2010,67,9.79992974641589e-5
2010,68,9.344944693430984e-5
2010,69,8.916069531762916e-5
2010,70,8.511516395453386e-5
2010,71,8.129639693476575e-5
2010,72,7.768923216446702e-5
2010,73,7.427968552753767e-5
2010,74,7.105484667006318e-5
2010,75,6.80027851175453e-5
2010,76,6.511246559146436e-5
2010,77,6.237367152782996e-5
2010,78,5.977693591874674e-5
2010,79,5.731347870116563e-5
2010,80,5.497515000698237e-5
2010,81,5.275437866731344e-5
2010,82,5.064412543265509e-5
2010,83,4.863784043101834e-5
2010,84,4.672942443917501e-5
2010,85,4.491319358879242e-5
2010,86,4.3183847170324814e-5
2010,87,4.153643823376553e-5
2010,88,3.996634671738146e-5
2010,89,3.8469254863856616e-5
2010,90,3.704112470835327e-5
2010,91,3.567817744523421e-5
2010,92,3.4376874499933436e-5
2010,93,3.313390015002058e-5
2010,94,3.194614555512582e-5
2010,95,3.081069406932095e-5
2010,96,2.9724807721974228e-5
2010,97,2.868591476419569e-5
2010,98,2.7691598187913875e-5
2010,99,2.6739585133508757e-5
2010,100,2.5827737109888106e-5
2010,101,2.4954040958038832e-5
2010,102,2.411660049549596e-5
2010,103,2.3313628784943328e-5
2010,104,2.254344097534528e-5
2010,105,2.180444766868431e-5
2010,106,2.109514876959404e-5
2010,107,2.041412777897851e-5
2010,108,1.976004649614441e-5
2010,109,1.913164009707913e-5
2010,110,1.85277125593155e-5
2010,111,1.7947132406372022e-5
2010,112,1.7388828747061357e-5
2010,113,1.6851787587055166e-5
2010,114,1.6335048391992008e-5
2010,115,1.5837700883142083e-5
2010,116,1.5358882048213627e-5
2010,117,1.4897773351313918e-5
2010,118,1.4453598127379957e-5
2010,119,1.402561914758073e-5
2010,120,1.3613136343274712e-5
2010,121,1.3215484677095013e-5
2010,122,1.2832032150636498e-5
2010,123,1.246217793904442e-5
2010,124,1.2105350643559732e-5
2010,125,1.1761006653766225e-5
2010,126,1.1428628611917796e-5
2010,127,1.1107723972305212e-5
2010,128,1.0797823649152911e-5
2010,129,1.049848074702541e-5
2010,130,1.020926936817176e-5
2010,131,9.92978349164796e-6
2010,132,9.659635919437566e-6
2010,133,9.398457285138585e-6
2010,134,9.145895121106578e-6
2010,135,8.901612980239325e-6
2010,136,8.665289608861885e-6
2010,137,8.436618167421316e-6
2010,138,8.215305495933645e-6
2010,139,8.00107142133916e-6
2010,140,7.793648104120348e-6
2010,141,7.5927794217202204e-6
2010,142,7.3982203864671884e-6
2010,143,7.209736595870047e-6
2010,144,7.027103713291237e-6
2010,145,6.850106977140966e-6
2010,146,6.6785407368590024e-6
2010,147,6.51220801406676e-6
2010,148,6.3509200873789475e-6
2010,149,6.19449609946349e-6
2010,150,6.042762685030963e-6
2010,151,5.895553618519807e-6
2010,152,5.752709480324176e-6
2010,153,5.614077340484246e-6
2010,154,5.479510458828624e-6
2010,155,5.348868000622103e-6
2010,156,5.222014766831555e-6
2010,157,5.098820938179068e-6
2010,158,4.979161832202272e-6
2010,159,4.862917672591026e-6
2010,160,4.749973370113828e-6
2010,161,4.640218314490111e-6
2010,162,4.53354617660334e-6
2010,163,4.4298547204864356e-6
2010,164,4.329045624545775e-6
2010,165,4.2310243115212645e-6
2010,166,4.13569978671049e-6
2010,167,4.042984484012815e-6
2010,168,3.952794119374956e-6
2010,169,3.865047551244792e-6
2010,170,3.7796666476627015e-6
2010,171,3.6965761596410078e-6
2010,172,3.6157036005027898e-6
2010,173,3.536979130869618e-6
2010,174,3.46033544900592e-6
2010,175,3.3857076862438402e-6
2010,176,3.313033307228549e-6
2010,177,3.242252014737922e-6
2010,178,3.1733056588449625e-6
2010,179,3.1061381502035644e-6
2010,180,3.040695377250761e-6
2010,181,2.976925127129848e-6
2010,182,2.914777010149412e-6
2010,183,2.8542023876034174e-6
2010,184,2.7951543027871485e-6
2010,185,2.7375874150522425e-6
2010,186,2.6814579367530067e-6
2010,187,2.626723572943858e-6
2010,188,2.573343463694868e-6
2010,189,2.5212781289001052e-6
2010,190,2.470489415459407e-6
2010,191,2.420940446720826e-6
2010,192,2.3725955740767177e-6
2010,193,2.3254203306121127e-6
2010,194,2.27938138670909e-6
2010,195,2.2344465075159095e-6
2010,196,2.1905845121943364e-6
2010,197,2.1477652348629346e-6
2010,198,2.105959487158306e-6
2010,199,2.0651390223401712e-06
2010,200,2.025276500869917e-6
2011,1,0.27054172042421687
2011,2,0.15507729049952984
2011,3,0.09787957648944792
2011,4,0.06648347997461944
2011,5,0.04758337812559721
2011,6,0.035405075688723114
2011,7,0.027145906795295348
2011,8,0.021317234647139468
2011,9,0.01707071464617059
2011,10,0.013895099886773917
2011,11,0.01146800003959807
2011,12,0.009578346752266325
2011,13,0.008083524396462413
2011,14,0.006884540032284788
2011,15,0.0059110633588231
2011,16,0.005112102698837682
2011,17,0.0044500201090975225
2011,18,0.0038965893299688485
2011,19,0.0034303393031501366
2011,20,0.0030347272027111826
2011,21,0.0026968588023593867
2011,22,0.0024065773135737148
2011,23,0.0021558048221054405
2011,24,0.001938059765622832
2011,25,0.0017480989569544517
2011,26,0.001581648943503006
2011,27,0.0014352022647559897
2011,28,0.0013058614099098827
2011,29,0.001191218217191563
2011,30,0.0010892598732504045
2011,31,9.982950648572083e-4
2011,32,9.168955323927467e-4
2011,33,8.43849491377646e-4
2011,34,7.781242697013898e-4
2011,35,7.188361529202231e-4
2011,36,6.652259058991456e-4
2011,37,6.16638793402678e-4
2011,38,5.725081881964643e-4
2011,39,5.323420563812212e-4
2011,40,4.957117629347163e-4
2011,41,4.622427579986186e-4
2011,42,4.316067952170209e-4
2011,43,4.0351540395262457e-4
2011,44,3.7771439231638215e-4
2011,45,3.539792012561633e-4
2011,46,3.321109641689697e-4
2011,47,3.119331536759921e-4
2011,48,2.932887188861497e-4
2011,49,2.7603763386125106e-4
2011,50,2.600547919992493e-4
2011,51,2.452281923784737e-4
2011,52,2.3145737330468918e-4
2011,53,2.1865205580366793e-4
2011,54,2.0673096594137877e-4
2011,55,1.956208098974706e-4
2011,56,1.8525537987567486e-4
2011,57,1.755747723742371e-4
2011,58,1.6652470319399463e-4
2011,59,1.5805590593823723e-4
2011,60,1.501236027430955e-4
2011,61,1.4268703763941376e-4
2011,62,1.3570906434326493e-4
2011,63,1.2915578144818355e-4
2011,64,1.2299620898532598e-4
2011,65,1.172020011586034e-4
2011,66,1.1174719077558711e-4
2011,67,1.0660796150227297e-4
2011,68,1.0176244458776193e-4
2011,69,9.719053714767948e-5
2011,70,9.287373947447973e-5
2011,71,8.879500916847897e-5
2011,72,8.493863016365736e-5
2011,73,8.129009496385379e-5
2011,74,7.783599861364809e-5
2011,75,7.456394310884034e-5
2011,76,7.14624511080371e-5
2011,77,6.8520887942907e-5
2011,78,6.572939104304741e-5
2011,79,6.307880599461637e-5
2011,80,6.0560628541998915e-5
2011,81,5.816695192060065e-5
2011,82,5.5890418977911605e-5
2011,83,5.37241786005721e-5
2011,84,5.166184601841234e-5
2011,85,4.969746660329254e-5
2011,86,4.7825482821868366e-5
2011,87,4.6040704037849564e-5
2011,88,4.433827889153909e-5
2011,89,4.271367001294165e-5
2011,90,4.116263085000203e-5
2011,91,3.9681184415947135e-5
2011,92,3.8265603779626224e-5
2011,93,3.691239414046139e-5
2011,94,3.561827634540061e-5
2011,95,3.438017171933914e-5
2011,96,3.319518809303653e-5
2011,97,3.2060606923785075e-5
2011,98,3.0973871414131795e-5
2011,99,2.9932575542954943e-5
2011,100,2.89344539312654e-5
2011,101,2.797737247234799e-5
2011,102,2.705931966236253e-5
2011,103,2.617839857338433e-5
2011,104,2.533281941613001e-5
2011,105,2.4520892644367124e-5
2011,106,2.3741022557291306e-5
2011,107,2.2991701360023475e-5
2011,108,2.2271503645876747e-5
2011,109,2.157908126720647e-5
2011,110,2.0913158564519253e-5
2011,111,2.027252792611488e-5
2011,112,1.965604565288499e-5
2011,113,1.9062628105032485e-5
2011,114,1.8491248109413887e-5
2011,115,1.7940931607971994e-5
2011,116,1.741075452933311e-5
2011,117,1.6899839867103092e-5
2011,118,1.6407354949730304e-5
2011,119,1.593250888801816e-5
2011,120,1.547455018747852e-5
2011,121,1.5032764513731374e-5
2011,122,1.460647260008026e-5
2011,123,1.41950282872412e-5
2011,124,1.3797816685976894e-5
2011,125,1.341425245409841e-5
2011,126,1.3043778179946719e-5
2011,127,1.2685862865063134e-5
2011,128,1.2340000499305892e-5
2011,129,1.2005708722171981e-5
2011,130,1.168252756454603e-5
2011,131,1.1370018265522925e-5
2011,132,1.1067762159341228e-5
2011,133,1.0775359627824774e-5
2011,134,1.0492429114061063e-5
2011,135,1.0218606193350434e-5
2011,136,9.953542697742112e-6
2011,137,9.69690589073274e-6
2011,138,9.448377688943151e-6
2011,139,9.207653927811205e-6
2011,140,8.974443668542706e-6
2011,141,8.748468543752541e-6
2011,142,8.529462139403483e-6
2011,143,8.31716941081162e-6
2011,144,8.111346130638937e-6
2011,145,7.911758366932031e-6
2011,146,7.71818198939505e-6
2011,147,7.530402202205515e-6
2011,148,7.348213101792016e-6
2011,149,7.171417258096632e-6
2011,150,6.999825317940393e-6
2011,151,6.83325562919962e-6
2011,152,6.671533884583604e-6
2011,153,6.514492783881199e-6
2011,154,6.361971713615806e-6
2011,155,6.213816443114892e-6
2011,156,6.069878836062428e-6
2011,157,5.93001657666068e-6
2011,158,5.7940929095818216e-6
2011,159,5.661976392940316e-6
2011,160,5.533540663563788e-6
2011,161,5.408664213884518e-6
2011,162,5.2872301798142674e-6
2011,163,5.16912613900356e-6
2011,164,5.054243918922638e-6
2011,165,4.942479414234267e-6
2011,166,4.833732412960298e-6
2011,167,4.727906430973264e-6
2011,168,4.624908554371052e-6
2011,169,4.524649289319269e-6
2011,170,4.427042418969296e-6
2011,171,4.332004867082882e-6
2011,172,4.239456568015167e-6
2011,173,4.149320342727774e-6
2011,174,4.061521780522568e-6
2011,175,3.975989126203335e-6
2011,176,3.892653172390032e-6
2011,177,3.8114471567247074e-6
2011,178,3.7323066637232763e-6
2011,179,3.6551695310405685e-6
2011,180,3.5799757599289e-6
2011,181,3.5066674296825143e-6
2011,182,3.4351886158714386e-6
2011,183,3.3654853121787924e-6
2011,184,3.2975053556659934e-6
2011,185,3.231198355299095e-6
2011,186,3.1665156235789607e-6
2011,187,3.1034101111259675e-6
2011,188,3.041836344077794e-6
2011,189,2.9817503641665304e-6
2011,190,2.9231096713480446e-6
2011,191,2.865873168863284e-6
2011,192,2.810001110617428e-6
2011,193,2.755455050768574e-6
2011,194,2.7021977954233237e-6
2011,195,2.650193356341714e-6
2011,196,2.599406906559043e-6
2011,197,2.549804737836656e-6
2011,198,2.501354219858358e-6
2011,199,2.454023761093038e-6
2011,200,2.4077827712483225e-06
2012,1,0.20342052307849448
2012,2,0.15282861290424749
2012,3,0.11069879246012405
2012,4,0.08214647107320415
2012,5,0.06263944904445129
2012,6,0.04891685901106125
2012,7,0.03897735957794741
2012,8,0.03158984438359805
2012,9,0.025975642381444636
2012,10,0.021626682136180672
2012,11,0.018201606541999378
2012,12,0.015464952041003876
2012,13,0.013250460376340515
2012,14,0.011438283714258935
2012,15,0.009940426730471975
2012,16,0.008691213068118032
2012,17,0.0076408987885455545
2012,18,0.006751305347369375
2012,19,0.005992777550617329
2012,20,0.005342028496092316
2012,21,0.004780589293670416
2012,22,0.004293678120245572
2012,23,0.003869364529264712
2012,24,0.0034979446043472487
2012,25,0.0031714686490204075
2012,26,0.002883380563032818
2012,27,0.002628239910554564
2012,28,0.002401505849109683
2012,29,0.0021993677834766154
2012,30,0.002018611630805488
2012,31,0.0018565134558888984
2012,32,0.0017107543091982068
2012,33,0.0015793516121601339
2012,34,0.0014606035467529927
2012,35,0.0013530437325149059
2012,36,0.001255404092402091
2012,37,0.0011665842754591334
2012,38,0.0010856263588558096
2012,39,0.001011693823257116
2012,40,9.440540046229595e-4
2012,41,8.820633876942141e-4
2012,42,8.251552329192244e-4
2012,43,7.728291278182311e-4
2012,44,7.246421320702089e-4
2012,45,6.802012476846619e-4
2012,46,6.391569950913286e-4
2012,47,6.011979155920244e-4
2012,48,5.660458524805984e-4
2012,49,5.334518888774537e-4
2012,50,5.03192841207435e-4
2012,51,4.7506822425938904e-4
2012,52,4.4889761767408383e-4
2012,53,4.2451837512224244e-4
2012,54,4.017836268366608e-4
2012,55,3.805605339333949e-4
2012,56,0.00036072875940118413
2012,57,3.421791259992401e-4
2012,58,3.24812435777242e-4
2012,59,3.085384296757337e-4
2012,60,2.932748688081547e-4
2012,61,2.7894672167131653e-4
2012,62,2.654854437640743e-4
2012,63,2.528283379834546e-4
2012,64,2.409179857705124e-4
2012,65,2.2970174034143956e-4
2012,66,2.1913127450157334e-4
2012,67,2.0916217653289867e-4
2012,68,1.9975358849594438e-4
2012,69,1.9086788201670932e-4
2012,70,1.824703672568149e-4
2012,71,1.7452903130593564e-4
2012,72,1.6701430270254762e-4
2012,73,1.5989883919307832e-4
2012,74,1.531573361897655e-4
2012,75,1.4676635369165948e-4
2012,76,1.4070415969777734e-4
2012,77,1.3495058837199704e-4
2012,78,1.294869114205319e-4
2012,79,1.2429572131883505e-4
2012,80,1.1936082517889948e-4
2012,81,1.146671481831246e-4
2012,82,1.102006456296923e-4
2012,83,1.0594822273889224e-4
2012,84,1.0189766146192732e-4
2012,85,9.803755361496009e-5
2012,86,9.435723973296921e-5
2012,87,9.084675310149325e-5
2012,88,8.749676848062968e-5
2012,89,8.42985550855765e-5
2012,90,8.124393343236e-5
2012,91,7.832523569683651e-5
2012,92,7.553526927017249e-5
2012,93,7.286728322533203e-5
2012,94,7.031493743704215e-5
2012,95,6.787227412268427e-5
2012,96,6.553369159390706e-5
2012,97,6.329392002875882e-5
2012,98,6.114799909208236e-5
2012,99,5.909125724801446e-5
2012,100,5.71192926228929e-5
2012,101,5.522795528988989e-5
2012,102,5.341333085839034e-5
2012,103,5.167172526169559e-5
2012,104,4.999965064614317e-5
2012,105,4.8393812273326646e-5
2012,106,4.685109635486574e-5
2012,107,4.5368558746195304e-5
2012,108,4.394341443220068e-5
2012,109,4.257302774328464e-5
2012,110,4.125490324567253e-5
2012,111,3.998667725450521e-5
2012,112,3.8766109922568844e-5
2012,113,3.7591077861429035e-5
2012,114,3.6459567255294384e-5
2012,115,3.5369667431174645e-5
2012,116,3.4319564851856255e-5
2012,117,3.3307537500907184e-5
2012,118,3.2331949631382975e-5
2012,119,3.139124685214875e-5
2012,120,3.048395152778492e-5
2012,121,2.9608658469917215e-5
2012,122,2.876403089953171e-5
2012,123,2.7948796661403073e-5
2012,124,2.7161744673209164e-5
2012,125,2.6401721593223285e-5
2012,126,2.566762869168782e-5
2012,127,2.4958418912086532e-5
2012,128,2.4273094109555855e-5
2012,129,2.3610702454613194e-5
2012,130,2.297033599124802e-5
2012,131,2.2351128339214808e-5
2012,132,2.175225253110181e-5
2012,133,2.1172918975424644e-5
2012,134,2.061237353761552e-5
2012,135,2.0069895731355723e-5
2012,136,1.954479701322778e-5
2012,137,1.903641917415422e-5
2012,138,1.8544132821543044e-5
2012,139,1.8067335946478547e-5
2012,140,1.760545257068275e-5
2012,141,1.715793146833281e-5
2012,142,1.6724244958150404e-5
2012,143,1.630388776148675e-5
2012,144,1.5896375922413422e-5
2012,145,1.5501245786092643e-5
2012,146,1.5118053031945492e-5
2012,147,1.4746371758366425e-5
2012,148,1.4385793615941901e-5
2012,149,1.4035926986329179e-5
2012,150,1.3696396204133355e-5
2012,151,1.336684081929097e-5
2012,152,1.3046914897627215e-5
2012,153,1.2736286357400137e-5
2012,154,1.2434636339783446e-5
2012,155,1.2141658611366939e-5
2012,156,1.185705899687231e-5
2012,157,1.1580554840394245e-5
2012,158,1.1311874493579322e-5
2012,159,1.1050756829252986e-5
2012,160,1.079695077909406e-5
2012,161,1.0550214894041994e-5
2012,162,1.0310316926199944e-5
2012,163,1.0077033431070522e-5
2012,164,9.85014938903091e-6
2012,165,9.629457845017333e-6
2012,166,9.414759565449917e-6
2012,167,9.205862711485846e-6
2012,168,9.002582527740413e-6
2012,169,8.80474104566654e-6
2012,170,8.612166800829064e-6
2012,171,8.424694563353732e-6
2012,172,8.242165080871876e-6
2012,173,8.064424833320039e-6
2012,174,7.89132579899e-6
2012,175,7.722725231257797e-6
2012,176,7.5584854454533695e-6
2012,177,7.398473615360439e-6
2012,178,7.242561578866432e-6
2012,179,7.090625652306514e-6
2012,180,6.942546453072217e-6
2012,181,6.798208730077544e-6
2012,182,6.65750120169764e-6
2012,183,6.52031640081584e-6
2012,184,6.386550526634468e-6
2012,185,6.25610330292245e-6
2012,186,6.1288778423910715e-6
2012,187,6.004780516904721e-6
2012,188,5.883720833248833e-6
2012,189,5.765611314192349e-6
2012,190,5.650367384594774e-6
2012,191,5.537907262321572e-6
2012,192,5.42815185374333e-6
2012,193,5.321024653605603e-6
2012,194,5.216451649067652e-6
2012,195,5.114361227717801e-6
2012,196,5.014684089383524e-6
2012,197,4.917353161563003e-6
2012,198,4.822303518313859e-6
2012,199,4.729472302442741e-6
2012,200,4.638798650847311e-6
2013,1,0.0017424816651798426
2013,2,0.0058916132673946554
2013,3,0.009892755541433037
2013,4,0.013098878122674873
2013,5,0.015495391260222082
2013,6,0.017211363621563353
2013,7,0.018388774986017858
2013,8,0.019149958029762663
2013,9,0.019592816002889472
2013,10,0.019793566967406494
2013,11,0.019810940686323372
2013,12,0.019690064458644983
2013,13,0.019465632301027522
2013,14,0.019164369060567184
2013,15,0.018806909423528254
2013,16,0.018409220814262467
2013,17,0.01798367997928046
2013,18,0.017539889404998378
2013,19,0.017085298859961656
2013,20,0.016625680803672955
2013,21,0.01616549584943312
2013,22,0.015708175135452744
2013,23,0.015256339579477501
2013,24,0.014811970933889784
2013,25,0.01437654583455113
2013,26,0.013951141286758768
2013,27,0.013536517992146904
2013,28,0.013133186400127516
2013,29,0.01274145922826968
2013,30,0.01236149333768416
2013,31,0.011993323199218656
2013,32,0.011636887690973003
2013,33,0.011292051588388105
2013,34,0.010958622816270277
2013,35,0.010636366306348078
2013,36,0.010325015128508497
2013,37,0.010024279426888777
2013,38,0.009733853584602568
2013,39,0.009453421956318788
2013,40,0.0091826634410676
2013,41,0.008921255114608844
2013,42,0.008668875098461627
2013,43,0.00842520480894461
2013,44,0.008189930702522356
2013,45,0.007962745611999012
2013,46,0.007743349750558088
2013,47,0.007531451446462119
2013,48,0.007326767659726563
2013,49,0.0071290243227377596
2013,50,0.00693795653917419
2013,51,0.006753308669379178
2013,52,0.006574834325254342
2013,53,0.006402296293582919
2013,54,0.006235466403278983
2013,55,0.006074125349254225
2013,56,0.0059180624832871126
2013,57,0.005767075580379401
2013,58,0.005620970587518933
2013,59,0.005479561360476036
2013,60,0.005342669393194681
2013,61,0.005210123543459586
2013,62,0.00508175975779398
2013,63,0.00495742079794297
2013,64,0.0048369559708028856
2013,65,0.004720220863249117
2013,66,0.0046070770829793025
2013,67,0.004497392006212682
2013,68,0.004391038532860161
2013,69,0.004287894849594395
2013,70,0.0041878442010982245
2013,71,0.0040907746696472345
2013,72,0.003996578963083203
2013,73,0.0039051542111557605
2013,74,0.0038164017701464072
2013,75,0.0037302270356392797
2013,76,0.0036465392632644093
2013,77,0.0035652513972098767
2013,78,0.0034862799062773016
2013,79,0.0034095446272395685
2013,80,0.0033349686152491834
2013,81,0.003262478001039237
2013,82,0.0031920018546560814
2013,83,0.003123472055462491
2013,84,0.0030568231681521473
2013,85,0.0029919923245198487
2013,86,0.002928919110737016
2013,87,0.002867545459888013
2013,88,0.002807815549529825
2013,89,0.0027496757040449634
2013,90,0.002693074301565364
2013,91,0.0026379616852531813
2013,92,0.002584290078732523
2013,93,0.0025320135054745555
2013,94,0.002481087711946576
2013,95,0.002431470094343819
2013,96,0.0023831196287308117
2013,97,0.002335996804426814
2013,98,0.002290063560477603
2013,99,0.0022452832250631485
2013,100,0.002201620457697909
2013,101,0.0021590411940873495
2013,102,0.0021175125935108375
2013,103,0.0020770029886075098
2013,104,0.002037481837447712
2013,105,0.0019989196777784306
2013,106,0.0019612880833367536
2013,107,0.0019245596221306308
2013,108,0.0018887078165912966
2013,109,0.0018537071055065417
2013,110,0.0018195328076485568
2013,111,0.001786161087014519
2013,112,0.0017535689196021154
2013,113,0.0017217340616462711
2013,114,0.0016906350192469695
2013,115,0.0016602510193216794
2013,116,0.0016305619818192446
2013,117,0.0016015484931352839
2013,118,0.0015731917806722053
2013,119,0.0015454736884897688
2013,120,0.0015183766539949087
2013,121,0.001491883685622079
2013,122,0.0014659783414578446
2013,123,0.0014406447087657503
2013,124,0.0014158673843697226
2013,125,0.0013916314558563405
2013,126,0.0013679224835582483
2013,127,0.0013447264832829172
2013,128,0.001322029909752706
2013,129,0.0012998196407238336
2013,130,0.0012780829617535239
2013,131,0.0012568075515860355
2013,132,0.0012359814681297719
2013,133,0.0012155931349989932
2013,134,0.0011956313285949552
2013,135,0.001176085165702507
2013,136,0.0011569440915793652
2013,137,0.0011381978685163442
2013,138,0.0011198365648478895
2013,139,0.0011018505443932479
2013,140,0.0010842304563095228
2013,141,0.0010669672253387922
2013,142,0.0010500520424322729
2013,143,0.0010334763557353329
2013,144,0.0010172318619179196
2013,145,0.0010013104978356942
2013,146,9.857044325078186e-4
2013,147,9.704060593980499e-4
2013,148,9.55407988986353e-4
2013,149,9.407030416188824e-4
2013,150,9.262842406247095e-4
2013,151,9.121448056882169e-4
2013,152,8.982781464665868e-4
2013,153,8.846778564422825e-4
2013,154,8.71337707000887e-4
2013,155,8.58251641725094e-4
2013,156,8.454137708960527e-4
2013,157,8.328183661936739e-4
2013,158,8.204598555878672e-4
2013,159,8.083328184130428e-4
2013,160,7.96431980618542e-4
2013,161,7.847522101879866e-4
2013,162,7.732885127208615e-4
2013,163,7.620360271698899e-4
2013,164,7.509900217281062e-4
2013,165,7.401458898597347e-4
2013,166,7.294991464692707e-4
2013,167,7.19045424203404e-4
2013,168,7.087804698806192e-4
2013,169,6.987001410435722e-4
2013,170,6.888004026295254e-4
2013,171,6.790773237543171e-4
2013,172,6.695270746055532e-4
2013,173,6.60145923440871e-4
2013,174,6.509302336873176e-4
2013,175,6.418764611380201e-4
2013,176,6.329811512425238e-4
2013,177,6.242409364872788e-4
2013,178,6.156525338629512e-4
2013,179,6.072127424153174e-4
2013,180,5.989184408766766e-4
2013,181,5.907665853748179e-4
2013,182,5.827542072167045e-4
2013,183,5.748784107441492e-4
2013,184,5.671363712588779e-4
2013,185,5.595253330144556e-4
2013,186,5.520426072726798e-4
2013,187,5.446855704221291e-4
2013,188,5.374516621566267e-4
2013,189,5.30338383711512e-4
2013,190,5.233432961556507e-4
2013,191,5.164640187372181e-4
2013,192,5.096982272813708e-4
2013,193,5.030436526379751e-4
2013,194,4.964980791776555e-4
2013,195,4.900593433344703e-4
2013,196,4.837253321936078e-4
2013,197,4.7749398212254204e-4
2013,198,4.7136327744415595e-4
2013,199,4.653312491503896e-4
2013,200,4.593959736550321e-4
2014,1,0.18410338899825512
2014,2,0.16082748553291204
2014,3,0.12242523927651233
2014,4,0.0924977258570335
2014,5,0.0708220559826963
2014,6,0.055138486920916156
2014,7,0.043625488017437146
2014,8,0.035024676537349385
2014,9,0.028488086431748022
2014,10,0.0234408167459468
2014,11,0.019487121132941397
2014,12,0.016349746429115904
2014,13,0.01383101479459209
2014,14,0.011787618983263606
2014,15,0.010114049654250301
2014,16,0.008731513009698934
2014,17,0.007580393188569982
2014,18,0.0066150412234608404
2014,19,0.0058001164657173285
2014,20,0.005107980651807707
2014,21,0.00451681664280327
2014,22,0.004009253245725547
2014,23,0.0035713482338470366
2014,24,0.0031918280954994845
2014,25,0.0028615139543579915
2014,26,0.0025728839824150987
2014,27,0.002319736914151207
2014,28,0.0020969311694412807
2014,29,0.0019001810319974972
2014,30,0.001725896248480996
2014,31,0.0015710549357670469
2014,32,0.001433102231270829
2014,33,0.0013098689806936015
2014,34,0.001199506126740093
2014,35,0.001100431478918005
2014,36,0.001011286305211343
2014,37,9.308997598700754e-4
2014,38,8.582595969209015e-4
2014,39,7.924879517515202e-4
2014,40,7.32821229066046e-4
2014,41,6.785933335781725e-4
2014,42,6.29221633978772e-4
2014,43,5.841951713804644e-4
2014,44,5.430647183845327e-4
2014,45,5.054343699972218e-4
2014,46,4.709544072856073e-4
2014,47,4.393152222943607e-4
2014,48,4.102421309397029e-4
2014,49,3.834909313560319e-4
2014,50,3.588440900433936e-4
2014,51,3.3610745835618177e-4
2014,52,3.151074383281461e-4
2014,53,2.956885302869007e-4
2014,54,2.777112057570905e-4
2014,55,2.6105005824839534e-4
2014,56,2.455921920410502e-4
2014,57,2.3123581531177043e-4
2014,58,2.1788900912285595e-4
2014,59,2.0546864811657087e-4
2014,60,1.9389945236893737e-4
2014,61,1.8311315288600837e-4
2014,62,1.730477557724698e-4
2014,63,1.6364689224930288e-4
2014,64,1.5485924351164946e-4
2014,65,1.4663803095510546e-4
2014,66,1.3894056360396807e-4
2014,67,1.3172783568591695e-4
2014,68,1.2496416824531262e-4
2014,69,1.1861688949745638e-4
2014,70,1.1265604932020608e-4
2014,71,1.070541638751545e-4
2014,72,1.0178598686304194e-4
2014,73,9.682830435975104e-5
2014,74,9.21597505605658e-5
2014,75,8.776064209027377e-5
2014,76,8.36128288225384e-5
2014,77,7.96995594001477e-5
2014,78,7.600535986351742e-5
2014,79,7.251592398279614e-5
2014,80,6.921801405289569e-5
2014,81,6.609937105404919e-5
2014,82,6.314863320590096e-5
2014,83,6.035526205302831e-5
2014,84,5.770947531627299e-5
2014,85,5.520218582904964e-5
2014,86,5.2824945952448155e-5
2014,87,5.056989692873464e-5
2014,88,4.842972269093665e-5
2014,89,4.63976076975149e-5
2014,90,4.44671984065491e-5
2014,91,4.2632568044106796e-5
2014,92,4.0888184357163384e-5
2014,93,3.922888007315485e-5
2014,94,3.764982581644016e-5
2014,95,3.614650525705617e-5
2014,96,3.471469228952198e-5
2014,97,3.3350430059414164e-5
2014,98,3.2050011673267496e-5
2014,99,3.08099624433028e-5
2014,100,2.962702353275514e-5
2014,101,2.8498136880370032e-5
2014,102,2.7420431294101177e-5
2014,103,2.639120961434883e-5
2014,104,2.5407936856331353e-5
2014,105,2.4468229249507934e-5
2014,106,2.3569844099471632e-5
2014,107,2.2710670404484172e-5
2014,108,2.188872016492064e-5
2014,109,2.110212032939461e-5
2014,110,2.0349105326303747e-5
2014,111,1.9628010134036072e-5
2014,112,1.8937263847142036e-5
2014,113,1.8275383699468642e-5
2014,114,1.7640969508591075e-5
2014,115,1.7032698508910746e-5
2014,116,1.644932054354324e-5
2014,117,1.5889653587619952e-5
2014,118,1.5352579577904947e-5
2014,119,1.4837040525697532e-5
2014,120,1.434203489187888e-5
2014,121,1.3866614204679152e-5
2014,122,1.3409879902309753e-5
2014,123,1.2970980384036023e-5
2014,124,1.2549108254573242e-5
2014,125,1.2143497747882945e-5
2014,126,1.1753422317538188e-5
2014,127,1.1378192381827684e-5
2014,128,1.1017153212682804e-5
2014,129,1.0669682958350525e-5
2014,130,1.0335190790505087e-5
2014,131,1.0013115167195988e-5
2014,132,9.702922203678174e-6
2014,133,9.404104143765184e-6
2014,134,9.116177924892532e-6
2014,135,8.83868383058203e-6
2014,136,8.571184224460192e-6
2014,137,8.313262360409832e-6
2014,138,8.064521263826727e-6
2014,139,7.824582679314681e-6
2014,140,7.593086080485893e-6
2014,141,7.369687737841803e-6
2014,142,7.154059840993017e-6
2014,143,6.945889671739769e-6
2014,144,6.74487882477706e-6
2014,145,6.550742473012557e-6
2014,146,6.363208674692843e-6
2014,147,6.182017719725751e-6
2014,148,6.006921512764114e-6
2014,149,5.837682990781058e-6
2014,150,5.6740755730196315e-6
2014,151,5.515882641340886e-6
2014,152,5.362897049126171e-6
2014,153,5.214920657011054e-6
2014,154,5.071763893841353e-6
2014,155,4.933245341347263e-6
2014,156,4.799191341128754e-6
2014,157,4.6694356226366625e-6
2014,158,4.543818950918214e-6
2014,159,4.422188792974417e-6
2014,160,4.304399001649622e-6
2014,161,4.190309516042401e-6
2014,162,4.079786077489761e-6
2014,163,3.972699960236044e-6
2014,164,3.868927715953505e-6
2014,165,3.7683509313323603e-6
2014,166,3.6708559980066976e-6
2014,167,3.5763338941273174e-6
2014,168,3.484679976934291e-6
2014,169,3.3957937857214594e-6
2014,170,3.309578854621542e-6
2014,171,3.2259425346746065e-6
2014,172,3.1447958246748308e-6
2014,173,3.066053210320244e-6
2014,174,2.9896325112184346e-6
2014,175,2.9154547353268815e-6
2014,176,2.843443940431842e-6
2014,177,2.7735271022920367e-6
2014,178,2.705633989095593e-6
2014,179,2.639697041898329e-6
2014,180,2.5756512607308827e-6
2014,181,2.5134340960797485e-6
2014,182,2.452985345464022e-6
2014,183,2.39424705484535e-6
2014,184,2.3371634246233838e-6
2014,185,2.2816807199825745e-6
2014,186,2.2277471853695514e-6
2014,187,2.175312962892271e-6
2014,188,2.124330014443511e-6
2014,189,2.074752047362487e-6
2014,190,2.0265344434580903e-6
2014,191,1.979634191227099e-6
2014,192,1.9340098211095493e-6
2014,193,1.889621343632069e-6
2014,194,1.846430190297823e-6
2014,195,1.8043991570893519e-6
2014,196,1.7634923504575866e-6
2014,197,1.7236751356771258e-6
2014,198,1.684914087453995e-6
2014,199,1.647176942678187e-6
2014,200,1.6104325552188444e-6
2015,1,0.19600574107680585
2015,2,0.1548161937047103
2015,3,0.11419243000179635
2015,4,0.085410784559854
2015,5,0.06534239024952693
2015,6,0.05107007465696867
2015,7,0.040668924137727824
2015,8,0.032912264802158975
2015,9,0.027007905892240242
2015,10,0.022431957457337497
2015,11,0.018829207938315537
2015,12,0.015953074839815375
2015,13,0.013628668906329066
2015,14,0.011729525739845835
2015,15,0.01016259317776219
2015,16,0.008858323937950639
2015,17,0.0077639992767867165
2015,18,0.006839142834411688
2015,19,0.0060523145326186285
2015,20,0.005378832992856868
2015,21,0.0047991336134809316
2015,22,0.00429756882385151
2015,23,0.0038615204869928478
2015,24,0.0034807356739802093
2015,25,0.0031468243035530394
2015,26,0.002852875451135775
2015,27,0.002593161605669943
2015,28,0.0023629087662975544
2015,29,0.002158116294186736
2015,30,0.00197541469654295
2015,31,0.0018119525686676598
2015,32,0.0016653061236790454
2015,33,0.0015334063479672231
2015,34,0.0014144800051964675
2015,35,0.0013070015918532577
2015,36,0.0012096540065962785
2015,37,0.0011212961932542073
2015,38,0.001040936395625878
2015,39,9.67709951849263e-4
2015,40,9.008607792724464e-4
2015,41,0.00083972587379949515
2015,42,7.837222826533798e-4
2015,43,7.323361153688424e-4
2015,44,6.851132413222718e-4
2015,45,6.41651388292299e-4
2015,46,6.015934092703351e-4
2015,47,5.64621526940612e-4
2015,48,5.304523991780557e-4
2015,49,4.988328763091617e-4
2015,50,4.6953634309527474e-4
2015,51,4.4235955648181996e-4
2015,52,4.1711990493527524e-4
2015,53,3.936530273111114e-4
2015,54,3.7181073917343305e-4
2015,55,3.5145922272801944e-4
2015,56,3.324774433595568e-4
2015,57,3.1475576144102726e-4
2015,58,2.9819471281725937e-4
2015,59,2.8270393532399147e-4
2015,60,2.6820122202468485e-4
2015,61,2.546116846404914e-4
2015,62,2.41867013004383e-4
2015,63,2.2990481836215944e-4
2015,64,2.1866805003142073e-4
2015,65,2.081044763642156e-4
2015,66,1.9816622218104656e-4
2015,67,1.8880935588711802e-4
2015,68,1.7999352037428612e-4
2015,69,1.716816025775401e-4
2015,70,1.6383943721248232e-4
2015,71,1.5643554078654704e-4
2015,72,1.494408724652245e-4
2015,73,1.4282861879686125e-4
2015,74,1.3657399966532645e-4
2015,75,1.3065409315715545e-4
2015,76,1.250476773055746e-4
2015,77,1.1973508691396365e-4
2015,78,1.1469808387072829e-4
2015,79,1.099197395505436e-4
2015,80,1.0538432805701416e-4
2015,81,1.0107722920210433e-4
2015,82,9.698484024085155e-5
2015,83,9.30944954881202e-5
2015,84,8.9394393039464e-5
2015,85,8.587352790217431e-5
2015,86,8.252163091676561e-5
2015,87,7.932911291471196e-5
2015,88,7.628701361629616e-5
2015,89,7.338695482386874e-5
2015,90,7.062109751147493e-5
2015,91,6.798210245237525e-5
2015,92,6.546309406207372e-5
2015,93,6.305762716662354e-5
2015,94,6.075965643464084e-5
2015,95,5.856350823705986e-5
2015,96,5.646385472153577e-5
2015,97,5.445568990887197e-5
2015,98,5.2534307637184745e-5
2015,99,5.069528119595858e-5
2015,100,4.8934444506902975e-5
2015,101,4.724787472178284e-5
2015,102,4.563187611931743e-5
2015,103,4.4082965193983605e-5
2015,104,4.259785683923243e-5
2015,105,4.1173451536353663e-5
2015,106,3.98068234681073e-5
2015,107,3.849520948335452e-5
2015,108,3.7235998845365073e-5
2015,109,3.602672370230477e-5
2015,110,3.4865050223688394e-5
2015,111,3.374877035137395e-5
2015,112,3.267579411801659e-5
2015,113,3.164414248985269e-5
2015,114,3.065194069426844e-5
2015,115,2.9697411995872203e-5
2015,116,2.8778871887763987e-5
2015,117,2.789472266739872e-5
2015,118,2.7043448368911387e-5
2015,119,2.62236100260222e-5
2015,120,2.543384124169854e-5
2015,121,2.467284404262702e-5
2015,122,2.3939384998269853e-5
2015,123,2.323229158584901e-5
2015,124,2.2550448784043513e-5
2015,125,2.189279587950281e-5
2015,126,2.1258323471488167e-5
2015,127,2.0646070661064204e-5
2015,128,2.0055122412280677e-5
2015,129,1.9484607073719485e-5
2015,130,1.8933694049642593e-5
2015,131,1.8401591610766356e-5
2015,132,1.78875448354165e-5
2015,133,1.739083367248706e-5
2015,134,1.6910771118244405e-5
2015,135,1.6446701499586374e-5
2015,136,1.5997998856891844e-5
2015,137,1.556406542007978e-5
2015,138,1.5144330171944624e-5
2015,139,1.4738247493248513e-5
2015,140,1.4345295884431377e-5
2015,141,1.396497675915538e-5
2015,142,1.3596813305225201e-5
2015,143,1.3240349408729243e-5
2015,144,1.2895148637527309e-5
2015,145,1.2560793280470079e-5
2015,146,1.2236883438975636e-5
2015,147,1.1923036167813518e-5
2015,148,1.1618884662152661e-5
2015,149,1.1324077488123098e-5
2015,150,1.1038277854319636e-5
2015,151,1.0761162921842264e-5
2015,152,1.0492423150622754e-5
2015,153,1.0231761679930458e-5
2015,154,9.978893741084199e-6
2015,155,9.733546100521993e-6
2015,156,9.49545653149605e-6
2015,157,9.264373312768954e-6
2015,158,9.040054752787566e-6
2015,159,8.822268737905303e-6
2015,160,8.610792303311049e-6
2015,161,8.40541122540503e-6
2015,162,8.20591963443845e-6
2015,163,8.012119646304563e-6
2015,164,7.823821012436665e-6
2015,165,7.640840786829619e-6
2015,166,7.463003009260885e-6
2015,167,7.290138403841277e-6
2015,168,7.122084092076234e-6
2015,169,6.958683319667235e-6
2015,170,6.799785196327087e-6
2015,171,6.64524444792468e-6
2015,172,6.494921180314805e-6
2015,173,6.348680654244716e-6
2015,174,6.206393070764664e-6
2015,175,6.06793336660081e-6
2015,176,5.933181018980802e-6
2015,177,5.8020198594296336e-6
2015,178,5.6743378960813536e-6
2015,179,5.550027144076501e-6
2015,180,5.4289834636394284e-06
2015,181,5.311106405451887e-6
2015,182,5.196299062959955e-6
2015,183,5.084467931271424e-6
2015,184,4.975522772319266e-6
2015,185,4.869376485983818e-6
2015,186,4.765944986883624e-6
2015,187,4.6651470865596325e-6
2015,188,4.566904380792187e-6
2015,189,4.471141141804349e-6
2015,190,4.377784215117703e-6
2015,191,4.286762920839125e-6
2015,192,4.198008959168489e-6
2015,193,4.1114563199284235e-6
2015,194,4.0270411959269736e-6
2015,195,3.9447018999743275e-6
2015,196,3.864378785383431e-6
2015,197,3.7860141697932526e-6
2015,198,3.709552262161542e-6
2015,199,3.6349390927815095e-6
2015,200,3.5621224461844517e-6
2016,1,0.177531515904675
2016,2,0.1492193343268867
2016,3,0.1137541836590715
2016,4,0.08696493389269032
2016,5,0.06761128482790302
2016,6,0.05351302907769082
2016,7,0.043053451988169976
2016,8,0.03514250215693589
2016,9,0.029050769504680645
2016,10,0.024283500525175562
2016,11,0.020498653965947685
2016,12,0.017455051211538144
2016,13,0.014979402380880361
2016,14,0.012945009664564997
2016,15,0.01125775416418762
2016,16,0.009846698159138604
2016,17,0.0086576659095331
2016,18,0.007648782593971022
2016,19,0.006787323854720258
2016,20,0.006047457572474335
2016,21,0.005408602784146658
2016,22,0.004854221840778408
2016,23,0.004370920922200974
2016,24,0.003947772851136062
2016,25,0.0035758020862213234
2016,26,0.003247589352050091
2016,27,0.0029569654408949228
2016,28,0.002698772123726778
2016,29,0.002468674025188191
2016,30,0.0022630095307192267
2016,31,0.0020786718262785094
2016,32,0.0019130133749636201
2016,33,0.0017637687516411226
2016,34,0.0016289919533107628
2016,35,0.0015070051959467285
2016,36,0.0013963568802668705
2016,37,0.0012957869178987743
2016,38,0.001204197997875433
2016,39,0.0011206316718475942
2016,40,0.001044248367165139
2016,41,9.743106164925287e-4
2016,42,9.101689330750781e-4
2016,43,8.512498712698357e-4
2016,44,7.970458993440524e-4
2016,45,7.471067810061383e-4
2016,46,7.010322176124998e-4
2016,47,6.584655475081994e-4
2016,48,6.190883348345998e-4
2016,49,5.826157091726408e-4
2016,50,5.487923409856399e-4
2016,51,5.173889570751282e-4
2016,52,4.8819931602646984e-4
2016,53,4.6103757657623887e-4
2016,54,4.3573600251774875e-4
2016,55,4.121429566025535e-4
2016,56,3.9012114323564324e-4
2016,57,3.695460658746309e-4
2016,58,3.503046701490328e-4
2016,59,3.3229414799302627e-4
2016,60,3.154208816784608e-4
2016,61,2.9959950966191695e-4
2016,62,2.8475209871632275e-4
2016,63,2.708074089826012e-4
2016,64,2.577002404146532e-4
2016,65,2.453708506548228e-4
2016,66,2.3376443571082158e-4
2016,67,2.2283066594529826e-4
2016,68,2.1252327086609374e-4
2016,69,2.0279966704388764e-4
2016,70,1.9362062420547795e-4
2016,71,1.849499651729557e-4
2016,72,1.7675429585629234e-4
2016,73,1.6900276197182515e-4
2016,74,1.6166682956223152e-4
2016,75,1.5472008674373932e-4
2016,76,1.4813806441096888e-4
2016,77,1.4189807389535978e-4
2016,78,1.359790598049551e-4
2016,79,1.3036146647606248e-4
2016,80,1.250271166448794e-4
2016,81,1.1995910110293496e-4
2016,82,1.1514167823706249e-4
2016,83,1.1056018247501963e-4
2016,84,1.0620094076397983e-4
2016,85,1.0205119630272775e-4
2016,86,9.809903883112063e-5
2016,87,9.43333408535518e-5
2016,88,9.074369923800972e-5
2016,89,8.732038168982765e-5
2016,90,8.405427765031782e-5
2016,91,8.093685321591353e-5
2016,92,7.796010971388692e-5
2016,93,7.511654560678022e-5
2016,94,7.239912142985513e-5
2016,95,6.980122749462736e-5
2016,96,6.731665411726353e-5
2016,97,6.4939564153646e-5
2016,98,6.266446764355231e-5
2016,99,6.048619838491587e-5
2016,100,5.839989227576983e-5
2016,101,5.640096727643661e-5
2016,102,5.448510485798072e-5
2016,103,5.264823281507831e-5
2016,104,5.088650933238489e-5
2016,105,4.919630820335669e-5
2016,106,4.757420510939667e-5
2016,107,4.6016964875257486e-5
2016,108,4.452152962393046e-5
2016,109,4.308500776085838e-5
2016,110,4.1704663723298794e-5
2016,111,4.037790843610427e-5
2016,112,3.910229042011533e-5
2016,113,3.787548750385335e-5
2016,114,3.66952990932759e-5
2016,115,3.5559638958070545e-5
2016,116,3.446652849634588e-5
2016,117,3.341409044266162e-5
2016,118,3.240054298715028e-5
2016,119,3.1424194276051703e-5
2016,120,3.0483437266326574e-5
2016,121,2.957674490915944e-5
2016,122,2.87026656391228e-5
2016,123,2.7859819147569662e-5
2016,124,2.7046892420466845e-5
2016,125,2.626263602239023e-5
2016,126,2.550586060978314e-5
2016,127,2.4775433657852523e-5
2016,128,2.4070276386640586e-5
2016,129,2.3389360872881768e-5
2016,130,2.2731707335240523e-5
2016,131,2.2096381581431386e-5
2016,132,2.1482492606558015e-5
2016,133,2.0889190332775714e-5
2016,134,2.0315663481091652e-5
2016,135,1.9761137566769624e-5
2016,136,1.922487301040997e-5
2016,137,1.8706163357331036e-5
2016,138,1.8204333598394257e-5
2016,139,1.7718738585888974e-5
2016,140,1.724876153853313e-5
2016,141,1.6793812630053326e-5
2016,142,1.6353327656183372e-5
2016,143,1.5926766775268892e-5
2016,144,1.5513613317990364e-5
2016,145,1.5113372662014568e-5
2016,146,1.472557116766308e-5
2016,147,1.4349755170944662e-5
2016,148,1.3985490030537211e-5
2016,149,1.3632359225527396e-5
2016,150,1.328996350092297e-5
2016,151,1.2957920058144424e-5
2016,152,1.263586178788208e-5
2016,153,1.2323436542870002e-5
2016,154,1.2020306448283667e-5
2016,155,1.1726147247612238e-5
2016,156,1.1440647681990452e-5
2016,157,1.1163508901100693e-5
2016,158,1.0894443903872175e-5
2016,159,1.063317700731352e-5
2016,160,1.037944334191608e-5
2016,161,1.0132988372161117e-5
2016,162,9.893567440751798e-6
2016,163,9.660945335274039e-6
2016,164,9.434895876068218e-6
2016,165,9.215201524165306e-6
2016,166,9.001653008209154e-6
2016,167,8.794048969350545e-6
2016,168,8.592195623156639e-6
2016,169,8.395906437636608e-6
2016,170,8.205001826535185e-6
2016,171,8.019308857095085e-6
2016,172,7.838660971534987e-6
2016,173,7.662897721532528e-6
2016,174,7.4918645150425095e-6
2016,175,7.325412374817227e-6
2016,176,7.1633977080326926e-6
2016,177,7.005682086456558e-6
2016,178,6.852132036625867e-6
2016,179,6.702618839531213e-6
2016,180,6.557018339332384e-6
2016,181,6.415210760656032e-6
2016,182,6.277080534050404e-6
2016,183,6.142516129195473e-6
2016,184,6.011409895488255e-6
2016,185,5.883657909643132e-6
2016,186,5.759159829967105e-6
2016,187,5.637818756987129e-6
2016,188,5.519541100123912e-6
2016,189,5.404236450123125e-6
2016,190,5.291817456969504e-6
2016,191,5.18219971302382e-6
2016,192,5.075301641136487e-6
2016,193,4.971044387503668e-6
2016,194,4.869351719044413e-6
2016,195,4.770149925088236e-6
2016,196,4.6733677231734545e-6
2016,197,4.578936168766667e-6
2016,198,4.486788568723462e-6
2016,199,4.3968603983190476e-6
2016,200,4.309089221686747e-6
2017,1,0.20314208375213455
2017,2,0.1508014531250695
2017,3,0.10898621635762615
2017,4,0.08091991965916913
2017,5,0.06180579427208905
2017,6,0.04836906465439051
2017,7,0.0386320110925882
2017,8,0.03138698880074382
2017,9,0.025873045533891977
2017,10,0.021594631589925816
2017,11,0.018219092052034334
2017,12,0.015517011996791242
2017,13,0.013326365004450384
2017,14,0.011530290328259588
2017,15,0.010042921014581862
2017,16,0.008800111097985126
2017,17,0.007753226368830716
2017,18,0.006864899072959503
2017,19,0.006106070296406904
2017,20,0.005453894084409692
2017,21,0.004890229066768787
2017,22,0.0044005374776967
2017,23,0.003973071090062047
2017,24,0.003598262109348352
2017,25,0.003268262412142421
2017,26,0.002976591458294834
2017,27,0.002717864710788517
2017,28,0.002487582320265342
2017,29,0.002281963359479774
2017,30,0.002097814797870437
2017,31,0.001932427196328566
2017,32,0.0017834911168666352
2017,33,0.0016490297112983867
2017,34,0.0015273440348884926
2017,35,0.0014169684344981282
2017,36,0.0013166339626069156
2017,37,0.001225238222919532
2017,38,0.0011418203987833447
2017,39,0.001065540480264237
2017,40,9.95661909747401e-4
2017,41,9.315370242250351e-4
2017,42,8.72594795992658e-4
2017,43,8.183304704763751e-4
2017,44,7.682967764806597e-4
2017,45,7.220964449003686e-4
2017,46,6.793758203879307e-4
2017,47,6.398193892845889e-4
2017,48,6.031450783689875e-4
2017,49,5.691002042351839e-4
2017,50,5.374579736175254e-4
2017,51,5.0801445169364e-4
2017,52,4.805859290725553e-4
2017,53,4.550066294068521e-4
2017,54,4.311267088252739e-4
2017,55,4.088105060389327e-4
2017,56,3.879350083278799e-4
2017,57,3.6838850390409183e-4
2017,58,3.5006939556374934e-4
2017,59,3.3288515424099204e-4
2017,60,3.1675139418258175e-4
2017,61,3.0159105408018107e-4
2017,62,2.8733367070745715e-4
2017,63,2.739147334809856e-4
2017,64,2.612751099529869e-4
2017,65,2.493605335961624e-4
2017,66,2.381211463944266e-4
2017,67,2.2751108973957077e-4
2017,68,2.174881379790156e-4
2017,69,2.080133696855609e-4
2017,70,1.990508723446069e-4
2017,71,1.905674766929087e-4
2017,72,1.8253251740828517e-4
2017,73,1.749176172525943e-4
2017,74,1.6769649211970667e-4
2017,75,1.6084477474387915e-4
2017,76,1.5433985508822473e-4
2017,77,1.4816073566349525e-4
2017,78,1.4228790022869527e-4
2017,79,1.3670319450122224e-4
2017,80,1.3138971765858085e-4
2017,81,1.2633172354921512e-4
2017,82,1.2151453064910909e-4
2017,83,1.169244399056542e-4
2017,84,1.1254865970274483e-4
2017,85,1.0837523726266717e-4
2017,86,1.04392995872531e-4
2017,87,1.0059147738687157e-4
2017,88,9.696088951470292e-5
2017,89,9.349205744957318e-5
2017,90,9.01763794458668e-5
2017,91,8.700578598436854e-5
2017,92,8.397270220552935e-5
2017,93,8.107001332049291e-5
2017,94,7.829103273816236e-5
2017,95,7.562947267183005e-5
2017,96,7.307941701148663e-5
2017,97,7.063529626816532e-5
2017,98,6.829186441484339e-5
2017,99,6.604417746472517e-5
2017,100,6.388757364239341e-5
2017,101,6.181765501650655e-5
2017,102,5.9830270474594797e-5
2017,103,5.792149993122846e-5
2017,104,5.608763967049031e-5
2017,105,5.432518873241906e-5
2017,106,5.263083626098536e-5
2017,107,5.100144973830538e-5
2017,108,4.9434064036264736e-5
2017,109,4.7925871222596744e-5
2017,110,4.647421106377236e-5
2017,111,4.5076562171899886e-5
2017,112,4.373053374721698e-5
2017,113,4.243385787175603e-5
2017,114,4.118438231339777e-5
2017,115,3.998006380283829e-5
2017,116,3.881896174901854e-5
2017,117,3.769923236131399e-5
2017,118,3.6619123149302106e-5
2017,119,3.557696777321929e-5
2017,120,3.457118122032303e-5
2017,121,3.360025528429485e-5
2017,122,3.266275432658144e-5
2017,123,3.175731130018289e-5
2017,124,3.088262401787601e-5
2017,125,3.0037451648218432e-5
2017,126,2.922061142392073e-5
2017,127,2.843097554832326e-5
2017,128,2.7667468286761535e-5
2017,129,2.692906323057312e-5
2017,130,2.6214780722389475e-5
2017,131,2.5523685432175146e-5
2017,132,2.4854884074232312e-5
2017,133,2.42075232560862e-5
2017,134,2.358078745080746e-5
2017,135,2.2973897084922455e-5
2017,136,2.2386106734609583e-5
2017,137,2.1816703423385315e-5
2017,138,2.126500501495228e-5
2017,139,2.0730358695314702e-5
2017,140,2.0212139538666424e-5
2017,141,1.970974915192896e-5
2017,142,1.9222614393159473e-5
2017,143,1.8750186159368125e-5
2017,144,1.82919382395796e-5
2017,145,1.7847366229248347e-5
2017,146,1.7415986502389826e-5
2017,147,1.6997335238029407e-5
2017,148,1.6590967497787657e-5
2017,149,1.6196456351626547e-5
2017,150,1.581339204897081e-5
2017,151,1.5441381232594918e-5
2017,152,1.5080046192831696e-5
2017,153,1.4729024159811066e-5
2017,154,1.4387966631580636e-5
2017,155,1.405653873609301e-5
2017,156,1.3734418625168482e-5
2017,157,1.342129689865835e-5
2017,158,1.3116876057141418e-5
2017,159,1.2820869981587648e-5
2017,160,1.2533003438517166e-5
2017,161,1.2253011609270797e-5
2017,162,1.1980639642091188e-5
2017,163,1.171564222578942e-5
2017,164,1.1457783183846132e-5
2017,165,1.1206835087861116e-5
2017,166,1.0962578889330632e-5
2017,167,1.07248035687902e-5
2017,168,1.0493305801414896e-5
2017,169,1.0267889638223287e-5
2017,170,1.0048366202078101e-5
2017,171,9.83455339772303e-6
2017,172,9.626275635138322e-6
2017,173,9.423363565537274e-6
2017,174,9.225653829364472e-6
2017,175,9.032988815691095e-6
2017,176,8.845216432436888e-6
2017,177,8.662189886879159e-6
2017,178,8.483767475938978e-6
2017,179,8.309812385762258e-6
2017,180,8.140192500139428e-6
2017,181,7.97478021733249e-6
2017,182,7.813452274900607e-6
2017,183,7.656089582137607e-6
2017,184,7.502577059755426e-6
2017,185,7.3528034864661666e-6
2017,186,7.206661352134422e-6
2017,187,7.064046717188483e-6
2017,188,6.9248590779945235e-6
2017,189,6.789001237914467e-6
2017,190,6.656379183781462e-6
2017,191,6.52690196754106e-6
2017,192,6.400481592819119e-6
2017,193,6.2770329061892246e-6
2017,194,6.156473492924172e-6
2017,195,6.038723577026928e-6
2017,196,5.923705925346418e-6
2017,197,5.81134575559358e-6
2017,198,5.7015706480819504e-6
2017,199,5.594310461025923e-6
2017,200,5.489497249237967e-6
2018,1,0.1734968779241907
2018,2,0.15033233365016654
2018,3,0.11579885410031306
2018,4,0.08888734324750498
2018,5,0.06919196412260521
2018,6,0.054752466139213064
2018,7,0.04400472656936626
2018,8,0.035863629876019244
2018,9,0.029592015459303893
2018,10,0.02468530730827452
2018,11,0.020792638850408347
2018,12,0.01766566132715172
2018,13,0.015125484087105602
2018,14,0.013041103989799853
2018,15,0.011315110681056392
2018,16,0.009874050711275872
2018,17,0.008661820795758826
2018,18,0.007635063563671404
2018,19,0.006759909241558633
2018,20,0.006009636567132667
2018,21,0.005362971097668093
2018,22,0.004802831827888098
2018,23,0.004315397354289183
2018,24,0.003889402657611409
2018,25,0.003515604267747434
2018,26,0.003186369711287305
2018,27,0.00289535962653291
2018,28,0.0026372796319253135
2018,29,0.0024076851689468176
2018,30,0.0022028269140278492
2018,31,0.002019527503968824
2018,32,0.0018550826103156262
2018,33,0.0017071810796347475
2018,34,0.0015738401015746566
2018,35,0.0014533522959011664
2018,36,0.0013442423087839323
2018,37,0.001245231038399065
2018,38,0.0011552060142103195
2018,39,0.0010731967648754113
2018,40,9.983542498258737e-4
2018,41,9.299336163012472e-4
2018,42,8.672796896778112e-4
2018,43,8.098147198035247e-4
2018,44,7.57027996866449e-4
2018,45,7.084670224806036e-4
2018,46,6.63729979279035e-4
2018,47,6.224592885040837e-4
2018,48,5.84336082300558e-4
2018,49,5.490754475224873e-4
2018,50,5.16422322315677e-4
2018,51,4.8614794667542146e-4
2018,52,4.5804678449583416e-4
2018,53,4.319338480298612e-4
2018,54,0.00040764236672589075
2018,55,3.850217515426092e-4
2018,56,3.639358134233824e-4
2018,57,3.4426120091962783e-4
2018,58,3.2588602721851325e-4
2018,59,3.0870866123886524e-4
2018,60,2.926366611603822e-4
2018,61,2.7758583186708005e-4
2018,62,2.634793904158598e-4
2018,63,2.502472258665796e-4
2018,64,2.378252416979672e-4
2018,65,2.2615477063910245e-4
2018,66,2.1518205311453777e-4
2018,67,2.0485777167003236e-4
2018,68,1.95136634746629e-4
2018,69,1.8597700402939226e-4
2018,70,1.7734056033529168e-4
2018,71,1.6919200364062995e-4
2018,72,1.614987833972964e-4
2018,73,1.542308557618095e-4
2018,74,1.4736046477237542e-4
2018,75,1.4086194486616333e-4
2018,76,1.347115424393683e-4
2018,77,1.2888725442300022e-4
2018,78,1.2336868208316382e-4
2018,79,1.1813689846073521e-4
2018,80,1.1317432804572613e-4
2018,81,1.0846463743977116e-4
2018,82,1.039926358990229e-4
2018,83,9.974418477180441e-5
2018,84,9.57061149528674e-5
2018,85,9.186615157087936e-5
2018,86,8.821284520945279e-5
2018,87,8.473550903602126e-5
2018,88,8.142416127837951e-5
2018,89,7.826947254677353e-5
2018,90,7.526271755096953e-5
2018,91,7.23957308075411e-5
2018,92,6.966086597336174e-5
2018,93,6.705095847760486e-5
2018,94,6.455929115692183e-5
2018,95,6.217956262738617e-5
2018,96,5.9905858152626816e-5
2018,97,5.773262279069635e-5
2018,98,5.565463662293133e-5
2018,99,5.36669918866362e-5
2018,100,5.176507185008722e-5
2018,101,4.9944531283340084e-5
2018,102,4.820127839178611e-5
2018,103,4.6531458091541566e-5
2018,104,4.493143651667479e-5
2018,105,4.3397786658138096e-5
2018,106,4.192727504317077e-5
2018,107,4.051684937197912e-5
2018,108,3.9163627035773176e-5
2018,109,3.7864884446824496e-5
2018,110,3.661804711716854e-5
2018,111,3.5420680427989577e-5
2018,112,3.4270481036625553e-5
2018,113,3.316526887259304e-5
2018,114,3.210297967807842e-5
2018,115,3.108165805202775e-5
2018,116,3.0099450960321404e-5
2018,117,2.9154601677573933e-5
2018,118,2.8245444128885363e-5
2018,119,2.7370397602411675e-5
2018,120,2.6527961805940635e-5
2018,121,2.5716712242780876e-5
2018,122,2.4935295884208113e-5
2018,123,2.4182427117485446e-5
2018,124,2.3456883950098665e-5
2018,125,2.275750445233383e-5
2018,126,2.2083183421685926e-5
2018,127,2.1432869253840417e-5
2018,128,2.0805561006114683e-5
2018,129,2.0200305640300845e-5
2018,130,1.9616195432820768e-5
2018,131,1.9052365540993552e-05
2018,132,1.8507991715035844e-5
2018,133,1.798228814616992e-5
2018,134,1.7474505441908724e-5
2018,135,1.6983928720227787e-5
2018,136,1.6509875814925497e-5
2018,137,1.60516955850164e-5
2018,138,1.560876632150717e-5
2018,139,1.5180494245368794e-5
2018,140,1.4766312090947675e-5
2018,141,1.4365677769456892e-5
2018,142,1.3978073107554933e-5
2018,143,1.3603002656359695e-5
2018,144,1.3239992566561446e-5
2018,145,1.2888589525589379e-5
2018,146,1.2548359753056623e-5
2018,147,1.2218888050960988e-5
2018,148,1.1899776905349872e-5
2018,149,1.1590645636375372e-5
2018,150,1.1291129593864903e-5
2018,151,1.1000879395720634e-5
2018,152,1.0719560206633478e-5
2018,153,1.0446851054758941e-5
2018,154,1.0182444184151981e-5
2018,155,9.926044440898462e-6
2018,156,9.6773686910094e-6
2018,157,9.436145268267056e-6
2018,158,9.202113450323401e-6
2018,159,8.975022961457849e-6
2018,160,8.754633500498542e-6
2018,161,8.540714292503702e-6
2018,162,8.333043662885102e-6
2018,163,8.131408632734774e-6
2018,164,7.93560453419233e-6
2018,165,7.745434644758096e-6
2018,166,7.560709839524167e-6
2018,167,7.381248260355663e-6
2018,168,7.2068750011113355e-6
2018,169,7.037421808046976e-6
2018,170,6.872726794594376e-6
2018,171,6.712634169755613e-6
2018,172,6.556993979396572e-6
2018,173,6.405661859764457e-6
2018,174,6.2584988025931585e-6
2018,175,6.115370931195677e-6
2018,176,5.976149286977848e-6
2018,177,5.84070962583844e-6
2018,178,5.7089322239516485e-6
2018,179,5.580701692455208e-6
2018,180,5.455906800594398e-6
2018,181,5.334440306896797e-6
2018,182,5.216198797976042e-6
2018,183,5.101082534584658e-6
2018,184,4.988995304557116e-6
2018,185,4.879844282302929e-6
2018,186,4.773539894528804e-6
2018,187,4.66999569188553e-6
2018,188,4.569128226251377e-6
2018,189,4.470856933379733e-6
2018,190,4.375104020652436e-6
2018,191,4.281794359694156e-6
2018,192,4.190855383616025e-6
2018,193,4.102216988668587e-6
2018,194,4.0158114400958805e-6
2018,195,3.931573281992629e-6
2018,196,3.849439250977514e-6
2018,197,3.769348193504223e-6
2018,198,3.6912409866417208e-6
2018,199,3.6150604621632455e-6
2018,200,3.540751333791965e-6
2019,1,0.1650150554805725
2019,2,0.15498272642962463
2019,3,0.1222970996085981
2019,4,0.09451815307955741
2019,5,0.0735313675927594
2019,6,0.05793638034756518
2019,7,0.04627037876039472
2019,8,0.03742995974759354
2019,9,0.030635079910796156
2019,10,0.02533998248326607
2019,11,0.021160327168581527
2019,12,0.017822095352824693
2019,13,0.01512715817713393
2019,14,0.012930213566009034
2019,15,0.0111232386261647
2019,16,0.009624888266751924
2019,17,0.008373170138193789
2019,18,0.007320313707552377
2019,19,0.006429127638467584
2019,20,0.005670380214194656
2019,21,0.005020892313791208
2019,22,0.004462133047488794
2019,23,0.003979174323714434
2019,24,0.0035599046882152435
2019,25,0.0031944324959918276
2019,26,0.0028746287680419132
2019,27,0.0025937741037177346
2019,28,0.0023462838152652236
2019,29,0.0021274923704051193
2019,30,0.0019334831667907526
2019,31,0.0017609532207296626
2019,32,0.00160710494087286
2019,33,0.0014695590567903136
2019,34,0.0013462841775837722
2019,35,0.0012355395036754819
2019,36,0.0011358280023666682
2019,37,0.001045857953691607
2019,38,9.645112271577395e-4
2019,39,8.908169981783316e-4
2019,40,8.2392988169798e-4
2019,41,7.631116690669442e-4
2019,42,7.077160170098286e-4
2019,43,6.571755652846956e-4
2019,44,6.10991060398608e-4
2019,45,5.687221426250489e-4
2019,46,5.299795171875869e-4
2019,47,4.944182813723122e-4
2019,48,4.617322202295254e-4
2019,49,4.3164891652511673e-4
2019,50,4.039255473360807e-4
2019,51,3.783452614262537e-4
2019,52,3.5471404928557546e-4
2019,53,3.3285803225483704e-4
2019,54,3.1262110910917673e-4
2019,55,2.938629083307261e-4
2019,56,2.764570024569257e-4
2019,57,2.60289347660583e-4
2019,58,2.4525691735341194e-4
2019,59,2.312665033100365e-4
2019,60,2.182336617489787e-4
2019,61,2.060817851145189e-4
2019,62,1.9474128308732519e-4
2019,63,1.8414885870111556e-4
2019,64,1.7424686743022454e-4
2019,65,1.6498274879842348e-4
2019,66,1.563085214920278e-4
2019,67,1.4818033418084942e-4
2019,68,1.4055806529263793e-4
2019,69,1.3340496587827504e-4
2019,70,1.2668734046946512e-4
2019,71,1.2037426148745645e-4
2019,72,1.1443731332669235e-4
2019,73,1.0885036272491505e-4
2019,74,1.0358935245257181e-4
2019,75,9.86321157191086e-5
2019,76,9.395820901000232e-5
2019,77,8.954876134313782e-5
2019,78,8.538633817218314e-5
2019,79,8.14548183729762e-5
2019,80,7.77392829308163e-5
2019,81,7.422591410556963e-5
2019,82,7.090190399075033e-5
2019,83,6.77553715048393e-5
2019,84,6.477528696035182e-5
2019,85,6.195140345047064e-5
2019,86,5.927419437612831e-5
2019,87,5.673479650966791e-5
2019,88,5.432495805590026e-5
2019,89,5.20369912285639e-5
2019,90,4.98637289108339e-5
2019,91,4.779848501340872e-5
2019,92,4.583501818353596e-5
2019,93,4.396749855374036e-5
2019,94,4.219047725049884e-5
2019,95,4.0498858411155896e-5
2019,96,3.8887873482376655e-5
2019,97,3.735305759575141e-5
2019,98,3.5890227836110726e-5
2019,99,3.449546323594964e-5
2019,100,3.3165086345329804e-5
2019,101,3.189564624095181e-5
2019,102,3.068390285092871e-5
2019,103,2.9526812483335387e-5
2019,104,2.8421514456976634e-5
2019,105,2.736531874214761e-5
2019,106,2.6355694527570015e-5
2019,107,2.5390259637259154e-5
2019,108,2.4466770727915922e-5
2019,109,2.3583114203610986e-5
2019,110,2.2737297790105898e-5
2019,111,2.1927442716207334e-5
2019,112,2.115177645411431e-5
2019,113,2.0408625974864623e-5
2019,114,1.9696411478736547e-5
2019,115,1.9013640563870968e-5
2019,116,1.8358902799473538e-5
2019,117,1.7730864672769096e-5
2019,118,1.7128264881437936e-5
2019,119,1.6549909945593508e-5
2019,120,1.599467011548181e-5
2019,121,1.54614755530163e-5
2019,122,1.4949312767027027e-5
2019,123,1.4457221283711392e-5
2019,124,1.398429053524645e-5
2019,125,1.3529656950866722e-5
2019,126,1.3092501235940062e-5
2019,127,1.2672045825701783e-5
2019,128,1.2267552501336927e-5
2019,129,1.1878320157045156e-5
2019,130,1.1503682707590162e-5
2019,131,1.1143007126629256e-5
2019,132,1.0795691606849646e-5
2019,133,1.0461163833607959e-5
2019,134,1.0138879364385749e-5
2019,135,9.8283201069409e-6
2019,136,9.528992889556747e-6
2019,137,9.240428117270308e-6
2019,138,8.962178508404124e-6
2019,139,8.693817906134408e-6
2019,140,8.434940160203347e-6
2019,141,8.18515807423194e-6
2019,142,7.944102414409292e-6
2019,143,7.711420975630465e-6
2019,144,7.4867777014293936e-6
2019,145,7.269851854305466e-6
2019,146,7.060337233276888e-6
2019,147,6.857941435710823e-6
2019,148,6.662385160680382e-6
2019,149,6.473401551285041e-6
2019,150,6.290735573542855e-6
2019,151,6.114143429622863e-6
2019,152,5.943392003334488e-6
2019,153,5.778258335927801e-6
2019,154,5.6185291303868485e-6
2019,155,5.464000282516743e-6
2019,156,5.314476437235161e-6
2019,157,5.169770568582307e-6
2019,158,5.029703582057886e-6
2019,159,4.894103937983112e-6
2019,160,4.762807294668141e-6
2019,161,4.635656170242243e-6
2019,162,4.512499622076238e-6
2019,163,4.3931929427927125e-6
2019,164,4.277597371923027e-6
2019,165,4.165579822327241e-6
2019,166,4.057012620547929e-6
2019,167,3.951773260319737e-6
2019,168,3.849744168503e-6
2019,169,3.750812482754996e-6
2019,170,3.6548698402930935e-6
2019,171,3.5618121771427627e-6
2019,172,3.4715395372997784e-6
2019,173,3.383955891269591e-6
2019,174,3.298968963478617e-6
2019,175,3.2164900680815375e-6
2019,176,3.1364339527169474e-6
2019,177,3.058718649789145e-6
2019,178,2.9832653348787638e-6
2019,179,2.9099981919072722e-6
2019,180,2.8388442847022635e-6
2019,181,2.7697334346302225e-6
2019,182,2.7025981039825817e-6
2019,183,2.6373732848183266e-6
2019,184,2.5739963929834005e-6
2019,185,2.512407167042341e-6
2019,186,2.4525475718726753e-6
2019,187,2.3943617066862425e-6
2019,188,2.3377957172543813e-6
2019,189,2.2827977121265736e-6
2019,190,2.2293176826432482e-6
2019,191,2.177307426554327e-6
2019,192,2.126720475065438e-6
2019,193,2.0775120231431237e-6
2019,194,2.0296388629194227e-6
2019,195,1.983059320044798e-6
2019,196,1.937733192846297e-6
2019,197,1.8936216941554226e-6
2019,198,1.8506873956773452e-6
2019,199,1.8088941747796928e-6
2019,200,1.7682071635856537e-6
2020,1,0.14910457835768304
2020,2,0.15193501272950735
2020,3,0.1240615403165156
2020,4,0.09764371414024588
2020,5,0.07677763795653372
2020,6,0.06088713349999045
2020,7,0.04881708372311058
2020,8,0.039577672557118616
2020,9,0.03242715067577864
2020,10,0.026828537100997425
2020,11,0.02239507413121476
2020,12,0.018846617841421616
2020,13,0.015978240208127884
2020,14,0.01363832732614958
2020,15,0.01171340092792301
2020,16,0.010117559054500784
2020,17,0.008785068449583313
2020,18,0.0076651140454274385
2020,19,0.006718036151170333
2020,20,0.005912603741309723
2020,21,0.005224017028920807
2020,22,0.004632428948123192
2020,23,0.004121839820820563
2020,24,0.003679263199949496
2020,25,0.00329409073273992
2020,26,0.0029576044787936423
2020,27,0.002662599467276917
2020,28,0.0024030893781794593
2020,29,0.002174075412200252
2020,30,0.001971363565386709
2020,31,0.0017914192545904896
2020,32,0.001631250963876276
2020,33,0.001488316587985436
2020,34,0.0013604476378109086
2020,35,0.0012457875862296047
2020,36,0.0011427414712453197
2020,37,0.0010499345093732551
2020,38,9.661779576684042e-4
2020,39,8.904408357018115e-4
2020,40,8.21826406935878e-4
2020,41,7.595525428785609e-4
2020,42,7.029352683704383e-4
2020,43,6.513749237961223e-4
2020,44,6.043444885066459e-4
2020,45,5.613796957988512e-4
2020,46,5.220706383760298e-4
2020,47,4.8605461810414505e-4
2020,48,4.530100379991182e-4
2020,49,4.226511699907997e-4
2020,50,3.9472366086341513e-4
2020,51,3.6900066224087273e-4
2020,52,3.452794896433416e-4
2020,53,3.2337873133576206e-4
2020,54,3.031357405894637e-4
2020,55,2.844044556168702e-4
2020,56,2.6705350024077806e-4
2020,57,2.50964525663454e-4
2020,58,2.360307597796686e-4
2020,59,2.2215573555169226e-4
2020,60,2.092521742110909e-4
2020,61,1.9724100261629102e-4
2020,62,1.8605048709385993e-4
2020,63,1.756154686212168e-4
2020,64,1.658766863477627e-4
2020,65,1.567801782647078e-4
2020,66,1.4827674937443512e-4
2020,67,1.4032149902201726e-4
2020,68,1.328734001709116e-4
2020,69,1.2589492436212733e-4
2020,70,1.1935170691644882e-4
2020,71,1.1321224764365558e-4
2020,72,1.074476429286107e-4
2020,73,1.0203134558640032e-4
2020,74,9.693894932971807e-5
2020,75,9.214799508187353e-5
2020,76,8.76377967069268e-5
2020,77,8.33892840219983e-5
2020,78,7.93848612120267e-5
2020,79,7.560827898956702e-5
2020,80,7.204451903614485e-5
2020,81,6.867968943111705e-5
2020,82,6.550092992225685e-5
2020,83,6.249632602219881e-5
2020,84,5.9654831028912326e-5
2020,85,5.6966195168566756e-5
2020,86,5.442090114734828e-5
2020,87,5.201010547649343e-5
2020,88,4.972558500338818e-5
2020,89,4.7559688142160825e-5
2020,90,4.5505290350806026e-5
2020,91,4.3555753449350584e-5
2020,92,4.170488841567751e-5
2020,93,3.994692133300987e-5
2020,94,3.827646219628751e-5
2020,95,3.668847631424322e-5
2020,96,3.51782580703365e-5
2020,97,3.374140682919926e-5
2020,98,3.237380479623468e-5
2020,99,3.107159665676209e-5
2020,100,2.9831170837882916e-5
2020,101,2.8649142251270607e-5
2020,102,2.7522336388560766e-5
2020,103,2.6447774653110358e-5
2020,104,2.5422660822755387e-5
2020,105,2.4444368547960554e-5
2020,106,2.351042979854451e-5
2020,107,2.261852418007819e-5
2020,108,2.1766469048191158e-5
2020,109,2.0952210355460683e-5
2020,110,2.0173814171371616e-5
2020,111,1.942945882109551e-5
2020,112,1.871742759358767e-5
2020,113,1.8036101973811073e-5
2020,114,1.7383955357792184e-5
2020,115,1.675954721275421e-5
2020,116,1.6161517647782064e-5
2020,117,1.5588582363388325e-5
2020,118,1.5039527951000266e-5
2020,119,1.451320751579666e-5
2020,120,1.400853659851793e-5
2020,121,1.3524489373870221e-5
2020,122,1.30600951049662e-5
2020,123,1.2614434834905113e-5
2020,124,1.2186638298112507e-5
2020,125,1.1775881035444077e-5
2020,126,1.1381381698322944e-5
2020,127,1.10023995283393e-5
2020,128,1.0638231999798782e-5
2020,129,1.0288212613677004e-5
2020,130,9.95170883232624e-6
2020,131,9.628120145095173e-6
2020,132,9.316876255770512e-6
2020,133,9.017435383435195e-6
2020,134,8.729282668968748e-6
2020,135,8.451928679993997e-6
2020,136,8.184908007608115e-6
2020,137,7.927777948724697e-6
2020,138,7.680117268306049e-6
2020,139,7.441525036179899e-6
2020,140,7.211619533517414e-6
2020,141,6.990037224403333e-6
2020,142,6.776431788254234e-6
2020,143,6.570473209141615e-6
2020,144,6.371846918354767e-6
2020,145,6.180252986794534e-6
2020,146,5.995405364026089e-6
2020,147,5.817031161038943e-6
2020,148,5.644869973964593e-6
2020,149,5.478673246190833e-6
2020,150,5.318203666485281e-6
2020,151,5.163234600902201e-6
2020,152,5.013549556396412e-6
2020,153,4.868941674206304e-6
2020,154,4.729213251197027e-6
2020,155,4.5941752874743976e-6
2020,156,4.463647058690498e-6
2020,157,4.3374557115658895e-6
2020,158,4.215435881248299e-6
2020,159,4.097429329217315e-6
2020,160,3.983284600527249e-6
2020,161,3.872856699257557e-6
2020,162,3.766006781112042e-6
2020,163,3.6626018621747756e-6
2020,164,3.5625145428934353e-6
2020,165,3.4656227464182878e-6
2020,166,3.3718094704796903e-6
2020,167,3.2809625520374314e-6
2020,168,3.1929744439821422e-6
2020,169,3.107742003213461e-6
2020,170,3.0251662894604487e-6
2020,171,2.945152374248334e-6
2020,172,2.867609159451519e-6
2020,173,2.7924492049063756e-6
2020,174,2.719588564588893e-6
2020,175,2.6489466308912656e-6
2020,176,2.580445986559488e-6
2020,177,2.5140122638793846e-6
2020,178,2.4495740107228844e-6
2020,179,2.387062563088699e-6
2020,180,2.326411923792952e-6
2020,181,2.267558646985105e-6
2020,182,2.210441728183025e-6
2020,183,2.1550024995386214e-6
2020,184,2.1011845300619413e-6
2020,185,2.048933530546721e-6
2020,186,1.998197262955144e-6
2020,187,1.9489254540330223e-6
2020,188,1.9010697129391752e-6
2020,189,1.8545834526851358e-6
2020,190,1.809421815192227e-6
2020,191,1.765541599783882e-6
2020,192,1.722901194940919e-6
2020,193,1.681460513156898e-6
2020,194,1.6411809287395744e-6
2020,195,1.6020252184126449e-6
2020,196,1.5639575045799562e-6
2020,197,1.5269432011215677e-6
2020,198,1.4909489615982058e-6
2020,199,1.4559426297469372e-6
2020,200,1.4218931921573236e-6
2021,1,0.15218989329096866
2021,2,0.1479030234414835
2021,3,0.11937679011657391
2021,4,0.09386138224305669
2021,5,0.07405036216968046
2021,6,0.05904241917841689
2021,7,0.04764409967172511
2021,8,0.03889694504008038
2021,9,0.0321003670577703
2021,10,0.026753022178112817
2021,11,0.02249576231752678
2021,12,0.019068961616971355
2021,13,0.016282690728204655
2021,14,0.013996238573974931
2021,15,0.012104048284134446
2021,16,0.01052598374716523
2021,17,0.009200520248546928
2021,18,0.008079923563602267
2021,19,0.007126795129719704
2021,20,0.006311566557683717
2021,21,0.00561066172294348
2021,22,0.00500513382924003
2021,23,0.004479644261677118
2021,24,0.004021690076584318
2021,25,0.0036210142418190484
2021,26,0.0032691515217330583
2021,27,0.002959075979395559
2021,28,0.002684925273479353
2021,29,0.002441783472327964
2021,30,0.002225508807406361
2021,31,0.0020325961945783766
2021,32,0.001860066842485365
2021,33,0.0017053791042163972
2021,34,0.00156635609408497
2021,35,0.0014411266143862698
2021,36,0.0013280767090440113
2021,37,0.0012258097477188612
2021,38,0.0011331133927096875
2021,39,0.0010489321464233253
2021,40,9.723444447086764e-4
2021,41,9.025434697193728e-4
2021,42,8.388210191589649e-4
2021,43,7.80553897242789e-4
2021,44,7.271923943740964e-4
2021,45,6.782505033645005e-4
2021,46,6.332975845964862e-4
2021,47,5.919512443304805e-4
2021,48,5.538712321011213e-4
2021,49,5.187541969193789e-4
2021,50,4.863291694286254e-4
2021,51,4.5635365952869706e-4
2021,52,4.286102772844298e-4
2021,53,4.0290379996516505e-4
2021,54,3.7905862044633313e-4
2021,55,3.569165224424969e-4
2021,56,3.363347365319452e-4
2021,57,3.1718423799590345e-4
2021,58,2.9934825338809307e-4
2021,59,2.8272094768073735e-4
2021,60,2.672062679697031e-4
2021,61,2.5271692320140773e-4
2021,62,2.3917348231924823e-4
2021,63,2.2650357570910392e-4
2021,64,2.1464118692714367e-4
2021,65,2.0352602348047428e-4
2021,66,1.931029569532358e-4
2021,67,1.8332152406979292e-4
2021,68,1.7413548139779835e-4
2021,69,1.6550240734628313e-4
2021,70,1.573833459319146e-4
2021,71,1.4974248749054169e-4
2021,72,1.4254688211814105e-4
2021,73,1.3576618214968276e-4
2021,74,1.2937241043828196e-4
2021,75,1.233397515905221e-4
2021,76,1.1764436365559994e-4
2021,77,1.1226420806332472e-4
2021,78,1.071788958651185e-4
2021,79,1.0236954855837754e-4
2021,80,9.781867197230335e-5
2021,81,9.351004186646086e-5
2021,82,8.942860004517387e-5
2021,83,8.556035992420329e-5
2021,84,8.189232060344236e-5
2021,85,7.841238860264127e-5
2021,86,7.510930650826402e-5
2021,87,7.197258786001928e-5
2021,88,6.899245767673818e-5
2021,89,6.615979808424497e-5
2021,90,6.346609856369443e-5
2021,91,6.09034103884073e-5
2021,92,5.8464304861260085e-5
2021,93,5.614183500387351e-5
2021,94,5.39295003837296e-5
2021,95,5.1821214796473696e-5
2021,96,4.981127654843198e-5
2021,97,4.789434110920241e-5
2021,98,4.6065395926387325e-5
2021,99,4.431973721442656e-5
2021,100,4.265294854731926e-5
2021,101,4.106088110103001e-5
2021,102,3.953963540573976e-5
2021,103,3.808554448103426e-5
2021,104,3.66951582387494e-5
2021,105,3.53652290486697e-5
2021,106,3.40926983717268e-5
2021,107,3.287468437386707e-5
2021,108,3.1708470441458476e-5
2021,109,3.059149452607008e-5
2021,110,2.9521339252752935e-5
2021,111,2.8495722731658755e-5
2021,112,2.7512490017997364e-5
2021,113,2.6569605170027296e-5
2021,114,2.5665143859025907e-5
2021,115,2.4797286489053248e-5
2021,116,2.39643117878397e-5
2021,117,2.316459083332381e-5
2021,118,2.239658148328009e-5
2021,119,2.165882317812764e-5
2021,120,2.0949932089432522e-5
2021,121,2.0268596588821377e-5
2021,122,1.96135730140411e-5
2021,123,1.898368171074014e-5
2021,124,1.8377803330231306e-5
2021,125,1.7794875365037078e-5
2021,126,1.7233888905426973e-5
2021,127,1.66938856014515e-5
2021,128,1.617395481615992e-5
2021,129,1.5673230956775596e-5
2021,130,1.5190890971601422e-5
2021,131,1.4726152001342109e-5
2021,132,1.4278269174372883e-5
2021,133,1.3846533536257566e-5
2021,134,1.3430270104531278e-5
2021,135,1.3028836040417873e-5
2021,136,1.2641618929756916e-5
2021,137,1.2268035165970193e-5
2021,138,1.1907528428411608e-5
2021,139,1.1559568249917162e-5
2021,140,1.122364866780849e-5
2021,141,1.0899286953007429e-5
2021,142,1.0586022412291122e-5
2021,143,1.028341525906232e-5
2021,144,9.991045548328265e-6
2021,145,9.708512171876536e-6
2021,146,9.4354319099090035e-06
2021,147,9.171438535649001e-6
2021,148,8.916181969669988e-6
2021,149,8.669327480912606e-6
2021,150,8.430554931558258e-6
2021,151,8.199558063113931e-6
2021,152,7.97604382123801e-6
2021,153,7.759731716997162e-6
2021,154,7.550353222394773e-6
2021,155,7.347651198151329e-6
2021,156,7.151379351845905e-6
2021,157,6.961301724649611e-6
2021,158,6.777192204993681e-6
2021,159,6.598834067619634e-6
2021,160,6.426019536556374e-6
2021,161,6.258549370660307e-6
2021,162,6.096232470438885e-6
2021,163,5.938885504957072e-6
2021,164,5.786332557700469e-6
2021,165,5.638404790336927e-6
2021,166,5.4949401233833236e-6
2021,167,5.3557829328443495e-6
2021,168,5.220783761945516e-6
2021,169,5.089799047136084e-6
2021,170,4.962690857586127e-6
2021,171,4.83932664744774e-6
2021,172,4.719579020193988e-6
2021,173,4.603325504388762e-6
2021,174,4.4904483402790845e-6
2021,175,4.380834276635929e-6
2021,176,4.274374377303605e-6
2021,177,4.17096383694795e-6
2021,178,4.0705018055234985e-6
2021,179,3.972891221006259e-6
2021,180,3.878038649965104e-6
2021,181,3.785854135568365e-6
2021,182,3.6962510526450177e-6
2021,183,3.6091459694409824e-6
2021,184,3.5244585157311794e-6
2021,185,3.4421112569663594e-6
2021,186,3.3620295741518506e-6
2021,187,3.284141549171541e-6
2021,188,3.2083778552861365e-6
2021,189,3.134671652549546e-6
2021,190,3.0629584879009144e-6
2021,191,2.993176199702808e-6
2021,192,2.92526482650852e-6
2021,193,2.859166519852744e-6
2021,194,2.79482546087102e-6
2021,195,2.7321877805633866e-6
2021,196,2.6712014835274783e-06
2021,197,2.6118163749954124e-6
2021,198,2.5539839910174867e-6
2021,199,2.497657531643581e-6
2021,200,2.4427917969612236e-6
2022,1,0.16767048319186637
2022,2,0.15579292214883372
2022,3,0.12230178506971914
2022,4,0.0942222194579822
2022,5,0.07314171076358882
2022,6,0.05753755166589329
2022,7,0.04589589836562273
2022,8,0.037091417964341254
2022,9,0.030334553499794206
2022,10,0.025075540235859888
2022,11,0.020928529043580772
2022,12,0.017619129972143228
2022,13,0.014949345714114227
2022,14,0.012774208326333844
2022,15,0.010986089767470678
2022,16,0.009504035324172527
2022,17,0.00826641081791069
2022,18,0.007225762177247742
2022,19,0.00634517196303221
2022,20,0.005595642782598734
2022,21,0.004954194708609575
2022,22,0.0044024656418541995
2022,23,0.003925670352195661
2022,24,0.003511818319643718
2022,25,0.0031511203772002956
2022,26,0.0028355345242719386
2022,27,0.002558415330825672
2022,28,0.002314241158811442
2022,29,0.00209840034650298
2022,30,0.001907022434391297
2022,31,0.001736844063055682
2022,32,0.0015851017547511724
2022,33,0.0014494456831356882
2022,34,0.0013278699350184682
2022,35,0.0012186558110477386
2022,36,0.0011203254955440278
2022,37,0.0010316040181516319
2022,38,9.513878811841116e-4
2022,39,8.787190724040636e-4
2022,40,8.12763449743653e-4
2022,41,7.527926914499622e-4
2022,42,6.981691666371096e-4
2022,43,6.483332079200604e-4
2022,44,6.02792367708164e-4
2022,45,5.611123189044401e-4
2022,46,5.229091237908247e-4
2022,47,4.878426452960793e-4
2022,48,4.5561091534369495e-4
2022,49,4.259453076484129e-4
2022,50,3.9860638879175646e-4
2022,51,3.733803429224559e-4
2022,52,3.500758829866451e-4
2022,53,3.285215757743901e-4
2022,54,3.0856351988912094e-4
2022,55,2.900633254937195e-4
2022,56,2.728963527507507e-4
2022,57,2.569501725661729e-4
2022,58,2.4212321881594956e-4
2022,59,2.2832360588483837e-4
2022,60,2.1546808923923294e-4
2022,61,2.0348115002347274e-4
2022,62,1.922941874191756e-4
2022,63,1.8184480482765405e-4
2022,64,1.7207617789843932e-4
2022,65,1.6293649409133667e-4
2022,66,1.5437845487406156e-4
2022,67,1.4635883286251422e-4
2022,68,1.3883807723950027e-4
2022,69,1.317799616678347e-4
2022,70,1.2515126966831922e-4
2022,71,1.18921513081303e-4
2022,72,1.1306267978847235e-4
2022,73,1.0754900735269695e-4
2022,74,1.0235677964949134e-4
2022,75,9.746414392351323e-5
2022,76,9.285094601554838e-5
2022,77,8.84985817764767e-5
2022,78,8.438986292053167e-5
2022,79,8.050889577568621e-5
2022,80,7.684097156839941e-5
2022,81,7.337246703679559e-5
2022,82,7.009075430367986e-5
2022,83,6.698411906121608e-5
2022,84,6.404168622485292e-5
2022,85,6.125335230708092e-5
2022,86,5.8609723843514486e-5
2022,87,5.610206127601115e-5
2022,88,5.372222776132957e-5
2022,89,5.146264243020611e-5
2022,90,4.931623767166219e-5
2022,91,4.727642006159988e-5
2022,92,4.533703459401686e-5
2022,93,4.349233190806688e-5
2022,94,4.1736938235231086e-5
2022,95,4.006582781851346e-5
2022,96,3.847429758022026e-5
2022,97,3.695794383688213e-5
2022,98,3.551264087953997e-5
2022,99,3.4134521255195056e-5
2022,100,3.2819957600970015e-5
2022,101,3.156554589664104e-5
2022,102,3.0368090013859794e-5
2022,103,2.9224587451757144e-5
2022,104,2.813221615884307e-5
2022,105,2.7088322350311397e-5
2022,106,2.609040923814656e-5
2022,107,2.5136126598892707e-5
2022,108,2.422326111068507e-5
2022,109,2.334972739722708e-5
2022,110,2.2513559721894534e-5
2022,111,2.1712904280124537e-5
2022,112,2.094601204274691e-5
2022,113,2.0211232106999616e-5
2022,114,1.9507005515666792e-5
2022,115,1.883185950813676e-5
2022,116,1.8184402170227683e-5
2022,117,1.756331745239876e-5
2022,118,1.6967360528487597e-5
2022,119,1.6395353469407635e-5
2022,120,1.584618120833159e-5
2022,121,1.531878777579142e-5
2022,122,1.4812172784864199e-5
2022,123,1.4325388148199658e-5
2022,124,1.3857535010095213e-5
2022,125,1.3407760878149275e-5
2022,126,1.2975256940234482e-5
2022,127,1.2559255553643576e-5
2022,128,1.215902789427508e-5
2022,129,1.1773881754657612e-5
2022,130,1.1403159480465456e-5
2022,131,1.1046236035961254e-5
2022,132,1.0702517189521036e-5
2022,133,1.0371437811057728e-5
2022,134,1.0052460273766283e-5
2022,135,9.745072953172682e-6
2022,136,9.448788816982989e-6
2022,137,9.163144099701703e-6
2022,138,8.887697056425396e-6
2022,139,8.622026790619294e-6
2022,140,8.365732151054885e-6
2022,141,8.118430693429728e-6
2022,142,7.879757702505636e-6
2022,143,7.649365270893392e-6
2022,144,7.426921430882445e-6
2022,145,7.212109335962766e-6
2022,146,7.004626488916762e-6
2022,147,6.804184013573238e-6
2022,148,6.610505967512604e-6
2022,149,6.42332869319594e-6
2022,150,6.2424002051604835e-6
2022,151,6.067479611081173e-6
2022,152,5.89833656464465e-6
2022,153,5.734750748317056e-6
2022,154,5.576511384213312e-6
2022,155,5.423416771392568e-6
2022,156,5.275273848012865e-6
2022,157,5.1318977768797965e-6
2022,158,4.993111553017321e-6
2022,159,4.858745631977068e-6
2022,160,4.728637577683257e-6
2022,161,4.60263172868702e-6
2022,162,4.48057888177405e-6
2022,163,4.3623359919355355e-06
2022,164,4.247765887774204e-6
2022,165,4.136737001473975e-6
2022,166,4.0291231125157745e-6
2022,167,3.924803104372003e-6
2022,168,3.823660733458256e-6
2022,169,3.7255844096652474e-6
2022,170,3.6304669878341475e-6
2022,171,3.5382055695767054e-6
2022,172,3.4487013148773313e-6
2022,173,3.3618592629473862e-6
2022,174,3.2775881618335773e-6
2022,175,3.1958003063108844e-6
2022,176,3.1164113836185795e-6
2022,177,3.039340326622857e-6
2022,178,2.9645091740142486e-6
2022,179,2.8918429371699536e-6
2022,180,2.821269473332691e-6
2022,181,2.75271936477752e-6
2022,182,2.6861258036564633e-6
2022,183,2.621424482228388e-6
2022,184,2.5585534881980784e-6
2022,185,2.497453204903542e-6
2022,186,2.4380662161054554e-6
2022,187,2.3803372151460644e-6
2022,188,2.324212918257492e-6
2022,189,2.2696419818118552e-6
2022,190,2.216574923316564e-6
2022,191,2.164964045968946e-6
2022,192,2.1147633665944655e-6
2022,193,2.0659285468020652e-6
2022,194,2.0184168271992613e-6
2022,195,1.972186964517867e-6
2022,196,1.927199171509136e-6
2022,197,1.8834150594746789e-6
2022,198,1.8407975833063786e-6
2022,199,1.7993109889152216e-6
2022,200,1.758920762935297e-6
2023,1,0.16095155534333377
2023,2,0.16407761073745655
2023,3,0.13165257163934516
2023,4,0.10152986958758373
2023,5,0.0782262955872743
2023,6,0.060834275805417656
2023,7,0.047875624250429766
2023,8,0.03813543397344978
2023,9,0.030726612913193077
2023,10,0.02502018489706705
2023,11,0.02057131396122662
2023,12,0.017063090630841674
2023,13,0.014267239187544774
2023,14,0.012017302240374991
2023,15,0.010190390454578674
2023,16,0.008694686291706707
2023,17,0.007460802947424416
2023,18,0.006435740658510017
2023,19,0.005578609265478847
2023,20,0.004857565041595815
2023,21,0.0042475919524579955
2023,22,0.003728876952981232
2023,23,0.0032856079028837585
2023,24,0.0029050754229097784
2023,25,0.0025769956154609182
2023,26,0.002292994868707036
2023,27,0.002046214723304658
2023,28,0.0018310064652018196
2023,29,0.001642693337162087
2023,30,0.0014773841142759526
2023,31,0.001331825990281618
2023,32,0.0012032877648302939
2023,33,0.0010894665450453484
2023,34,9.884128120699752e-4
2023,35,8.984699185247394e-4
2023,36,8.182249914002598e-4
2023,37,7.464688990470736e-4
2023,38,6.821634595117556e-4
2023,39,6.244144630879742e-4
2023,40,5.724493856109787e-4
2023,41,5.255989034642145e-4
2023,42,4.83281503279863e-4
2023,43,4.449906213826556e-4
2023,44,4.1028385948424257e-4
2023,45,3.7877391100936663e-4
2023,46,3.501209020423386e-4
2023,47,3.240259062701343e-4
2023,48,3.0022543756344245e-4
2023,49,2.7848675936112237e-4
2023,50,2.586038786475568e-4
2023,51,2.4039411546625353e-4
2023,52,2.2369515771191887e-4
2023,53,2.0836252626145742e-4
2023,54,1.9426738802963322e-4
2023,55,1.8129466481117256e-4
2023,56,1.6934139422909982e-4
2023,57,1.5831530609253694e-4
2023,58,1.4813358325064957e-4
2023,59,1.3872178083308855e-4
2023,60,1.300128817685061e-4
2023,61,1.2194646981469983e-4
2023,62,1.1446800413274956e-4
2023,63,1.0752818178745285e-4
2023,64,1.0108237653441513e-4
2023,65,9.50901439231761e-5
2023,66,8.951478415738907e-5
2023,67,8.432295534971684e-5
2023,68,7.948433082580382e-5
2023,69,7.497129499733023e-5
2023,70,7.075867306276912e-5
2023,71,6.682349042597231e-5
2023,72,6.314475826371625e-5
2023,73,5.97032821377297e-5
2023,74,5.648149094607571e-5
2023,75,5.346328385285414e-5
2023,76,5.0633893132160156e-5
2023,77,4.7979761119032453e-5
2023,78,4.5488429682512914e-5
2023,79,4.314844082889797e-5
2023,80,4.0949247210924546e-5
2023,81,3.888113146455998e-5
2023,82,3.6935133422277415e-5
2023,83,3.510298436274622e-5
2023,84,3.337704755397172e-5
2023,85,3.175026443192786e-5
2023,86,3.0216105831279582e-5
2023,87,2.876852775023623e-5
2023,88,2.740193118913484e-5
2023,89,2.611112565301014e-5
2023,90,2.4891295953075594e-5
2023,91,2.3737971981461334e-5
2023,92,2.2647001168392055e-5
2023,93,2.161452336181804e-5
2023,94,2.0636947896818556e-5
2023,95,1.971093264631908e-5
2023,96,1.8833364866169966e-5
2023,97,1.8001343666751072e-5
2023,98,1.72121639602805e-5
2023,99,1.64633017481611e-5
2023,100,1.5752400626215048e-5
2023,101,1.5077259397723927e-5
2023,102,1.4435820694973104e-5
2023,103,1.3826160519647509e-5
2023,104,1.3246478621061473e-5
2023,105,1.2695089638946173e-5
2023,106,1.2170414944464889e-5
2023,107,1.1670975119360636e-5
2023,108,1.1195383018746059e-5
2023,109,1.0742337368088587e-5
2023,110,1.0310616849481877e-5
2023,111,9.899074636387165e-6
2023,112,9.506633339716445e-6
2023,113,9.132280331461483e-6
2023,114,8.775063415080246e-6
2023,115,8.434086814573487e-6
2023,116,8.108507456646043e-6
2023,117,7.797531522576285e-6
2023,118,7.500411248437457e-6
2023,119,7.216441954146973e-6
2023,120,6.944959283482907e-6
2023,121,6.685336638717093e-6
2023,122,6.436982794887845e-6
2023,123,6.1993396799829814e-6
2023,124,5.971880308442013e-6
2023,125,5.754106856420875e-6
2023,126,5.545548868206105e-6
2023,127,5.345761584026977e-6
2023,128,5.154324380299081e-6
2023,129,4.9708393140503375e-6
2023,130,4.794929763936324e-6
2023,131,4.626239160851161e-6
2023,132,4.46442980168885e-6
2023,133,4.3091817403122684e-6
2023,134,4.160191750246927e-6
2023,135,4.01717235403866e-6
2023,136,3.879850914601115e-6
2023,137,3.7479687842337224e-6
2023,138,3.621280507317195e-6
2023,139,3.499553072992901e-6
2023,140,3.382565214407502e-6
2023,141,3.270106751358082e-6
2023,142,3.1619779734054124e-6
2023,143,3.057989060737864e-6
2023,144,2.957959540266118e-6
2023,145,2.8617177746110474e-6
2023,146,2.7691004818147926e-6
2023,147,2.679952283760683e-6
2023,148,2.594125281430103e-6
2023,149,2.5114786552570154e-6
2023,150,2.4318782889627232e-6
2023,151,2.3551964153663127e-6
2023,152,2.2813112827708272e-6
2023,153,2.210106840621558e-6
2023,154,2.1414724432224565e-6
2023,155,2.075302570379424e-6
2023,156,2.0114965639158832e-6
2023,157,1.9499583790774432e-6
2023,158,1.8905963499080635e-6
2023,159,1.8333229677417123e-6
2023,160,1.7780546720099864e-6
2023,161,1.724711652619193e-6
2023,162,1.6732176631992555e-6
2023,163,1.6234998445722701e-6
2023,164,1.5754885578312185e-6
2023,165,1.529117226458263e-6
2023,166,1.484322186949052e-6
2023,167,1.441042547443533e-6
2023,168,1.3992200538952802e-6
2023,169,1.3587989633412767e-6
2023,170,1.3197259238614708e-6
2023,171,1.2819498608431506e-6
2023,172,1.245421869189207e-6
2023,173,1.210095111131698e-6
2023,174,1.175924719333069e-6
2023,175,1.1428677049766962e-6
2023,176,1.1108828705669017e-6
2023,177,1.0799307271753214e-6
2023,178,1.049973415886619e-6
2023,179,1.0209746332112594e-6
2023,180,9.928995602470424e-7
2023,181,9.657147953840542e-7
2023,182,9.393882903599215e-7
2023,183,9.138892894835328e-7
2023,184,8.891882718562763e-7
2023,185,8.65256896429554e-7
2023,186,8.420679497469789e-7
2023,187,8.195952962282895e-7
2023,188,7.978138308602216e-7
2023,189,7.766994341674766e-7
2023,190,7.562289293439774e-7
2023,191,7.36380041431524e-7
2023,192,7.171313584393276e-7
2023,193,6.984622943038681e-7
2023,194,6.803530535941881e-7
2023,195,6.627845978730407e-7
2023,196,6.457386136292066e-7
2023,197,6.291974817011234e-7
2023,198,6.131442481162021e-7
2023,199,5.97562596274481e-7
2023,200,5.824368204090799e-7
